#
# A fatal error has been detected by the Java Runtime Environment:
#
#  EXCEPTION_ACCESS_VIOLATION (0xc0000005) at pc=0x00007ffc5e821c01, pid=11968, tid=19172
#
# JRE version: OpenJDK Runtime Environment JBR-21.0.5+8-631.28-jcef (21.0.5+8) (build 21.0.5+8-b631.28)
# Java VM: OpenJDK 64-Bit Server VM JBR-21.0.5+8-631.28-jcef (21.0.5+8-b631.28, mixed mode, sharing, tiered, compressed oops, compressed class ptrs, g1 gc, windows-amd64)
# Problematic frame:
# C  [awt.dll+0xe1c01]
#
# No core dump will be written. Minidumps are not enabled by default on client versions of Windows
#
# If you would like to submit a bug report, please visit:
#   https://youtrack.jetbrains.com/issues/JBR
# The crash happened outside the Java Virtual Machine in native code.
# See problematic frame for where to report the bug.
#

---------------  S U M M A R Y ------------

Command Line: abort vfprintf -XX:ErrorFile=C:\Users\Administrator\java_error_in_idea_%p.log -XX:HeapDumpPath=C:\Users\Administrator\java_error_in_idea.hprof -Xms128m -Xmx2048m -XX:ReservedCodeCacheSize=512m -XX:+HeapDumpOnOutOfMemoryError -XX:-OmitStackTraceInFastThrow -XX:CICompilerCount=2 -XX:+IgnoreUnrecognizedVMOptions -ea -Dsun.io.useCanonCaches=false -Dsun.java2d.metal=true -Djbr.catch.SIGABRT=true -Djdk.http.auth.tunneling.disabledSchemes="" -Djdk.attach.allowAttachSelf=true -Djdk.module.illegalAccess.silent=true -Djdk.nio.maxCachedBufferSize=2097152 -Djava.util.zip.use.nio.for.zip.file.access=true -Dkotlinx.coroutines.debug=off -XX:+UnlockDiagnosticVMOptions -XX:TieredOldPercentage=100000 -Dllm.show.ai.promotion.window.on.start=false -Dwsl.use.remote.agent.for.nio.filesystem=true -Djava.nio.file.spi.DefaultFileSystemProvider=com.intellij.platform.core.nio.fs.MultiRoutingFileSystemProvider -Djava.security.manager=com.intellij.platform.core.nio.fs.CoreBootstrapSecurityManager -Djb.vmOptionsFile=C:\Program Files\JetBrains\IntelliJ IDEA Community Edition 2024.3.1.1\bin/idea64.exe.vmoptions -Djava.system.class.loader=com.intellij.util.lang.PathClassLoader -Didea.vendor.name=JetBrains -Didea.paths.selector=IdeaIC2024.3 -Djna.boot.library.path=C:\Program Files\JetBrains\IntelliJ IDEA Community Edition 2024.3.1.1/lib/jna/amd64 -Dpty4j.preferred.native.folder=C:\Program Files\JetBrains\IntelliJ IDEA Community Edition 2024.3.1.1/lib/pty4j -Djna.nosys=true -Djna.noclasspath=true -Dintellij.platform.runtime.repository.path=C:\Program Files\JetBrains\IntelliJ IDEA Community Edition 2024.3.1.1/modules/module-descriptors.jar -Didea.platform.prefix=Idea -Dsplash=true -Daether.connector.resumeDownloads=false -Dcompose.swing.render.on.graphics=true --add-opens=java.base/java.io=ALL-UNNAMED --add-opens=java.base/java.lang=ALL-UNNAMED --add-opens=java.base/java.lang.ref=ALL-UNNAMED --add-opens=java.base/java.lang.reflect=ALL-UNNAMED --add-opens=java.base/java.net=ALL-UNNAMED --add-opens=java.base/java.nio=ALL-UNNAMED --add-opens=java.base/java.nio.charset=ALL-UNNAMED --add-opens=java.base/java.text=ALL-UNNAMED --add-opens=java.base/java.time=ALL-UNNAMED --add-opens=java.base/java.util=ALL-UNNAMED --add-opens=java.base/java.util.concurrent=ALL-UNNAMED --add-opens=java.base/java.util.concurrent.atomic=ALL-UNNAMED --add-opens=java.base/java.util.concurrent.locks=ALL-UNNAMED --add-opens=java.base/jdk.internal.vm=ALL-UNNAMED --add-opens=java.base/sun.net.dns=ALL-UNNAMED --add-opens=java.base/sun.nio.ch=ALL-UNNAMED --add-opens=java.base/sun.nio.fs=ALL-UNNAMED --add-opens=java.base/sun.security.ssl=ALL-UNNAMED --add-opens=java.base/sun.security.util=ALL-UNNAMED --add-opens=java.desktop/com.sun.java.swing=ALL-UNNAMED --add-opens=java.desktop/java.awt=ALL-UNNAMED --add-opens=java.desktop/java.awt.dnd.peer=ALL-UNNAMED --add-opens=java.desktop/java.awt.event=ALL-UNNAMED --add-opens=java.desktop/java.awt.font=ALL-UNNAMED --add-opens=java.desktop/java.awt.image=ALL-UNNAMED --add-opens=java.desktop/java.awt.peer=ALL-UNNAMED --add-opens=java.desktop/javax.swing=ALL-UNNAMED --add-opens=java.desktop/javax.swing.plaf.basic=ALL-UNNAMED --add-opens=java.desktop/javax.swing.text=ALL-UNNAMED --add-opens=java.desktop/javax.swing.text.html=ALL-UNNAMED --add-opens=java.desktop/sun.awt=ALL-UNNAMED --add-opens=java.desktop/sun.awt.datatransfer=ALL-UNNAMED --add-opens=java.desktop/sun.awt.image=ALL-UNNAMED --add-opens=java.desktop/sun.awt.windows=ALL-UNNAMED --add-opens=java.desktop/sun.font=ALL-UNNAMED --add-opens=java.desktop/sun.java2d=ALL-UNNAMED --add-opens=java.desktop/sun.swing=ALL-UNNAMED --add-opens=java.management/sun.management=ALL-UNNAMED --add-opens=jdk.attach/sun.tools.attach=ALL-UNNAMED --add-opens=jdk.compiler/com.sun.tools.javac.api=ALL-UNNAMED --add-opens=jdk.internal.jvmstat/sun.jvmstat.monitor=ALL-UNNAMED --add-opens=jdk.jdi/com.sun.tools.jdi=ALL-UNNAMED -Dide.native.launcher=true -Djcef.sandbox.ptr=0000021C80E56B30 -Djcef.sandbox.cefVersion=122.1.9+gd14e051+chromium-122.0.6261.94 com.intellij.idea.Main

Host: 11th Gen Intel(R) Core(TM) i7-1185G7 @ 3.00GHz, 8 cores, 15G,  Windows 11 , 64 bit Build 26100 (10.0.26100.7623)
Time: Wed Jan 28 07:01:32 2026 Pacific Standard Time elapsed time: 1113294.543533 seconds (12d 21h 14m 54s)

---------------  T H R E A D  ---------------

Current thread (0x0000021cf2b5b4c0):  JavaThread "AWT-Windows" daemon [_thread_in_native, id=19172, stack(0x0000004141200000,0x0000004141300000) (1024K)]

Stack: [0x0000004141200000,0x0000004141300000],  sp=0x00000041412fe670,  free space=1017k
Native frames: (J=compiled Java code, j=interpreted, Vv=VM code, C=native code)
C  [awt.dll+0xe1c01]

Java frames: (J=compiled Java code, j=interpreted, Vv=VM code)
j  sun.awt.windows.WToolkit.eventLoop()V+0 java.desktop
j  sun.awt.windows.WToolkit.run()V+50 java.desktop
j  java.lang.Thread.runWith(Ljava/lang/Object;Ljava/lang/Runnable;)V+5 java.base@21.0.5
j  java.lang.Thread.run()V+19 java.base@21.0.5
v  ~StubRoutines::call_stub 0x0000021c971610e7

siginfo: EXCEPTION_ACCESS_VIOLATION (0xc0000005), reading address 0x0000000000000008


Registers:
RAX=0x0000000000000000, RBX=0x0000021decc0d2d0, RCX=0x0000000000000000, RDX=0x0000000000000000
RSP=0x00000041412fe670, RBP=0x00000041412fe779, RSI=0xffffffffdf01105e, RDI=0x0000000000000000
R8 =0x0000000000000001, R9 =0x000000413e167000, R10=0x0000000000000000, R11=0x0000000000000246
R12=0x0000000000000000, R13=0x0000000000000310, R14=0x0000000000000000, R15=0x0000000000000000
RIP=0x00007ffc5e821c01, EFLAGS=0x0000000000010246


Register to memory mapping:

RAX=0x0 is null
RBX=0x0000021decc0d2d0 points into unknown readable memory: 0x0000021d3bf7c410 | 10 c4 f7 3b 1d 02 00 00
RCX=0x0 is null
RDX=0x0 is null
RSP=0x00000041412fe670 is pointing into the stack for thread: 0x0000021cf2b5b4c0
RBP=0x00000041412fe779 is pointing into the stack for thread: 0x0000021cf2b5b4c0
RSI=0xffffffffdf01105e is an unknown value
RDI=0x0 is null
R8 =0x0000000000000001 is an unknown value
R9 =0x000000413e167000 points into unknown readable memory: 0x0000000000000000 | 00 00 00 00 00 00 00 00
R10=0x0 is null
R11=0x0000000000000246 is an unknown value
R12=0x0 is null
R13=0x0000000000000310 is an unknown value
R14=0x0 is null
R15=0x0 is null

Top of Stack: (sp=0x00000041412fe670)
0x00000041412fe670:   00007ffc5e887838 ffffffffdf01105e
0x00000041412fe680:   0000f588fe4819e4 00000000000203e2
0x00000041412fe690:   0000000000000000 00007ffc5e7d956c
0x00000041412fe6a0:   ffffffffdf01105e 0000021db95445c0
0x00000041412fe6b0:   0000021decc0d2d0 0000021db95445c0
0x00000041412fe6c0:   0000021db95445c0 00007ffc5e7d9616
0x00000041412fe6d0:   00007ffc5e740000 0000000000000000
0x00000041412fe6e0:   00000041412fe7c8 00007ffc676066b5
0x00000041412fe6f0:   0000021db95445c0 00007ffc5e7d6766
0x00000041412fe700:   0000000000000000 0000000000000000
0x00000041412fe710:   00007ffc5e7d9c00 0000000000000000
0x00000041412fe720:   0000000000000001 00007ffcc50509c9
0x00000041412fe730:   0000000000000000 0000000000000000
0x00000041412fe740:   0000000000000000 0000000000000000
0x00000041412fe750:   0000000000000000 0000000000000000
0x00000041412fe760:   0000000000000000 0000000000000000
0x00000041412fe770:   0000021cf2b5b878 0000021db9544660
0x00000041412fe780:   0000000000000000 0000000000000000
0x00000041412fe790:   0000f588fe481b94 0000000000000000
0x00000041412fe7a0:   0000000000000000 0000021db95445c0
0x00000041412fe7b0:   0000000000000000 0000000000000310
0x00000041412fe7c0:   0000000000000000 0000000000000000
0x00000041412fe7d0:   0000021db95445c0 00007ffc5e8274cb
0x00000041412fe7e0:   000000000000c285 0000000000000000
0x00000041412fe7f0:   00000041412fe9c8 00007ffcc5027a19
0x00000041412fe800:   00000000000203e2 0000000000000001
0x00000041412fe810:   0000000000000000 0000000000000000
0x00000041412fe820:   0000000000000000 0000000000000000
0x00000041412fe830:   0000000000000070 00007ffcc5e6a6af
0x00000041412fe840:   00000000000203e2 00007ffcc5028cfa
0x00000041412fe850:   ffffffffffffffeb 0000f588fe481b74
0x00000041412fe860:   0000000000000000 0000000000000000 

Instructions: (pc=0x00007ffc5e821c01)
0x00007ffc5e821b01:   83 ec 28 66 0f 6e c2 0f 5b c0 f3 0f 59 41 48 0f
0x00007ffc5e821b11:   5a c8 f2 0f 10 05 15 9c 03 00 f2 0f 5c 0d 15 81
0x00007ffc5e821b21:   01 00 66 0f 2f c1 76 0a b8 00 00 00 80 48 83 c4
0x00007ffc5e821b31:   28 c3 66 0f 2f 0d d5 cf 02 00 76 0a b8 ff ff ff
0x00007ffc5e821b41:   7f 48 83 c4 28 c3 0f 28 c1 e8 25 44 01 00 f2 0f
0x00007ffc5e821b51:   2c c0 48 83 c4 28 c3 cc cc cc cc cc cc cc cc 48
0x00007ffc5e821b61:   83 ec 28 66 0f 6e c2 0f 5b c0 f3 0f 59 41 4c 0f
0x00007ffc5e821b71:   5a c8 f2 0f 10 05 b5 9b 03 00 f2 0f 5c 0d b5 80
0x00007ffc5e821b81:   01 00 66 0f 2f c1 76 0a b8 00 00 00 80 48 83 c4
0x00007ffc5e821b91:   28 c3 66 0f 2f 0d 75 cf 02 00 76 0a b8 ff ff ff
0x00007ffc5e821ba1:   7f 48 83 c4 28 c3 0f 28 c1 e8 c5 43 01 00 f2 0f
0x00007ffc5e821bb1:   2c c0 48 83 c4 28 c3 cc cc cc cc cc cc cc cc 48
0x00007ffc5e821bc1:   8b 49 08 48 85 c9 0f 85 23 7c fe ff 33 c0 c3 48
0x00007ffc5e821bd1:   89 5c 24 08 48 89 74 24 10 57 48 83 ec 20 8b fa
0x00007ffc5e821be1:   48 8b f1 e8 97 66 f4 ff 48 8b d8 48 89 44 24 40
0x00007ffc5e821bf1:   41 b8 01 00 00 00 8b d7 48 8b c8 e8 ff 65 f4 ff
0x00007ffc5e821c01:   48 8b 48 08 48 85 c9 74 0d 48 8b d6 e8 de 7b fe
0x00007ffc5e821c11:   ff 48 8b f8 eb 02 33 ff 48 8b cb e8 1f 68 f4 ff
0x00007ffc5e821c21:   90 48 8b c7 48 8b 5c 24 30 48 8b 74 24 38 48 83
0x00007ffc5e821c31:   c4 20 5f c3 cc cc cc cc cc cc cc cc cc cc cc 48
0x00007ffc5e821c41:   8b 01 89 10 c3 cc cc cc cc cc cc cc cc cc cc 40
0x00007ffc5e821c51:   57 48 83 ec 40 48 83 79 38 00 48 8b f9 0f 84 96
0x00007ffc5e821c61:   01 00 00 48 8b 0d 4d 26 07 00 ba 02 00 01 00 48
0x00007ffc5e821c71:   89 5c 24 58 48 89 74 24 68 e8 19 2b 01 00 4c 8b
0x00007ffc5e821c81:   05 92 2b 07 00 48 8b c8 48 8b 57 38 48 8b d8 4c
0x00007ffc5e821c91:   8b 08 41 ff 91 f8 02 00 00 48 8b f0 48 85 c0 0f
0x00007ffc5e821ca1:   84 4a 01 00 00 4c 8b 0b 48 8b d0 4c 8b 05 55 2b
0x00007ffc5e821cb1:   07 00 48 8b cb 41 ff 91 00 01 00 00 84 c0 0f 84
0x00007ffc5e821cc1:   2b 01 00 00 48 8b 7f 08 48 8b d6 48 8b 03 48 8b
0x00007ffc5e821cd1:   cb 4c 8b 05 47 2b 07 00 48 81 c7 00 04 00 00 48
0x00007ffc5e821ce1:   89 6c 24 60 4c 89 64 24 38 ff 90 f8 02 00 00 4c
0x00007ffc5e821cf1:   8b 0b 48 8b d6 4c 8b 05 2b 2b 07 00 48 8b cb 4c 


Stack slot to memory mapping:

stack at sp + 0 slots: 0x00007ffc5e887838 awt.dll
stack at sp + 1 slots: 0xffffffffdf01105e is an unknown value
stack at sp + 2 slots: 0x0000f588fe4819e4 is an unknown value
stack at sp + 3 slots: 0x00000000000203e2 is an unknown value
stack at sp + 4 slots: 0x0 is null
stack at sp + 5 slots: 0x00007ffc5e7d956c awt.dll
stack at sp + 6 slots: 0xffffffffdf01105e is an unknown value
stack at sp + 7 slots: 0x0000021db95445c0 points into unknown readable memory: 0x00007ffc5e857240 | 40 72 85 5e fc 7f 00 00


---------------  P R O C E S S  ---------------

Threads class SMR info:
_java_thread_list=0x0000021e0308b590, length=64, elements={
0x0000021c80ea6570, 0x0000021cac7c7070, 0x0000021cf2004c00, 0x0000021cf20085d0,
0x0000021cf2009100, 0x0000021cac7ce860, 0x0000021cf2010000, 0x0000021cf200e110,
0x0000021cf200eba0, 0x0000021cf2181970, 0x0000021cf25b6b50, 0x0000021cf2789b90,
0x0000021cf2b5a7a0, 0x0000021cf2b5b4c0, 0x0000021cf2b586d0, 0x0000021cf2b5a110,
0x0000021cf2b593f0, 0x0000021cf2b5bb50, 0x0000021cf2b5cf00, 0x0000021cf2b5ae30,
0x0000021cf2b59a80, 0x0000021cf2b5c1e0, 0x0000021cf2b5e2b0, 0x0000021cf2b5dc20,
0x0000021cf2b5fcf0, 0x0000021db662ff90, 0x0000021db6630620, 0x0000021db6631340,
0x0000021db5cbec60, 0x0000021db5cbc500, 0x0000021dda280650, 0x0000021dda27e580,
0x0000021dda282090, 0x0000021ddb3ee490, 0x0000021de16d24f0, 0x0000021de16cf070,
0x0000021de1b0ca70, 0x0000021de1b0d100, 0x0000021de1b0bd50, 0x0000021de9996000,
0x0000021de99980d0, 0x0000021de9998df0, 0x0000021de9999480, 0x0000021de9999b10,
0x0000021de9997a40, 0x0000021de999a1a0, 0x0000021de99973b0, 0x0000021de999c270,
0x0000021deb7c70e0, 0x0000021deba62d40, 0x0000021deba67570, 0x0000021e024bfb10,
0x0000021e024c7e50, 0x0000021de9c686b0, 0x0000021de9c6d570, 0x0000021de9c6c1c0,
0x0000021de9c6b4a0, 0x0000021de9c69a60, 0x0000021de9c665e0, 0x0000021de9c6efb0,
0x0000021de9c70360, 0x0000021de9c6e920, 0x0000021de9c71710, 0x0000021de9c63160
}

Java Threads: ( => current thread )
  0x0000021c80ea6570 JavaThread "main"                              [_thread_blocked, id=8440, stack(0x000000413e600000,0x000000413e800000) (2048K)]
  0x0000021cac7c7070 JavaThread "Reference Handler"          daemon [_thread_blocked, id=11040, stack(0x000000413ef00000,0x000000413f000000) (1024K)]
  0x0000021cf2004c00 JavaThread "Finalizer"                  daemon [_thread_blocked, id=14016, stack(0x000000413f000000,0x000000413f100000) (1024K)]
  0x0000021cf20085d0 JavaThread "Signal Dispatcher"          daemon [_thread_blocked, id=5568, stack(0x000000413f100000,0x000000413f200000) (1024K)]
  0x0000021cf2009100 JavaThread "Attach Listener"            daemon [_thread_blocked, id=6212, stack(0x000000413f200000,0x000000413f300000) (1024K)]
  0x0000021cac7ce860 JavaThread "Service Thread"             daemon [_thread_blocked, id=1576, stack(0x000000413f300000,0x000000413f400000) (1024K)]
  0x0000021cf2010000 JavaThread "Monitor Deflation Thread"   daemon [_thread_blocked, id=16092, stack(0x000000413f400000,0x000000413f500000) (1024K)]
  0x0000021cf200e110 JavaThread "C2 CompilerThread0"         daemon [_thread_blocked, id=17532, stack(0x000000413f500000,0x000000413f600000) (1024K)]
  0x0000021cf200eba0 JavaThread "C1 CompilerThread0"         daemon [_thread_blocked, id=18360, stack(0x000000413f600000,0x000000413f700000) (1024K)]
  0x0000021cf2181970 JavaThread "Common-Cleaner"             daemon [_thread_blocked, id=3768, stack(0x000000413f700000,0x000000413f800000) (1024K)]
  0x0000021cf25b6b50 JavaThread "Notification Thread"        daemon [_thread_blocked, id=12656, stack(0x000000413f800000,0x000000413f900000) (1024K)]
  0x0000021cf2789b90 JavaThread "Java2D Disposer"            daemon [_thread_blocked, id=1500, stack(0x0000004141000000,0x0000004141100000) (1024K)]
  0x0000021cf2b5a7a0 JavaThread "AWT-Shutdown"                      [_thread_blocked, id=17680, stack(0x0000004141100000,0x0000004141200000) (1024K)]
=>0x0000021cf2b5b4c0 JavaThread "AWT-Windows"                daemon [_thread_in_native, id=19172, stack(0x0000004141200000,0x0000004141300000) (1024K)]
  0x0000021cf2b586d0 JavaThread "kotlinx.coroutines.DefaultExecutor" daemon [_thread_blocked, id=3464, stack(0x0000004141300000,0x0000004141400000) (1024K)]
  0x0000021cf2b5a110 JavaThread "AWT-EventQueue-0"                  [_thread_in_native, id=12204, stack(0x0000004141400000,0x0000004141500000) (1024K)]
  0x0000021cf2b593f0 JavaThread "External Command Listener"  daemon [_thread_in_native, id=9368, stack(0x0000004141600000,0x0000004141700000) (1024K)]
  0x0000021cf2b5bb50 JavaThread "PeriodicMetricReader"       daemon [_thread_blocked, id=9532, stack(0x0000004141800000,0x0000004141900000) (1024K)]
  0x0000021cf2b5cf00 JavaThread "Coroutines Debugger Cleaner" daemon [_thread_blocked, id=14764, stack(0x0000004141900000,0x0000004141a00000) (1024K)]
  0x0000021cf2b5ae30 JavaThread "Kernel event loop thread 3s6s0lgeek2r8jq57jo4" daemon [_thread_blocked, id=15964, stack(0x0000004141a00000,0x0000004141b00000) (1024K)]
  0x0000021cf2b59a80 JavaThread "JVMResponsivenessMonitor"   daemon [_thread_blocked, id=4668, stack(0x0000004141b00000,0x0000004141c00000) (1024K)]
  0x0000021cf2b5c1e0 JavaThread "JNA Cleaner"                daemon [_thread_blocked, id=2308, stack(0x0000004141c00000,0x0000004141d00000) (1024K)]
  0x0000021cf2b5e2b0 JavaThread "Periodic tasks thread"      daemon [_thread_blocked, id=6404, stack(0x0000004141d00000,0x0000004141e00000) (1024K)]
  0x0000021cf2b5dc20 JavaThread "AndroidAdbSessionHost"             [_thread_in_native, id=5952, stack(0x0000004141e00000,0x0000004141f00000) (1024K)]
  0x0000021cf2b5fcf0 JavaThread "Netty Builtin Server 1"     daemon [_thread_in_native, id=16416, stack(0x0000004142400000,0x0000004142500000) (1024K)]
  0x0000021db662ff90 JavaThread "fsnotifier.exe"                    [_thread_in_native, id=11560, stack(0x0000004142700000,0x0000004142800000) (1024K)]
  0x0000021db6630620 JavaThread "BaseDataReader: output stream of fsnotifier.exe"        [_thread_in_native, id=5508, stack(0x0000004142800000,0x0000004142900000) (1024K)]
  0x0000021db6631340 JavaThread "BaseDataReader: error stream of fsnotifier.exe"        [_thread_in_native, id=15588, stack(0x0000004142900000,0x0000004142a00000) (1024K)]
  0x0000021db5cbec60 JavaThread "TimerQueue"                 daemon [_thread_blocked, id=9688, stack(0x0000004143000000,0x0000004143100000) (1024K)]
  0x0000021db5cbc500 JavaThread "DebouncedModuleNotificationService" daemon [_thread_blocked, id=8212, stack(0x0000004143200000,0x0000004143300000) (1024K)]
  0x0000021dda280650 JavaThread "BaseDataReader: output stream of copilot-language-server.exe"        [_thread_in_native, id=13116, stack(0x0000004143300000,0x0000004143400000) (1024K)]
  0x0000021dda27e580 JavaThread "BaseDataReader: error stream of copilot-language-server.exe"        [_thread_in_native, id=16332, stack(0x0000004143400000,0x0000004143500000) (1024K)]
  0x0000021dda282090 JavaThread "copilot-language-server.exe"        [_thread_in_native, id=7388, stack(0x0000004143c00000,0x0000004143d00000) (1024K)]
  0x0000021ddb3ee490 JavaThread "GitHub Copilot agent"       daemon [_thread_blocked, id=9236, stack(0x0000004143e00000,0x0000004143f00000) (1024K)]
  0x0000021de16d24f0 JavaThread "DefaultDispatcher-worker-7" daemon [_thread_blocked, id=15924, stack(0x0000004146700000,0x0000004146800000) (1024K)]
  0x0000021de16cf070 JavaThread "DefaultDispatcher-worker-8" daemon [_thread_blocked, id=11684, stack(0x0000004146800000,0x0000004146900000) (1024K)]
  0x0000021de1b0ca70 JavaThread "Thread-73"                  daemon [_thread_in_native, id=2408, stack(0x0000004147c00000,0x0000004147d00000) (1024K)]
  0x0000021de1b0d100 JavaThread "FileSystemWatchService"     daemon [_thread_in_native, id=8772, stack(0x0000004147d00000,0x0000004147e00000) (1024K)]
  0x0000021de1b0bd50 JavaThread "FileSystemWatchService"     daemon [_thread_in_native, id=8776, stack(0x0000004147e00000,0x0000004147f00000) (1024K)]
  0x0000021de9996000 JavaThread "threadJobProcessorPoolSpawner" daemon [_thread_blocked, id=16952, stack(0x0000004148e00000,0x0000004148f00000) (1024K)]
  0x0000021de99980d0 JavaThread "Exodus shared timer thread" daemon [_thread_blocked, id=18476, stack(0x0000004148f00000,0x0000004149000000) (1024K)]
  0x0000021de9998df0 JavaThread "MVStore background writer C:/Users/Administrator/AppData/Local/github-copilot/ic/chat-agent-sessions/2qy1vUa4RCM6ioEVMU3mPsjamm6/copilot-agent-sessions-nitrite.db" daemon [_thread_blocked, id=9280, stack(0x0000004149100000,0x0000004149200000) (1024K)]
  0x0000021de9999480 JavaThread "Exodus shared deferred I/O job processor" daemon [_thread_blocked, id=9504, stack(0x0000004149200000,0x0000004149300000) (1024K)]
  0x0000021de9999b10 JavaThread "Exodus shared background cleaner" daemon [_thread_blocked, id=16964, stack(0x0000004149300000,0x0000004149400000) (1024K)]
  0x0000021de9997a40 JavaThread "Exodus shared stuck transaction monitor" daemon [_thread_blocked, id=6928, stack(0x0000004149400000,0x0000004149500000) (1024K)]
  0x0000021de999a1a0 JavaThread "EntityStoreSharedAsyncProcessor0" daemon [_thread_blocked, id=5084, stack(0x0000004149500000,0x0000004149600000) (1024K)]
  0x0000021de99973b0 JavaThread "EntityStoreSharedAsyncProcessor1" daemon [_thread_blocked, id=6892, stack(0x0000004149600000,0x0000004149700000) (1024K)]
  0x0000021de999c270 JavaThread "MVStore background writer C:/Users/Administrator/AppData/Local/github-copilot/ic/chat-edit-sessions/2qy1vUa4RCM6ioEVMU3mPsjamm6/copilot-edit-sessions-nitrite.db" daemon [_thread_blocked, id=10652, stack(0x0000004149800000,0x0000004149900000) (1024K)]
  0x0000021deb7c70e0 JavaThread "MVStore background writer C:/Users/Administrator/AppData/Local/github-copilot/ic/chat-sessions/2qy1vUa4RCM6ioEVMU3mPsjamm6/copilot-chat-nitrite.db" daemon [_thread_blocked, id=15596, stack(0x0000004147b00000,0x0000004147c00000) (1024K)]
  0x0000021deba62d40 JavaThread "HttpClient-18-SelectorManager" daemon [_thread_in_native, id=21980, stack(0x0000004144000000,0x0000004144100000) (1024K)]
  0x0000021deba67570 JavaThread "rd throttler"               daemon [_thread_blocked, id=24628, stack(0x0000004144400000,0x0000004144500000) (1024K)]
  0x0000021e024bfb10 JavaThread "Windows Shell integration"  daemon [_thread_blocked, id=13932, stack(0x0000004144300000,0x0000004144400000) (1024K)]
  0x0000021e024c7e50 JavaThread "ApplicationImpl pooled thread 2478"        [_thread_blocked, id=57636, stack(0x0000004142b00000,0x0000004142c00000) (1024K)]
  0x0000021de9c686b0 JavaThread "ApplicationImpl pooled thread 2486"        [_thread_blocked, id=25648, stack(0x000000413e300000,0x000000413e400000) (1024K)]
  0x0000021de9c6d570 JavaThread "DefaultDispatcher-worker-2" daemon [_thread_blocked, id=15408, stack(0x0000004140400000,0x0000004140500000) (1024K)]
  0x0000021de9c6c1c0 JavaThread "DefaultDispatcher-worker-5" daemon [_thread_blocked, id=21968, stack(0x000000413fd00000,0x000000413fe00000) (1024K)]
  0x0000021de9c6b4a0 JavaThread "ApplicationImpl pooled thread 2499"        [_thread_blocked, id=45584, stack(0x000000413e400000,0x000000413e500000) (1024K)]
  0x0000021de9c69a60 JavaThread "ApplicationImpl pooled thread 2500"        [_thread_blocked, id=13724, stack(0x000000413e500000,0x000000413e600000) (1024K)]
  0x0000021de9c665e0 JavaThread "ApplicationImpl pooled thread 2501"        [_thread_blocked, id=58384, stack(0x000000413f900000,0x000000413fa00000) (1024K)]
  0x0000021de9c6efb0 JavaThread "DefaultDispatcher-worker-1" daemon [_thread_blocked, id=52428, stack(0x0000004140300000,0x0000004140400000) (1024K)]
  0x0000021de9c70360 JavaThread "DefaultDispatcher-worker-4" daemon [_thread_blocked, id=3472, stack(0x0000004140600000,0x0000004140700000) (1024K)]
  0x0000021de9c6e920 JavaThread "DefaultDispatcher-worker-6" daemon [_thread_blocked, id=59252, stack(0x0000004140700000,0x0000004140800000) (1024K)]
  0x0000021de9c71710 JavaThread "DefaultDispatcher-worker-3" daemon [_thread_blocked, id=20816, stack(0x0000004140800000,0x0000004140900000) (1024K)]
  0x0000021de9c63160 JavaThread "ApplicationImpl pooled thread 2502"        [_thread_blocked, id=10680, stack(0x000000413fa00000,0x000000413fb00000) (1024K)]
Total: 64

Other Threads:
  0x0000021cac7b9a00 VMThread "VM Thread"                           [id=11428, stack(0x000000413ee00000,0x000000413ef00000) (1024K)]
  0x0000021cac7a4d20 WatcherThread "VM Periodic Task Thread"        [id=8864, stack(0x000000413ed00000,0x000000413ee00000) (1024K)]
  0x0000021c83536dc0 WorkerThread "GC Thread#0"                     [id=15712, stack(0x000000413e800000,0x000000413e900000) (1024K)]
  0x0000021cf2344ad0 WorkerThread "GC Thread#1"                     [id=16108, stack(0x0000004140900000,0x0000004140a00000) (1024K)]
  0x0000021cf27e9f90 WorkerThread "GC Thread#2"                     [id=8392, stack(0x0000004140a00000,0x0000004140b00000) (1024K)]
  0x0000021cf28c68b0 WorkerThread "GC Thread#3"                     [id=10000, stack(0x0000004140b00000,0x0000004140c00000) (1024K)]
  0x0000021cf28ff3e0 WorkerThread "GC Thread#4"                     [id=14660, stack(0x0000004140c00000,0x0000004140d00000) (1024K)]
  0x0000021cf27f3800 WorkerThread "GC Thread#5"                     [id=16348, stack(0x0000004140d00000,0x0000004140e00000) (1024K)]
  0x0000021cf2495000 WorkerThread "GC Thread#6"                     [id=15020, stack(0x0000004140e00000,0x0000004140f00000) (1024K)]
  0x0000021cf297b8f0 WorkerThread "GC Thread#7"                     [id=15952, stack(0x0000004140f00000,0x0000004141000000) (1024K)]
  0x0000021c83547cb0 ConcurrentGCThread "G1 Main Marker"            [id=18972, stack(0x000000413e900000,0x000000413ea00000) (1024K)]
  0x0000021c83549540 WorkerThread "G1 Conc#0"                       [id=16612, stack(0x000000413ea00000,0x000000413eb00000) (1024K)]
  0x0000021d3be73b80 WorkerThread "G1 Conc#1"                       [id=12372, stack(0x0000004141700000,0x0000004141800000) (1024K)]
  0x0000021cac66b9c0 ConcurrentGCThread "G1 Refine#0"               [id=13596, stack(0x000000413eb00000,0x000000413ec00000) (1024K)]
  0x0000021cac66c1e0 ConcurrentGCThread "G1 Service"                [id=16200, stack(0x000000413ec00000,0x000000413ed00000) (1024K)]
Total: 15

Threads with active compile tasks:
Total: 0

VM state: not at safepoint (normal execution)

VM Mutex/Monitor currently owned by a thread: None

Heap address: 0x0000000080000000, size: 2048 MB, Compressed Oops mode: 32-bit

CDS archive(s) mapped at: [0x0000021cad000000-0x0000021cadd00000-0x0000021cadd00000), size 13631488, SharedBaseAddress: 0x0000021cad000000, ArchiveRelocationMode: 1.
Compressed class space mapped at: 0x0000021cae000000-0x0000021cee000000, reserved size: 1073741824
Narrow klass base: 0x0000021cad000000, Narrow klass shift: 0, Narrow klass range: 0x100000000

GC Precious Log:
 CardTable entry size: 512
 Card Set container configuration: InlinePtr #cards 5 size 8 Array Of Cards #cards 12 size 40 Howl #buckets 4 coarsen threshold 1843 Howl Bitmap #cards 512 size 80 coarsen threshold 460 Card regions per heap region 1 cards per card region 2048
 CPUs: 8 total, 8 available
 Memory: 16110M
 Large Page Support: Disabled
 NUMA Support: Disabled
 Compressed Oops: Enabled (32-bit)
 Heap Region Size: 1M
 Heap Min Capacity: 128M
 Heap Initial Capacity: 128M
 Heap Max Capacity: 2G
 Pre-touch: Disabled
 Parallel Workers: 8
 Concurrent Workers: 2
 Concurrent Refinement Workers: 8
 Periodic GC: Disabled

Heap:
 garbage-first heap   total 1466368K, used 532693K [0x0000000080000000, 0x0000000100000000)
  region size 1024K, 18 young (18432K), 5 survivors (5120K)
 Metaspace       used 441835K, committed 446656K, reserved 1441792K
  class space    used 52712K, committed 55104K, reserved 1048576K

Heap Regions: E=young(eden), S=young(survivor), O=old, HS=humongous(starts), HC=humongous(continues), CS=collection set, F=free, TAMS=top-at-mark-start, PB=parsable bottom
|   0|0x0000000080000000, 0x0000000080100000, 0x0000000080100000|100%|HS|  |TAMS 0x0000000080000000| PB 0x0000000080000000| Complete 
|   1|0x0000000080100000, 0x0000000080200000, 0x0000000080200000|100%|HC|  |TAMS 0x0000000080100000| PB 0x0000000080100000| Complete 
|   2|0x0000000080200000, 0x0000000080300000, 0x0000000080300000|100%|HS|  |TAMS 0x0000000080200000| PB 0x0000000080200000| Complete 
|   3|0x0000000080300000, 0x0000000080400000, 0x0000000080400000|100%|HC|  |TAMS 0x0000000080300000| PB 0x0000000080300000| Complete 
|   4|0x0000000080400000, 0x0000000080500000, 0x0000000080500000|100%|HC|  |TAMS 0x0000000080400000| PB 0x0000000080400000| Complete 
|   5|0x0000000080500000, 0x0000000080600000, 0x0000000080600000|100%|HC|  |TAMS 0x0000000080500000| PB 0x0000000080500000| Complete 
|   6|0x0000000080600000, 0x0000000080700000, 0x0000000080700000|100%|HC|  |TAMS 0x0000000080600000| PB 0x0000000080600000| Complete 
|   7|0x0000000080700000, 0x0000000080800000, 0x0000000080800000|100%|HS|  |TAMS 0x0000000080700000| PB 0x0000000080700000| Complete 
|   8|0x0000000080800000, 0x0000000080900000, 0x0000000080900000|100%|HS|  |TAMS 0x0000000080800000| PB 0x0000000080800000| Complete 
|   9|0x0000000080900000, 0x0000000080a00000, 0x0000000080a00000|100%|HS|  |TAMS 0x0000000080900000| PB 0x0000000080900000| Complete 
|  10|0x0000000080a00000, 0x0000000080b00000, 0x0000000080b00000|100%|HC|  |TAMS 0x0000000080a00000| PB 0x0000000080a00000| Complete 
|  11|0x0000000080b00000, 0x0000000080c00000, 0x0000000080c00000|100%|HC|  |TAMS 0x0000000080b00000| PB 0x0000000080b00000| Complete 
|  12|0x0000000080c00000, 0x0000000080d00000, 0x0000000080d00000|100%|HS|  |TAMS 0x0000000080c00000| PB 0x0000000080c00000| Complete 
|  13|0x0000000080d00000, 0x0000000080e00000, 0x0000000080e00000|100%|HS|  |TAMS 0x0000000080d00000| PB 0x0000000080d00000| Complete 
|  14|0x0000000080e00000, 0x0000000080f00000, 0x0000000080f00000|100%|HS|  |TAMS 0x0000000080e00000| PB 0x0000000080e00000| Complete 
|  15|0x0000000080f00000, 0x0000000081000000, 0x0000000081000000|100%|HS|  |TAMS 0x0000000080f00000| PB 0x0000000080f00000| Complete 
|  16|0x0000000081000000, 0x0000000081100000, 0x0000000081100000|100%|HS|  |TAMS 0x0000000081000000| PB 0x0000000081000000| Complete 
|  17|0x0000000081100000, 0x0000000081200000, 0x0000000081200000|100%|HS|  |TAMS 0x0000000081100000| PB 0x0000000081100000| Complete 
|  18|0x0000000081200000, 0x0000000081300000, 0x0000000081300000|100%|HS|  |TAMS 0x0000000081200000| PB 0x0000000081200000| Complete 
|  19|0x0000000081300000, 0x0000000081400000, 0x0000000081400000|100%|HC|  |TAMS 0x0000000081300000| PB 0x0000000081300000| Complete 
|  20|0x0000000081400000, 0x0000000081500000, 0x0000000081500000|100%|HS|  |TAMS 0x0000000081400000| PB 0x0000000081400000| Complete 
|  21|0x0000000081500000, 0x0000000081600000, 0x0000000081600000|100%|HC|  |TAMS 0x0000000081500000| PB 0x0000000081500000| Complete 
|  22|0x0000000081600000, 0x0000000081700000, 0x0000000081700000|100%|HS|  |TAMS 0x0000000081600000| PB 0x0000000081600000| Complete 
|  23|0x0000000081700000, 0x0000000081800000, 0x0000000081800000|100%|HS|  |TAMS 0x0000000081700000| PB 0x0000000081700000| Complete 
|  24|0x0000000081800000, 0x0000000081900000, 0x0000000081900000|100%| O|  |TAMS 0x0000000081800000| PB 0x0000000081800000| Untracked 
|  25|0x0000000081900000, 0x0000000081a00000, 0x0000000081a00000|100%| O|  |TAMS 0x0000000081900000| PB 0x0000000081900000| Untracked 
|  26|0x0000000081a00000, 0x0000000081b00000, 0x0000000081b00000|100%| O|  |TAMS 0x0000000081a00000| PB 0x0000000081a00000| Untracked 
|  27|0x0000000081b00000, 0x0000000081c00000, 0x0000000081c00000|100%| O|  |TAMS 0x0000000081b00000| PB 0x0000000081b00000| Untracked 
|  28|0x0000000081c00000, 0x0000000081d00000, 0x0000000081d00000|100%|HS|  |TAMS 0x0000000081c00000| PB 0x0000000081c00000| Complete 
|  29|0x0000000081d00000, 0x0000000081e00000, 0x0000000081e00000|100%| O|  |TAMS 0x0000000081d00000| PB 0x0000000081d00000| Untracked 
|  30|0x0000000081e00000, 0x0000000081f00000, 0x0000000081f00000|100%| O|  |TAMS 0x0000000081e00000| PB 0x0000000081e00000| Untracked 
|  31|0x0000000081f00000, 0x0000000082000000, 0x0000000082000000|100%| O|  |TAMS 0x0000000081f00000| PB 0x0000000081f00000| Untracked 
|  32|0x0000000082000000, 0x0000000082100000, 0x0000000082100000|100%| O|  |TAMS 0x0000000082000000| PB 0x0000000082000000| Untracked 
|  33|0x0000000082100000, 0x0000000082200000, 0x0000000082200000|100%| O|  |TAMS 0x0000000082100000| PB 0x0000000082100000| Untracked 
|  34|0x0000000082200000, 0x0000000082300000, 0x0000000082300000|100%|HS|  |TAMS 0x0000000082200000| PB 0x0000000082200000| Complete 
|  35|0x0000000082300000, 0x0000000082400000, 0x0000000082400000|100%| O|  |TAMS 0x0000000082300000| PB 0x0000000082300000| Untracked 
|  36|0x0000000082400000, 0x0000000082500000, 0x0000000082500000|100%| O|  |TAMS 0x0000000082400000| PB 0x0000000082400000| Untracked 
|  37|0x0000000082500000, 0x0000000082600000, 0x0000000082600000|100%| O|  |TAMS 0x0000000082500000| PB 0x0000000082500000| Untracked 
|  38|0x0000000082600000, 0x0000000082700000, 0x0000000082700000|100%| O|  |TAMS 0x0000000082600000| PB 0x0000000082600000| Untracked 
|  39|0x0000000082700000, 0x0000000082800000, 0x0000000082800000|100%| O|  |TAMS 0x0000000082700000| PB 0x0000000082700000| Untracked 
|  40|0x0000000082800000, 0x0000000082900000, 0x0000000082900000|100%| O|  |TAMS 0x0000000082800000| PB 0x0000000082800000| Untracked 
|  41|0x0000000082900000, 0x0000000082a00000, 0x0000000082a00000|100%| O|  |TAMS 0x0000000082900000| PB 0x0000000082900000| Untracked 
|  42|0x0000000082a00000, 0x0000000082b00000, 0x0000000082b00000|100%| O|  |TAMS 0x0000000082a00000| PB 0x0000000082a00000| Untracked 
|  43|0x0000000082b00000, 0x0000000082c00000, 0x0000000082c00000|100%| O|  |TAMS 0x0000000082b00000| PB 0x0000000082b00000| Untracked 
|  44|0x0000000082c00000, 0x0000000082d00000, 0x0000000082d00000|100%| O|  |TAMS 0x0000000082c00000| PB 0x0000000082c00000| Untracked 
|  45|0x0000000082d00000, 0x0000000082e00000, 0x0000000082e00000|100%| O|  |TAMS 0x0000000082d00000| PB 0x0000000082d00000| Untracked 
|  46|0x0000000082e00000, 0x0000000082f00000, 0x0000000082f00000|100%| O|  |TAMS 0x0000000082e00000| PB 0x0000000082e00000| Untracked 
|  47|0x0000000082f00000, 0x0000000083000000, 0x0000000083000000|100%| O|  |TAMS 0x0000000082f00000| PB 0x0000000082f00000| Untracked 
|  48|0x0000000083000000, 0x0000000083100000, 0x0000000083100000|100%| O|  |TAMS 0x0000000083000000| PB 0x0000000083000000| Untracked 
|  49|0x0000000083100000, 0x0000000083200000, 0x0000000083200000|100%| O|  |TAMS 0x0000000083100000| PB 0x0000000083100000| Untracked 
|  50|0x0000000083200000, 0x0000000083300000, 0x0000000083300000|100%| O|  |TAMS 0x0000000083200000| PB 0x0000000083200000| Untracked 
|  51|0x0000000083300000, 0x0000000083400000, 0x0000000083400000|100%|HS|  |TAMS 0x0000000083300000| PB 0x0000000083300000| Complete 
|  52|0x0000000083400000, 0x0000000083500000, 0x0000000083500000|100%|HS|  |TAMS 0x0000000083400000| PB 0x0000000083400000| Complete 
|  53|0x0000000083500000, 0x0000000083600000, 0x0000000083600000|100%| O|  |TAMS 0x0000000083500000| PB 0x0000000083500000| Untracked 
|  54|0x0000000083600000, 0x0000000083700000, 0x0000000083700000|100%| O|  |TAMS 0x0000000083600000| PB 0x0000000083600000| Untracked 
|  55|0x0000000083700000, 0x0000000083800000, 0x0000000083800000|100%| O|  |TAMS 0x0000000083700000| PB 0x0000000083700000| Untracked 
|  56|0x0000000083800000, 0x0000000083900000, 0x0000000083900000|100%| O|  |TAMS 0x0000000083800000| PB 0x0000000083800000| Untracked 
|  57|0x0000000083900000, 0x0000000083a00000, 0x0000000083a00000|100%| O|  |TAMS 0x0000000083900000| PB 0x0000000083900000| Untracked 
|  58|0x0000000083a00000, 0x0000000083b00000, 0x0000000083b00000|100%| O|  |TAMS 0x0000000083a00000| PB 0x0000000083a00000| Untracked 
|  59|0x0000000083b00000, 0x0000000083c00000, 0x0000000083c00000|100%| O|  |TAMS 0x0000000083b00000| PB 0x0000000083b00000| Untracked 
|  60|0x0000000083c00000, 0x0000000083d00000, 0x0000000083d00000|100%| O|  |TAMS 0x0000000083c00000| PB 0x0000000083c00000| Untracked 
|  61|0x0000000083d00000, 0x0000000083e00000, 0x0000000083e00000|100%| O|  |TAMS 0x0000000083d00000| PB 0x0000000083d00000| Untracked 
|  62|0x0000000083e00000, 0x0000000083f00000, 0x0000000083f00000|100%| O|  |TAMS 0x0000000083e00000| PB 0x0000000083e00000| Untracked 
|  63|0x0000000083f00000, 0x0000000084000000, 0x0000000084000000|100%| O|  |TAMS 0x0000000083f00000| PB 0x0000000083f00000| Untracked 
|  64|0x0000000084000000, 0x0000000084100000, 0x0000000084100000|100%| O|  |TAMS 0x0000000084000000| PB 0x0000000084000000| Untracked 
|  65|0x0000000084100000, 0x0000000084200000, 0x0000000084200000|100%| O|  |TAMS 0x0000000084100000| PB 0x0000000084100000| Untracked 
|  66|0x0000000084200000, 0x0000000084300000, 0x0000000084300000|100%| O|  |TAMS 0x0000000084200000| PB 0x0000000084200000| Untracked 
|  67|0x0000000084300000, 0x0000000084400000, 0x0000000084400000|100%| O|  |TAMS 0x0000000084300000| PB 0x0000000084300000| Untracked 
|  68|0x0000000084400000, 0x0000000084500000, 0x0000000084500000|100%| O|  |TAMS 0x0000000084400000| PB 0x0000000084400000| Untracked 
|  69|0x0000000084500000, 0x0000000084600000, 0x0000000084600000|100%|HS|  |TAMS 0x0000000084500000| PB 0x0000000084500000| Complete 
|  70|0x0000000084600000, 0x0000000084700000, 0x0000000084700000|100%| O|  |TAMS 0x0000000084600000| PB 0x0000000084600000| Untracked 
|  71|0x0000000084700000, 0x0000000084800000, 0x0000000084800000|100%| O|  |TAMS 0x0000000084700000| PB 0x0000000084700000| Untracked 
|  72|0x0000000084800000, 0x0000000084900000, 0x0000000084900000|100%| O|  |TAMS 0x0000000084800000| PB 0x0000000084800000| Untracked 
|  73|0x0000000084900000, 0x0000000084a00000, 0x0000000084a00000|100%| O|  |TAMS 0x0000000084900000| PB 0x0000000084900000| Untracked 
|  74|0x0000000084a00000, 0x0000000084b00000, 0x0000000084b00000|100%| O|  |TAMS 0x0000000084a00000| PB 0x0000000084a00000| Untracked 
|  75|0x0000000084b00000, 0x0000000084c00000, 0x0000000084c00000|100%| O|  |TAMS 0x0000000084b00000| PB 0x0000000084b00000| Untracked 
|  76|0x0000000084c00000, 0x0000000084d00000, 0x0000000084d00000|100%| O|  |TAMS 0x0000000084c00000| PB 0x0000000084c00000| Untracked 
|  77|0x0000000084d00000, 0x0000000084e00000, 0x0000000084e00000|100%| O|  |TAMS 0x0000000084d00000| PB 0x0000000084d00000| Untracked 
|  78|0x0000000084e00000, 0x0000000084f00000, 0x0000000084f00000|100%| O|  |TAMS 0x0000000084e00000| PB 0x0000000084e00000| Untracked 
|  79|0x0000000084f00000, 0x0000000085000000, 0x0000000085000000|100%| O|  |TAMS 0x0000000084f00000| PB 0x0000000084f00000| Untracked 
|  80|0x0000000085000000, 0x0000000085100000, 0x0000000085100000|100%|HS|  |TAMS 0x0000000085000000| PB 0x0000000085000000| Complete 
|  81|0x0000000085100000, 0x0000000085200000, 0x0000000085200000|100%|HS|  |TAMS 0x0000000085100000| PB 0x0000000085100000| Complete 
|  82|0x0000000085200000, 0x0000000085300000, 0x0000000085300000|100%|HC|  |TAMS 0x0000000085200000| PB 0x0000000085200000| Complete 
|  83|0x0000000085300000, 0x0000000085400000, 0x0000000085400000|100%|HS|  |TAMS 0x0000000085300000| PB 0x0000000085300000| Complete 
|  84|0x0000000085400000, 0x0000000085500000, 0x0000000085500000|100%|HC|  |TAMS 0x0000000085400000| PB 0x0000000085400000| Complete 
|  85|0x0000000085500000, 0x0000000085600000, 0x0000000085600000|100%| O|  |TAMS 0x0000000085500000| PB 0x0000000085500000| Untracked 
|  86|0x0000000085600000, 0x0000000085700000, 0x0000000085700000|100%| O|  |TAMS 0x0000000085600000| PB 0x0000000085600000| Untracked 
|  87|0x0000000085700000, 0x0000000085800000, 0x0000000085800000|100%| O|  |TAMS 0x0000000085700000| PB 0x0000000085700000| Untracked 
|  88|0x0000000085800000, 0x0000000085900000, 0x0000000085900000|100%| O|  |TAMS 0x0000000085800000| PB 0x0000000085800000| Untracked 
|  89|0x0000000085900000, 0x0000000085a00000, 0x0000000085a00000|100%| O|  |TAMS 0x0000000085900000| PB 0x0000000085900000| Untracked 
|  90|0x0000000085a00000, 0x0000000085b00000, 0x0000000085b00000|100%| O|  |TAMS 0x0000000085a00000| PB 0x0000000085a00000| Untracked 
|  91|0x0000000085b00000, 0x0000000085c00000, 0x0000000085c00000|100%| O|  |TAMS 0x0000000085b00000| PB 0x0000000085b00000| Untracked 
|  92|0x0000000085c00000, 0x0000000085d00000, 0x0000000085d00000|100%| O|  |TAMS 0x0000000085c00000| PB 0x0000000085c00000| Untracked 
|  93|0x0000000085d00000, 0x0000000085e00000, 0x0000000085e00000|100%| O|  |TAMS 0x0000000085d00000| PB 0x0000000085d00000| Untracked 
|  94|0x0000000085e00000, 0x0000000085f00000, 0x0000000085f00000|100%| O|  |TAMS 0x0000000085e00000| PB 0x0000000085e00000| Untracked 
|  95|0x0000000085f00000, 0x0000000086000000, 0x0000000086000000|100%| O|  |TAMS 0x0000000085f00000| PB 0x0000000085f00000| Untracked 
|  96|0x0000000086000000, 0x0000000086100000, 0x0000000086100000|100%| O|  |TAMS 0x0000000086000000| PB 0x0000000086000000| Untracked 
|  97|0x0000000086100000, 0x0000000086200000, 0x0000000086200000|100%| O|  |TAMS 0x0000000086100000| PB 0x0000000086100000| Untracked 
|  98|0x0000000086200000, 0x0000000086300000, 0x0000000086300000|100%| O|  |TAMS 0x0000000086200000| PB 0x0000000086200000| Untracked 
|  99|0x0000000086300000, 0x0000000086400000, 0x0000000086400000|100%| O|  |TAMS 0x0000000086300000| PB 0x0000000086300000| Untracked 
| 100|0x0000000086400000, 0x0000000086500000, 0x0000000086500000|100%| O|  |TAMS 0x0000000086400000| PB 0x0000000086400000| Untracked 
| 101|0x0000000086500000, 0x0000000086600000, 0x0000000086600000|100%|HS|  |TAMS 0x0000000086500000| PB 0x0000000086500000| Complete 
| 102|0x0000000086600000, 0x0000000086700000, 0x0000000086700000|100%|HC|  |TAMS 0x0000000086600000| PB 0x0000000086600000| Complete 
| 103|0x0000000086700000, 0x0000000086800000, 0x0000000086800000|100%|HC|  |TAMS 0x0000000086700000| PB 0x0000000086700000| Complete 
| 104|0x0000000086800000, 0x0000000086900000, 0x0000000086900000|100%|HC|  |TAMS 0x0000000086800000| PB 0x0000000086800000| Complete 
| 105|0x0000000086900000, 0x0000000086a00000, 0x0000000086a00000|100%|HC|  |TAMS 0x0000000086900000| PB 0x0000000086900000| Complete 
| 106|0x0000000086a00000, 0x0000000086b00000, 0x0000000086b00000|100%|HC|  |TAMS 0x0000000086a00000| PB 0x0000000086a00000| Complete 
| 107|0x0000000086b00000, 0x0000000086c00000, 0x0000000086c00000|100%|HC|  |TAMS 0x0000000086b00000| PB 0x0000000086b00000| Complete 
| 108|0x0000000086c00000, 0x0000000086d00000, 0x0000000086d00000|100%|HC|  |TAMS 0x0000000086c00000| PB 0x0000000086c00000| Complete 
| 109|0x0000000086d00000, 0x0000000086e00000, 0x0000000086e00000|100%|HC|  |TAMS 0x0000000086d00000| PB 0x0000000086d00000| Complete 
| 110|0x0000000086e00000, 0x0000000086f00000, 0x0000000086f00000|100%| O|  |TAMS 0x0000000086e00000| PB 0x0000000086e00000| Untracked 
| 111|0x0000000086f00000, 0x0000000087000000, 0x0000000087000000|100%| O|  |TAMS 0x0000000086f00000| PB 0x0000000086f00000| Untracked 
| 112|0x0000000087000000, 0x0000000087100000, 0x0000000087100000|100%| O|  |TAMS 0x0000000087000000| PB 0x0000000087000000| Untracked 
| 113|0x0000000087100000, 0x0000000087200000, 0x0000000087200000|100%| O|  |TAMS 0x0000000087100000| PB 0x0000000087100000| Untracked 
| 114|0x0000000087200000, 0x0000000087300000, 0x0000000087300000|100%| O|  |TAMS 0x0000000087200000| PB 0x0000000087200000| Untracked 
| 115|0x0000000087300000, 0x0000000087400000, 0x0000000087400000|100%| O|  |TAMS 0x0000000087300000| PB 0x0000000087300000| Untracked 
| 116|0x0000000087400000, 0x0000000087500000, 0x0000000087500000|100%| O|  |TAMS 0x0000000087400000| PB 0x0000000087400000| Untracked 
| 117|0x0000000087500000, 0x0000000087600000, 0x0000000087600000|100%| O|  |TAMS 0x0000000087500000| PB 0x0000000087500000| Untracked 
| 118|0x0000000087600000, 0x0000000087700000, 0x0000000087700000|100%| O|  |TAMS 0x0000000087600000| PB 0x0000000087600000| Untracked 
| 119|0x0000000087700000, 0x0000000087800000, 0x0000000087800000|100%| O|  |TAMS 0x0000000087700000| PB 0x0000000087700000| Untracked 
| 120|0x0000000087800000, 0x0000000087900000, 0x0000000087900000|100%| O|  |TAMS 0x0000000087800000| PB 0x0000000087800000| Untracked 
| 121|0x0000000087900000, 0x0000000087a00000, 0x0000000087a00000|100%| O|  |TAMS 0x0000000087900000| PB 0x0000000087900000| Untracked 
| 122|0x0000000087a00000, 0x0000000087b00000, 0x0000000087b00000|100%| O|  |TAMS 0x0000000087a00000| PB 0x0000000087a00000| Untracked 
| 123|0x0000000087b00000, 0x0000000087c00000, 0x0000000087c00000|100%| O|  |TAMS 0x0000000087b00000| PB 0x0000000087b00000| Untracked 
| 124|0x0000000087c00000, 0x0000000087d00000, 0x0000000087d00000|100%| O|  |TAMS 0x0000000087c00000| PB 0x0000000087c00000| Untracked 
| 125|0x0000000087d00000, 0x0000000087e00000, 0x0000000087e00000|100%| O|  |TAMS 0x0000000087d00000| PB 0x0000000087d00000| Untracked 
| 126|0x0000000087e00000, 0x0000000087f00000, 0x0000000087f00000|100%| O|  |TAMS 0x0000000087e00000| PB 0x0000000087e00000| Untracked 
| 127|0x0000000087f00000, 0x0000000088000000, 0x0000000088000000|100%| O|  |TAMS 0x0000000087f00000| PB 0x0000000087f00000| Untracked 
| 128|0x0000000088000000, 0x0000000088100000, 0x0000000088100000|100%| O|  |TAMS 0x0000000088000000| PB 0x0000000088000000| Untracked 
| 129|0x0000000088100000, 0x0000000088200000, 0x0000000088200000|100%| O|  |TAMS 0x0000000088100000| PB 0x0000000088100000| Untracked 
| 130|0x0000000088200000, 0x0000000088300000, 0x0000000088300000|100%| O|  |TAMS 0x0000000088200000| PB 0x0000000088200000| Untracked 
| 131|0x0000000088300000, 0x0000000088400000, 0x0000000088400000|100%| O|  |TAMS 0x0000000088300000| PB 0x0000000088300000| Untracked 
| 132|0x0000000088400000, 0x0000000088500000, 0x0000000088500000|100%| O|  |TAMS 0x0000000088400000| PB 0x0000000088400000| Untracked 
| 133|0x0000000088500000, 0x0000000088600000, 0x0000000088600000|100%| O|  |TAMS 0x0000000088500000| PB 0x0000000088500000| Untracked 
| 134|0x0000000088600000, 0x0000000088700000, 0x0000000088700000|100%| O|  |TAMS 0x0000000088600000| PB 0x0000000088600000| Untracked 
| 135|0x0000000088700000, 0x0000000088800000, 0x0000000088800000|100%| O|  |TAMS 0x0000000088700000| PB 0x0000000088700000| Untracked 
| 136|0x0000000088800000, 0x0000000088900000, 0x0000000088900000|100%| O|  |TAMS 0x0000000088800000| PB 0x0000000088800000| Untracked 
| 137|0x0000000088900000, 0x0000000088a00000, 0x0000000088a00000|100%| O|  |TAMS 0x0000000088900000| PB 0x0000000088900000| Untracked 
| 138|0x0000000088a00000, 0x0000000088b00000, 0x0000000088b00000|100%|HS|  |TAMS 0x0000000088a00000| PB 0x0000000088a00000| Complete 
| 139|0x0000000088b00000, 0x0000000088c00000, 0x0000000088c00000|100%| O|  |TAMS 0x0000000088b00000| PB 0x0000000088b00000| Untracked 
| 140|0x0000000088c00000, 0x0000000088d00000, 0x0000000088d00000|100%|HS|  |TAMS 0x0000000088c00000| PB 0x0000000088c00000| Complete 
| 141|0x0000000088d00000, 0x0000000088e00000, 0x0000000088e00000|100%|HC|  |TAMS 0x0000000088d00000| PB 0x0000000088d00000| Complete 
| 142|0x0000000088e00000, 0x0000000088f00000, 0x0000000088f00000|100%|HS|  |TAMS 0x0000000088e00000| PB 0x0000000088e00000| Complete 
| 143|0x0000000088f00000, 0x0000000089000000, 0x0000000089000000|100%|HC|  |TAMS 0x0000000088f00000| PB 0x0000000088f00000| Complete 
| 144|0x0000000089000000, 0x0000000089100000, 0x0000000089100000|100%| O|Cm|TAMS 0x0000000089000000| PB 0x0000000089000000| Complete 
| 145|0x0000000089100000, 0x0000000089200000, 0x0000000089200000|100%| O|  |TAMS 0x0000000089100000| PB 0x0000000089100000| Untracked 
| 146|0x0000000089200000, 0x0000000089300000, 0x0000000089300000|100%| O|  |TAMS 0x0000000089200000| PB 0x0000000089200000| Untracked 
| 147|0x0000000089300000, 0x0000000089400000, 0x0000000089400000|100%| O|  |TAMS 0x0000000089300000| PB 0x0000000089300000| Untracked 
| 148|0x0000000089400000, 0x0000000089500000, 0x0000000089500000|100%| O|  |TAMS 0x0000000089400000| PB 0x0000000089400000| Untracked 
| 149|0x0000000089500000, 0x0000000089600000, 0x0000000089600000|100%| O|  |TAMS 0x0000000089500000| PB 0x0000000089500000| Untracked 
| 150|0x0000000089600000, 0x0000000089700000, 0x0000000089700000|100%| O|  |TAMS 0x0000000089600000| PB 0x0000000089600000| Untracked 
| 151|0x0000000089700000, 0x00000000897c9808, 0x0000000089800000| 78%| O|  |TAMS 0x0000000089700000| PB 0x0000000089700000| Untracked 
| 152|0x0000000089800000, 0x0000000089900000, 0x0000000089900000|100%| O|  |TAMS 0x0000000089800000| PB 0x0000000089800000| Untracked 
| 153|0x0000000089900000, 0x0000000089a00000, 0x0000000089a00000|100%| O|  |TAMS 0x0000000089900000| PB 0x0000000089900000| Untracked 
| 154|0x0000000089a00000, 0x0000000089b00000, 0x0000000089b00000|100%| O|  |TAMS 0x0000000089a00000| PB 0x0000000089a00000| Untracked 
| 155|0x0000000089b00000, 0x0000000089c00000, 0x0000000089c00000|100%| O|  |TAMS 0x0000000089b00000| PB 0x0000000089b00000| Untracked 
| 156|0x0000000089c00000, 0x0000000089d00000, 0x0000000089d00000|100%| O|  |TAMS 0x0000000089c00000| PB 0x0000000089c00000| Untracked 
| 157|0x0000000089d00000, 0x0000000089e00000, 0x0000000089e00000|100%| O|  |TAMS 0x0000000089d00000| PB 0x0000000089d00000| Untracked 
| 158|0x0000000089e00000, 0x0000000089f00000, 0x0000000089f00000|100%| O|  |TAMS 0x0000000089e00000| PB 0x0000000089e00000| Untracked 
| 159|0x0000000089f00000, 0x000000008a000000, 0x000000008a000000|100%| O|  |TAMS 0x0000000089f00000| PB 0x0000000089f00000| Untracked 
| 160|0x000000008a000000, 0x000000008a100000, 0x000000008a100000|100%| O|  |TAMS 0x000000008a000000| PB 0x000000008a000000| Untracked 
| 161|0x000000008a100000, 0x000000008a200000, 0x000000008a200000|100%| O|  |TAMS 0x000000008a100000| PB 0x000000008a100000| Untracked 
| 162|0x000000008a200000, 0x000000008a300000, 0x000000008a300000|100%| O|  |TAMS 0x000000008a200000| PB 0x000000008a200000| Untracked 
| 163|0x000000008a300000, 0x000000008a400000, 0x000000008a400000|100%| O|  |TAMS 0x000000008a300000| PB 0x000000008a300000| Untracked 
| 164|0x000000008a400000, 0x000000008a500000, 0x000000008a500000|100%| O|  |TAMS 0x000000008a400000| PB 0x000000008a400000| Untracked 
| 165|0x000000008a500000, 0x000000008a600000, 0x000000008a600000|100%| O|  |TAMS 0x000000008a500000| PB 0x000000008a500000| Untracked 
| 166|0x000000008a600000, 0x000000008a700000, 0x000000008a700000|100%| O|  |TAMS 0x000000008a600000| PB 0x000000008a600000| Untracked 
| 167|0x000000008a700000, 0x000000008a800000, 0x000000008a800000|100%| O|  |TAMS 0x000000008a700000| PB 0x000000008a700000| Untracked 
| 168|0x000000008a800000, 0x000000008a900000, 0x000000008a900000|100%| O|  |TAMS 0x000000008a800000| PB 0x000000008a800000| Untracked 
| 169|0x000000008a900000, 0x000000008aa00000, 0x000000008aa00000|100%| O|  |TAMS 0x000000008a900000| PB 0x000000008a900000| Untracked 
| 170|0x000000008aa00000, 0x000000008ab00000, 0x000000008ab00000|100%| O|  |TAMS 0x000000008aa00000| PB 0x000000008aa00000| Untracked 
| 171|0x000000008ab00000, 0x000000008ac00000, 0x000000008ac00000|100%| O|  |TAMS 0x000000008ab00000| PB 0x000000008ab00000| Untracked 
| 172|0x000000008ac00000, 0x000000008ad00000, 0x000000008ad00000|100%| O|  |TAMS 0x000000008ac00000| PB 0x000000008ac00000| Untracked 
| 173|0x000000008ad00000, 0x000000008ae00000, 0x000000008ae00000|100%| O|  |TAMS 0x000000008ad00000| PB 0x000000008ad00000| Untracked 
| 174|0x000000008ae00000, 0x000000008af00000, 0x000000008af00000|100%| O|  |TAMS 0x000000008ae00000| PB 0x000000008ae00000| Untracked 
| 175|0x000000008af00000, 0x000000008b000000, 0x000000008b000000|100%| O|  |TAMS 0x000000008af00000| PB 0x000000008af00000| Untracked 
| 176|0x000000008b000000, 0x000000008b100000, 0x000000008b100000|100%| O|  |TAMS 0x000000008b000000| PB 0x000000008b000000| Untracked 
| 177|0x000000008b100000, 0x000000008b200000, 0x000000008b200000|100%| O|  |TAMS 0x000000008b100000| PB 0x000000008b100000| Untracked 
| 178|0x000000008b200000, 0x000000008b300000, 0x000000008b300000|100%| O|  |TAMS 0x000000008b200000| PB 0x000000008b200000| Untracked 
| 179|0x000000008b300000, 0x000000008b400000, 0x000000008b400000|100%| O|  |TAMS 0x000000008b300000| PB 0x000000008b300000| Untracked 
| 180|0x000000008b400000, 0x000000008b500000, 0x000000008b500000|100%| O|  |TAMS 0x000000008b400000| PB 0x000000008b400000| Untracked 
| 181|0x000000008b500000, 0x000000008b600000, 0x000000008b600000|100%| O|  |TAMS 0x000000008b500000| PB 0x000000008b500000| Untracked 
| 182|0x000000008b600000, 0x000000008b700000, 0x000000008b700000|100%| O|  |TAMS 0x000000008b600000| PB 0x000000008b600000| Untracked 
| 183|0x000000008b700000, 0x000000008b800000, 0x000000008b800000|100%| O|  |TAMS 0x000000008b700000| PB 0x000000008b700000| Untracked 
| 184|0x000000008b800000, 0x000000008b900000, 0x000000008b900000|100%| O|  |TAMS 0x000000008b800000| PB 0x000000008b800000| Untracked 
| 185|0x000000008b900000, 0x000000008ba00000, 0x000000008ba00000|100%| O|  |TAMS 0x000000008b900000| PB 0x000000008b900000| Untracked 
| 186|0x000000008ba00000, 0x000000008bb00000, 0x000000008bb00000|100%| O|  |TAMS 0x000000008ba00000| PB 0x000000008ba00000| Untracked 
| 187|0x000000008bb00000, 0x000000008bc00000, 0x000000008bc00000|100%| O|  |TAMS 0x000000008bb00000| PB 0x000000008bb00000| Untracked 
| 188|0x000000008bc00000, 0x000000008bd00000, 0x000000008bd00000|100%| O|  |TAMS 0x000000008bc00000| PB 0x000000008bc00000| Untracked 
| 189|0x000000008bd00000, 0x000000008be00000, 0x000000008be00000|100%| O|  |TAMS 0x000000008bd00000| PB 0x000000008bd00000| Untracked 
| 190|0x000000008be00000, 0x000000008bf00000, 0x000000008bf00000|100%| O|  |TAMS 0x000000008be00000| PB 0x000000008be00000| Untracked 
| 191|0x000000008bf00000, 0x000000008c000000, 0x000000008c000000|100%|HS|  |TAMS 0x000000008bf00000| PB 0x000000008bf00000| Complete 
| 192|0x000000008c000000, 0x000000008c100000, 0x000000008c100000|100%| O|  |TAMS 0x000000008c000000| PB 0x000000008c000000| Untracked 
| 193|0x000000008c100000, 0x000000008c200000, 0x000000008c200000|100%| O|  |TAMS 0x000000008c100000| PB 0x000000008c100000| Untracked 
| 194|0x000000008c200000, 0x000000008c300000, 0x000000008c300000|100%| O|  |TAMS 0x000000008c200000| PB 0x000000008c200000| Untracked 
| 195|0x000000008c300000, 0x000000008c400000, 0x000000008c400000|100%| O|  |TAMS 0x000000008c300000| PB 0x000000008c300000| Untracked 
| 196|0x000000008c400000, 0x000000008c500000, 0x000000008c500000|100%| O|  |TAMS 0x000000008c400000| PB 0x000000008c400000| Untracked 
| 197|0x000000008c500000, 0x000000008c600000, 0x000000008c600000|100%| O|  |TAMS 0x000000008c500000| PB 0x000000008c500000| Untracked 
| 198|0x000000008c600000, 0x000000008c700000, 0x000000008c700000|100%| O|  |TAMS 0x000000008c600000| PB 0x000000008c600000| Untracked 
| 199|0x000000008c700000, 0x000000008c800000, 0x000000008c800000|100%| O|  |TAMS 0x000000008c700000| PB 0x000000008c700000| Untracked 
| 200|0x000000008c800000, 0x000000008c900000, 0x000000008c900000|100%| O|  |TAMS 0x000000008c800000| PB 0x000000008c800000| Untracked 
| 201|0x000000008c900000, 0x000000008ca00000, 0x000000008ca00000|100%| O|  |TAMS 0x000000008c900000| PB 0x000000008c900000| Untracked 
| 202|0x000000008ca00000, 0x000000008cb00000, 0x000000008cb00000|100%| O|  |TAMS 0x000000008ca00000| PB 0x000000008ca00000| Untracked 
| 203|0x000000008cb00000, 0x000000008cc00000, 0x000000008cc00000|100%| O|  |TAMS 0x000000008cb00000| PB 0x000000008cb00000| Untracked 
| 204|0x000000008cc00000, 0x000000008cd00000, 0x000000008cd00000|100%| O|  |TAMS 0x000000008cc00000| PB 0x000000008cc00000| Untracked 
| 205|0x000000008cd00000, 0x000000008ce00000, 0x000000008ce00000|100%| O|  |TAMS 0x000000008cd00000| PB 0x000000008cd00000| Untracked 
| 206|0x000000008ce00000, 0x000000008cf00000, 0x000000008cf00000|100%| O|  |TAMS 0x000000008ce00000| PB 0x000000008ce00000| Untracked 
| 207|0x000000008cf00000, 0x000000008d000000, 0x000000008d000000|100%| O|  |TAMS 0x000000008cf00000| PB 0x000000008cf00000| Untracked 
| 208|0x000000008d000000, 0x000000008d100000, 0x000000008d100000|100%| O|  |TAMS 0x000000008d000000| PB 0x000000008d000000| Untracked 
| 209|0x000000008d100000, 0x000000008d200000, 0x000000008d200000|100%| O|  |TAMS 0x000000008d100000| PB 0x000000008d100000| Untracked 
| 210|0x000000008d200000, 0x000000008d300000, 0x000000008d300000|100%| O|  |TAMS 0x000000008d200000| PB 0x000000008d200000| Untracked 
| 211|0x000000008d300000, 0x000000008d400000, 0x000000008d400000|100%| O|  |TAMS 0x000000008d300000| PB 0x000000008d300000| Untracked 
| 212|0x000000008d400000, 0x000000008d500000, 0x000000008d500000|100%| O|  |TAMS 0x000000008d400000| PB 0x000000008d400000| Untracked 
| 213|0x000000008d500000, 0x000000008d600000, 0x000000008d600000|100%| O|  |TAMS 0x000000008d500000| PB 0x000000008d500000| Untracked 
| 214|0x000000008d600000, 0x000000008d700000, 0x000000008d700000|100%| O|  |TAMS 0x000000008d600000| PB 0x000000008d600000| Untracked 
| 215|0x000000008d700000, 0x000000008d800000, 0x000000008d800000|100%| O|  |TAMS 0x000000008d700000| PB 0x000000008d700000| Untracked 
| 216|0x000000008d800000, 0x000000008d900000, 0x000000008d900000|100%| O|  |TAMS 0x000000008d800000| PB 0x000000008d800000| Untracked 
| 217|0x000000008d900000, 0x000000008da00000, 0x000000008da00000|100%| O|  |TAMS 0x000000008d900000| PB 0x000000008d900000| Untracked 
| 218|0x000000008da00000, 0x000000008db00000, 0x000000008db00000|100%| O|  |TAMS 0x000000008da00000| PB 0x000000008da00000| Untracked 
| 219|0x000000008db00000, 0x000000008dc00000, 0x000000008dc00000|100%| O|  |TAMS 0x000000008db00000| PB 0x000000008db00000| Untracked 
| 220|0x000000008dc00000, 0x000000008dd00000, 0x000000008dd00000|100%| O|  |TAMS 0x000000008dc00000| PB 0x000000008dc00000| Untracked 
| 221|0x000000008dd00000, 0x000000008de00000, 0x000000008de00000|100%| O|  |TAMS 0x000000008dd00000| PB 0x000000008dd00000| Untracked 
| 222|0x000000008de00000, 0x000000008df00000, 0x000000008df00000|100%| O|  |TAMS 0x000000008de00000| PB 0x000000008de00000| Untracked 
| 223|0x000000008df00000, 0x000000008e000000, 0x000000008e000000|100%| O|  |TAMS 0x000000008df00000| PB 0x000000008df00000| Untracked 
| 224|0x000000008e000000, 0x000000008e100000, 0x000000008e100000|100%| O|  |TAMS 0x000000008e000000| PB 0x000000008e000000| Untracked 
| 225|0x000000008e100000, 0x000000008e200000, 0x000000008e200000|100%| O|  |TAMS 0x000000008e100000| PB 0x000000008e100000| Untracked 
| 226|0x000000008e200000, 0x000000008e300000, 0x000000008e300000|100%| O|  |TAMS 0x000000008e200000| PB 0x000000008e200000| Untracked 
| 227|0x000000008e300000, 0x000000008e400000, 0x000000008e400000|100%| O|  |TAMS 0x000000008e300000| PB 0x000000008e300000| Untracked 
| 228|0x000000008e400000, 0x000000008e500000, 0x000000008e500000|100%| O|  |TAMS 0x000000008e400000| PB 0x000000008e400000| Untracked 
| 229|0x000000008e500000, 0x000000008e600000, 0x000000008e600000|100%| O|  |TAMS 0x000000008e500000| PB 0x000000008e500000| Untracked 
| 230|0x000000008e600000, 0x000000008e700000, 0x000000008e700000|100%| O|  |TAMS 0x000000008e600000| PB 0x000000008e600000| Untracked 
| 231|0x000000008e700000, 0x000000008e800000, 0x000000008e800000|100%| O|  |TAMS 0x000000008e700000| PB 0x000000008e700000| Untracked 
| 232|0x000000008e800000, 0x000000008e900000, 0x000000008e900000|100%| O|  |TAMS 0x000000008e800000| PB 0x000000008e800000| Untracked 
| 233|0x000000008e900000, 0x000000008ea00000, 0x000000008ea00000|100%| O|  |TAMS 0x000000008e900000| PB 0x000000008e900000| Untracked 
| 234|0x000000008ea00000, 0x000000008eb00000, 0x000000008eb00000|100%| O|  |TAMS 0x000000008ea00000| PB 0x000000008ea00000| Untracked 
| 235|0x000000008eb00000, 0x000000008ec00000, 0x000000008ec00000|100%| O|  |TAMS 0x000000008eb00000| PB 0x000000008eb00000| Untracked 
| 236|0x000000008ec00000, 0x000000008ed00000, 0x000000008ed00000|100%| O|  |TAMS 0x000000008ec00000| PB 0x000000008ec00000| Untracked 
| 237|0x000000008ed00000, 0x000000008ee00000, 0x000000008ee00000|100%| O|  |TAMS 0x000000008ed00000| PB 0x000000008ed00000| Untracked 
| 238|0x000000008ee00000, 0x000000008ef00000, 0x000000008ef00000|100%| O|  |TAMS 0x000000008ee00000| PB 0x000000008ee00000| Untracked 
| 239|0x000000008ef00000, 0x000000008f000000, 0x000000008f000000|100%| O|  |TAMS 0x000000008ef00000| PB 0x000000008ef00000| Untracked 
| 240|0x000000008f000000, 0x000000008f100000, 0x000000008f100000|100%| O|  |TAMS 0x000000008f000000| PB 0x000000008f000000| Untracked 
| 241|0x000000008f100000, 0x000000008f200000, 0x000000008f200000|100%| O|  |TAMS 0x000000008f100000| PB 0x000000008f100000| Untracked 
| 242|0x000000008f200000, 0x000000008f300000, 0x000000008f300000|100%| O|  |TAMS 0x000000008f200000| PB 0x000000008f200000| Untracked 
| 243|0x000000008f300000, 0x000000008f400000, 0x000000008f400000|100%| O|  |TAMS 0x000000008f300000| PB 0x000000008f300000| Untracked 
| 244|0x000000008f400000, 0x000000008f500000, 0x000000008f500000|100%| O|  |TAMS 0x000000008f400000| PB 0x000000008f400000| Untracked 
| 245|0x000000008f500000, 0x000000008f600000, 0x000000008f600000|100%| O|  |TAMS 0x000000008f500000| PB 0x000000008f500000| Untracked 
| 246|0x000000008f600000, 0x000000008f700000, 0x000000008f700000|100%| O|  |TAMS 0x000000008f600000| PB 0x000000008f600000| Untracked 
| 247|0x000000008f700000, 0x000000008f800000, 0x000000008f800000|100%| O|  |TAMS 0x000000008f700000| PB 0x000000008f700000| Untracked 
| 248|0x000000008f800000, 0x000000008f900000, 0x000000008f900000|100%| O|  |TAMS 0x000000008f800000| PB 0x000000008f800000| Untracked 
| 249|0x000000008f900000, 0x000000008fa00000, 0x000000008fa00000|100%| O|  |TAMS 0x000000008f900000| PB 0x000000008f900000| Untracked 
| 250|0x000000008fa00000, 0x000000008fb00000, 0x000000008fb00000|100%| O|  |TAMS 0x000000008fa00000| PB 0x000000008fa00000| Untracked 
| 251|0x000000008fb00000, 0x000000008fc00000, 0x000000008fc00000|100%| O|  |TAMS 0x000000008fb00000| PB 0x000000008fb00000| Untracked 
| 252|0x000000008fc00000, 0x000000008fd00000, 0x000000008fd00000|100%| O|  |TAMS 0x000000008fc00000| PB 0x000000008fc00000| Untracked 
| 253|0x000000008fd00000, 0x000000008fe00000, 0x000000008fe00000|100%| O|  |TAMS 0x000000008fd00000| PB 0x000000008fd00000| Untracked 
| 254|0x000000008fe00000, 0x000000008ff00000, 0x000000008ff00000|100%| O|  |TAMS 0x000000008fe00000| PB 0x000000008fe00000| Untracked 
| 255|0x000000008ff00000, 0x0000000090000000, 0x0000000090000000|100%| O|  |TAMS 0x000000008ff00000| PB 0x000000008ff00000| Untracked 
| 256|0x0000000090000000, 0x0000000090100000, 0x0000000090100000|100%| O|  |TAMS 0x0000000090000000| PB 0x0000000090000000| Untracked 
| 257|0x0000000090100000, 0x0000000090200000, 0x0000000090200000|100%| O|  |TAMS 0x0000000090100000| PB 0x0000000090100000| Untracked 
| 258|0x0000000090200000, 0x0000000090300000, 0x0000000090300000|100%| O|  |TAMS 0x0000000090200000| PB 0x0000000090200000| Untracked 
| 259|0x0000000090300000, 0x0000000090400000, 0x0000000090400000|100%| O|  |TAMS 0x0000000090300000| PB 0x0000000090300000| Untracked 
| 260|0x0000000090400000, 0x0000000090500000, 0x0000000090500000|100%| O|  |TAMS 0x0000000090400000| PB 0x0000000090400000| Untracked 
| 261|0x0000000090500000, 0x0000000090600000, 0x0000000090600000|100%| O|  |TAMS 0x0000000090500000| PB 0x0000000090500000| Untracked 
| 262|0x0000000090600000, 0x0000000090700000, 0x0000000090700000|100%| O|  |TAMS 0x0000000090600000| PB 0x0000000090600000| Untracked 
| 263|0x0000000090700000, 0x0000000090800000, 0x0000000090800000|100%| O|  |TAMS 0x0000000090700000| PB 0x0000000090700000| Untracked 
| 264|0x0000000090800000, 0x0000000090900000, 0x0000000090900000|100%| O|  |TAMS 0x0000000090800000| PB 0x0000000090800000| Untracked 
| 265|0x0000000090900000, 0x0000000090a00000, 0x0000000090a00000|100%| O|  |TAMS 0x0000000090900000| PB 0x0000000090900000| Untracked 
| 266|0x0000000090a00000, 0x0000000090b00000, 0x0000000090b00000|100%| O|  |TAMS 0x0000000090a00000| PB 0x0000000090a00000| Untracked 
| 267|0x0000000090b00000, 0x0000000090c00000, 0x0000000090c00000|100%| O|  |TAMS 0x0000000090b00000| PB 0x0000000090b00000| Untracked 
| 268|0x0000000090c00000, 0x0000000090d00000, 0x0000000090d00000|100%| O|  |TAMS 0x0000000090c00000| PB 0x0000000090c00000| Untracked 
| 269|0x0000000090d00000, 0x0000000090e00000, 0x0000000090e00000|100%|HS|  |TAMS 0x0000000090d00000| PB 0x0000000090d00000| Complete 
| 270|0x0000000090e00000, 0x0000000090f00000, 0x0000000090f00000|100%|HC|  |TAMS 0x0000000090e00000| PB 0x0000000090e00000| Complete 
| 271|0x0000000090f00000, 0x0000000091000000, 0x0000000091000000|100%| O|  |TAMS 0x0000000090f00000| PB 0x0000000090f00000| Untracked 
| 272|0x0000000091000000, 0x0000000091100000, 0x0000000091100000|100%| O|  |TAMS 0x0000000091000000| PB 0x0000000091000000| Untracked 
| 273|0x0000000091100000, 0x0000000091200000, 0x0000000091200000|100%| O|  |TAMS 0x0000000091100000| PB 0x0000000091100000| Untracked 
| 274|0x0000000091200000, 0x0000000091300000, 0x0000000091300000|100%| O|  |TAMS 0x0000000091200000| PB 0x0000000091200000| Untracked 
| 275|0x0000000091300000, 0x0000000091400000, 0x0000000091400000|100%| O|  |TAMS 0x0000000091300000| PB 0x0000000091300000| Untracked 
| 276|0x0000000091400000, 0x0000000091500000, 0x0000000091500000|100%| O|  |TAMS 0x0000000091400000| PB 0x0000000091400000| Untracked 
| 277|0x0000000091500000, 0x0000000091600000, 0x0000000091600000|100%| O|  |TAMS 0x0000000091500000| PB 0x0000000091500000| Untracked 
| 278|0x0000000091600000, 0x0000000091700000, 0x0000000091700000|100%| O|  |TAMS 0x0000000091600000| PB 0x0000000091600000| Untracked 
| 279|0x0000000091700000, 0x0000000091800000, 0x0000000091800000|100%| O|  |TAMS 0x0000000091700000| PB 0x0000000091700000| Untracked 
| 280|0x0000000091800000, 0x0000000091900000, 0x0000000091900000|100%| O|  |TAMS 0x0000000091800000| PB 0x0000000091800000| Untracked 
| 281|0x0000000091900000, 0x0000000091a00000, 0x0000000091a00000|100%|HS|  |TAMS 0x0000000091900000| PB 0x0000000091900000| Complete 
| 282|0x0000000091a00000, 0x0000000091b00000, 0x0000000091b00000|100%| O|  |TAMS 0x0000000091a00000| PB 0x0000000091a00000| Untracked 
| 283|0x0000000091b00000, 0x0000000091c00000, 0x0000000091c00000|100%| O|  |TAMS 0x0000000091b00000| PB 0x0000000091b00000| Untracked 
| 284|0x0000000091c00000, 0x0000000091d00000, 0x0000000091d00000|100%| O|  |TAMS 0x0000000091c00000| PB 0x0000000091c00000| Untracked 
| 285|0x0000000091d00000, 0x0000000091e00000, 0x0000000091e00000|100%|HS|  |TAMS 0x0000000091d00000| PB 0x0000000091d00000| Complete 
| 286|0x0000000091e00000, 0x0000000091f00000, 0x0000000091f00000|100%| O|  |TAMS 0x0000000091e00000| PB 0x0000000091e00000| Untracked 
| 287|0x0000000091f00000, 0x0000000092000000, 0x0000000092000000|100%| O|  |TAMS 0x0000000091f00000| PB 0x0000000091f00000| Untracked 
| 288|0x0000000092000000, 0x0000000092100000, 0x0000000092100000|100%| O|  |TAMS 0x0000000092000000| PB 0x0000000092000000| Untracked 
| 289|0x0000000092100000, 0x0000000092200000, 0x0000000092200000|100%| O|  |TAMS 0x0000000092100000| PB 0x0000000092100000| Untracked 
| 290|0x0000000092200000, 0x0000000092300000, 0x0000000092300000|100%| O|  |TAMS 0x0000000092200000| PB 0x0000000092200000| Untracked 
| 291|0x0000000092300000, 0x0000000092400000, 0x0000000092400000|100%| O|  |TAMS 0x0000000092300000| PB 0x0000000092300000| Untracked 
| 292|0x0000000092400000, 0x0000000092500000, 0x0000000092500000|100%| O|  |TAMS 0x0000000092400000| PB 0x0000000092400000| Untracked 
| 293|0x0000000092500000, 0x0000000092600000, 0x0000000092600000|100%| O|  |TAMS 0x0000000092500000| PB 0x0000000092500000| Untracked 
| 294|0x0000000092600000, 0x0000000092700000, 0x0000000092700000|100%| O|  |TAMS 0x0000000092600000| PB 0x0000000092600000| Untracked 
| 295|0x0000000092700000, 0x0000000092800000, 0x0000000092800000|100%| O|  |TAMS 0x0000000092700000| PB 0x0000000092700000| Untracked 
| 296|0x0000000092800000, 0x0000000092900000, 0x0000000092900000|100%| O|  |TAMS 0x0000000092800000| PB 0x0000000092800000| Untracked 
| 297|0x0000000092900000, 0x0000000092a00000, 0x0000000092a00000|100%| O|  |TAMS 0x0000000092900000| PB 0x0000000092900000| Untracked 
| 298|0x0000000092a00000, 0x0000000092b00000, 0x0000000092b00000|100%| O|  |TAMS 0x0000000092a00000| PB 0x0000000092a00000| Untracked 
| 299|0x0000000092b00000, 0x0000000092c00000, 0x0000000092c00000|100%| O|  |TAMS 0x0000000092b00000| PB 0x0000000092b00000| Untracked 
| 300|0x0000000092c00000, 0x0000000092d00000, 0x0000000092d00000|100%| O|  |TAMS 0x0000000092c00000| PB 0x0000000092c00000| Untracked 
| 301|0x0000000092d00000, 0x0000000092e00000, 0x0000000092e00000|100%| O|  |TAMS 0x0000000092d00000| PB 0x0000000092d00000| Untracked 
| 302|0x0000000092e00000, 0x0000000092f00000, 0x0000000092f00000|100%| O|  |TAMS 0x0000000092e00000| PB 0x0000000092e00000| Untracked 
| 303|0x0000000092f00000, 0x0000000093000000, 0x0000000093000000|100%| O|  |TAMS 0x0000000092f00000| PB 0x0000000092f00000| Untracked 
| 304|0x0000000093000000, 0x0000000093100000, 0x0000000093100000|100%| O|  |TAMS 0x0000000093000000| PB 0x0000000093000000| Untracked 
| 305|0x0000000093100000, 0x0000000093200000, 0x0000000093200000|100%| O|  |TAMS 0x0000000093100000| PB 0x0000000093100000| Untracked 
| 306|0x0000000093200000, 0x0000000093300000, 0x0000000093300000|100%| O|  |TAMS 0x0000000093200000| PB 0x0000000093200000| Untracked 
| 307|0x0000000093300000, 0x0000000093400000, 0x0000000093400000|100%| O|  |TAMS 0x0000000093300000| PB 0x0000000093300000| Untracked 
| 308|0x0000000093400000, 0x0000000093500000, 0x0000000093500000|100%| O|  |TAMS 0x0000000093400000| PB 0x0000000093400000| Untracked 
| 309|0x0000000093500000, 0x0000000093600000, 0x0000000093600000|100%| O|  |TAMS 0x0000000093500000| PB 0x0000000093500000| Untracked 
| 310|0x0000000093600000, 0x0000000093700000, 0x0000000093700000|100%|HS|  |TAMS 0x0000000093600000| PB 0x0000000093600000| Complete 
| 311|0x0000000093700000, 0x0000000093800000, 0x0000000093800000|100%|HC|  |TAMS 0x0000000093700000| PB 0x0000000093700000| Complete 
| 312|0x0000000093800000, 0x0000000093900000, 0x0000000093900000|100%|HS|  |TAMS 0x0000000093800000| PB 0x0000000093800000| Complete 
| 313|0x0000000093900000, 0x0000000093a00000, 0x0000000093a00000|100%|HC|  |TAMS 0x0000000093900000| PB 0x0000000093900000| Complete 
| 314|0x0000000093a00000, 0x0000000093b00000, 0x0000000093b00000|100%| O|  |TAMS 0x0000000093a00000| PB 0x0000000093a00000| Untracked 
| 315|0x0000000093b00000, 0x0000000093c00000, 0x0000000093c00000|100%| O|  |TAMS 0x0000000093b00000| PB 0x0000000093b00000| Untracked 
| 316|0x0000000093c00000, 0x0000000093d00000, 0x0000000093d00000|100%| O|  |TAMS 0x0000000093c00000| PB 0x0000000093c00000| Untracked 
| 317|0x0000000093d00000, 0x0000000093e00000, 0x0000000093e00000|100%| O|  |TAMS 0x0000000093d00000| PB 0x0000000093d00000| Untracked 
| 318|0x0000000093e00000, 0x0000000093f00000, 0x0000000093f00000|100%| O|  |TAMS 0x0000000093e00000| PB 0x0000000093e00000| Untracked 
| 319|0x0000000093f00000, 0x0000000094000000, 0x0000000094000000|100%| O|  |TAMS 0x0000000093f00000| PB 0x0000000093f00000| Untracked 
| 320|0x0000000094000000, 0x0000000094100000, 0x0000000094100000|100%| O|  |TAMS 0x0000000094000000| PB 0x0000000094000000| Untracked 
| 321|0x0000000094100000, 0x0000000094200000, 0x0000000094200000|100%| O|  |TAMS 0x0000000094100000| PB 0x0000000094100000| Untracked 
| 322|0x0000000094200000, 0x0000000094300000, 0x0000000094300000|100%| O|  |TAMS 0x0000000094200000| PB 0x0000000094200000| Untracked 
| 323|0x0000000094300000, 0x0000000094400000, 0x0000000094400000|100%| O|  |TAMS 0x0000000094300000| PB 0x0000000094300000| Untracked 
| 324|0x0000000094400000, 0x0000000094500000, 0x0000000094500000|100%| O|  |TAMS 0x0000000094400000| PB 0x0000000094400000| Untracked 
| 325|0x0000000094500000, 0x0000000094600000, 0x0000000094600000|100%| O|  |TAMS 0x0000000094500000| PB 0x0000000094500000| Untracked 
| 326|0x0000000094600000, 0x0000000094700000, 0x0000000094700000|100%| O|  |TAMS 0x0000000094600000| PB 0x0000000094600000| Untracked 
| 327|0x0000000094700000, 0x0000000094800000, 0x0000000094800000|100%| O|  |TAMS 0x0000000094700000| PB 0x0000000094700000| Untracked 
| 328|0x0000000094800000, 0x0000000094900000, 0x0000000094900000|100%| O|  |TAMS 0x0000000094800000| PB 0x0000000094800000| Untracked 
| 329|0x0000000094900000, 0x0000000094a00000, 0x0000000094a00000|100%| O|  |TAMS 0x0000000094900000| PB 0x0000000094900000| Untracked 
| 330|0x0000000094a00000, 0x0000000094b00000, 0x0000000094b00000|100%| O|  |TAMS 0x0000000094a00000| PB 0x0000000094a00000| Untracked 
| 331|0x0000000094b00000, 0x0000000094c00000, 0x0000000094c00000|100%| O|  |TAMS 0x0000000094b00000| PB 0x0000000094b00000| Untracked 
| 332|0x0000000094c00000, 0x0000000094d00000, 0x0000000094d00000|100%| O|  |TAMS 0x0000000094c00000| PB 0x0000000094c00000| Untracked 
| 333|0x0000000094d00000, 0x0000000094e00000, 0x0000000094e00000|100%| O|  |TAMS 0x0000000094d00000| PB 0x0000000094d00000| Untracked 
| 334|0x0000000094e00000, 0x0000000094f00000, 0x0000000094f00000|100%| O|  |TAMS 0x0000000094e00000| PB 0x0000000094e00000| Untracked 
| 335|0x0000000094f00000, 0x0000000095000000, 0x0000000095000000|100%| O|  |TAMS 0x0000000094f00000| PB 0x0000000094f00000| Untracked 
| 336|0x0000000095000000, 0x0000000095100000, 0x0000000095100000|100%| O|  |TAMS 0x0000000095000000| PB 0x0000000095000000| Untracked 
| 337|0x0000000095100000, 0x0000000095200000, 0x0000000095200000|100%| O|  |TAMS 0x0000000095100000| PB 0x0000000095100000| Untracked 
| 338|0x0000000095200000, 0x0000000095300000, 0x0000000095300000|100%| O|  |TAMS 0x0000000095200000| PB 0x0000000095200000| Untracked 
| 339|0x0000000095300000, 0x0000000095400000, 0x0000000095400000|100%| O|  |TAMS 0x0000000095300000| PB 0x0000000095300000| Untracked 
| 340|0x0000000095400000, 0x0000000095500000, 0x0000000095500000|100%| O|  |TAMS 0x0000000095400000| PB 0x0000000095400000| Untracked 
| 341|0x0000000095500000, 0x0000000095600000, 0x0000000095600000|100%| O|  |TAMS 0x0000000095500000| PB 0x0000000095500000| Untracked 
| 342|0x0000000095600000, 0x0000000095700000, 0x0000000095700000|100%| O|  |TAMS 0x0000000095600000| PB 0x0000000095600000| Untracked 
| 343|0x0000000095700000, 0x0000000095800000, 0x0000000095800000|100%| O|  |TAMS 0x0000000095700000| PB 0x0000000095700000| Untracked 
| 344|0x0000000095800000, 0x0000000095900000, 0x0000000095900000|100%| O|  |TAMS 0x0000000095800000| PB 0x0000000095800000| Untracked 
| 345|0x0000000095900000, 0x0000000095a00000, 0x0000000095a00000|100%| O|  |TAMS 0x0000000095900000| PB 0x0000000095900000| Untracked 
| 346|0x0000000095a00000, 0x0000000095a00000, 0x0000000095b00000|  0%| F|  |TAMS 0x0000000095a00000| PB 0x0000000095a00000| Untracked 
| 347|0x0000000095b00000, 0x0000000095c00000, 0x0000000095c00000|100%| O|  |TAMS 0x0000000095b00000| PB 0x0000000095b00000| Untracked 
| 348|0x0000000095c00000, 0x0000000095d00000, 0x0000000095d00000|100%| O|  |TAMS 0x0000000095c00000| PB 0x0000000095c00000| Untracked 
| 349|0x0000000095d00000, 0x0000000095e00000, 0x0000000095e00000|100%| O|  |TAMS 0x0000000095d00000| PB 0x0000000095d00000| Untracked 
| 350|0x0000000095e00000, 0x0000000095f00000, 0x0000000095f00000|100%| O|  |TAMS 0x0000000095e00000| PB 0x0000000095e00000| Untracked 
| 351|0x0000000095f00000, 0x0000000096000000, 0x0000000096000000|100%| O|  |TAMS 0x0000000095f00000| PB 0x0000000095f00000| Untracked 
| 352|0x0000000096000000, 0x0000000096100000, 0x0000000096100000|100%| O|  |TAMS 0x0000000096000000| PB 0x0000000096000000| Untracked 
| 353|0x0000000096100000, 0x0000000096200000, 0x0000000096200000|100%| O|  |TAMS 0x0000000096100000| PB 0x0000000096100000| Untracked 
| 354|0x0000000096200000, 0x0000000096300000, 0x0000000096300000|100%| O|  |TAMS 0x0000000096200000| PB 0x0000000096200000| Untracked 
| 355|0x0000000096300000, 0x0000000096400000, 0x0000000096400000|100%| O|  |TAMS 0x0000000096300000| PB 0x0000000096300000| Untracked 
| 356|0x0000000096400000, 0x0000000096500000, 0x0000000096500000|100%| O|  |TAMS 0x0000000096400000| PB 0x0000000096400000| Untracked 
| 357|0x0000000096500000, 0x0000000096600000, 0x0000000096600000|100%| O|  |TAMS 0x0000000096500000| PB 0x0000000096500000| Untracked 
| 358|0x0000000096600000, 0x0000000096600000, 0x0000000096700000|  0%| F|  |TAMS 0x0000000096600000| PB 0x0000000096600000| Untracked 
| 359|0x0000000096700000, 0x0000000096800000, 0x0000000096800000|100%| O|  |TAMS 0x0000000096700000| PB 0x0000000096700000| Untracked 
| 360|0x0000000096800000, 0x0000000096900000, 0x0000000096900000|100%| O|  |TAMS 0x0000000096800000| PB 0x0000000096800000| Untracked 
| 361|0x0000000096900000, 0x0000000096a00000, 0x0000000096a00000|100%| O|  |TAMS 0x0000000096900000| PB 0x0000000096900000| Untracked 
| 362|0x0000000096a00000, 0x0000000096b00000, 0x0000000096b00000|100%| O|  |TAMS 0x0000000096a00000| PB 0x0000000096a00000| Untracked 
| 363|0x0000000096b00000, 0x0000000096c00000, 0x0000000096c00000|100%| O|  |TAMS 0x0000000096b00000| PB 0x0000000096b00000| Untracked 
| 364|0x0000000096c00000, 0x0000000096d00000, 0x0000000096d00000|100%| O|  |TAMS 0x0000000096c00000| PB 0x0000000096c00000| Untracked 
| 365|0x0000000096d00000, 0x0000000096e00000, 0x0000000096e00000|100%| O|  |TAMS 0x0000000096d00000| PB 0x0000000096d00000| Untracked 
| 366|0x0000000096e00000, 0x0000000096f00000, 0x0000000096f00000|100%| O|  |TAMS 0x0000000096e00000| PB 0x0000000096e00000| Untracked 
| 367|0x0000000096f00000, 0x0000000097000000, 0x0000000097000000|100%| O|  |TAMS 0x0000000096f00000| PB 0x0000000096f00000| Untracked 
| 368|0x0000000097000000, 0x0000000097100000, 0x0000000097100000|100%| O|  |TAMS 0x0000000097000000| PB 0x0000000097000000| Untracked 
| 369|0x0000000097100000, 0x0000000097200000, 0x0000000097200000|100%| O|  |TAMS 0x0000000097100000| PB 0x0000000097100000| Untracked 
| 370|0x0000000097200000, 0x0000000097300000, 0x0000000097300000|100%| O|  |TAMS 0x0000000097200000| PB 0x0000000097200000| Untracked 
| 371|0x0000000097300000, 0x0000000097400000, 0x0000000097400000|100%| O|  |TAMS 0x0000000097300000| PB 0x0000000097300000| Untracked 
| 372|0x0000000097400000, 0x0000000097500000, 0x0000000097500000|100%| O|  |TAMS 0x0000000097400000| PB 0x0000000097400000| Untracked 
| 373|0x0000000097500000, 0x0000000097600000, 0x0000000097600000|100%| O|  |TAMS 0x0000000097500000| PB 0x0000000097500000| Untracked 
| 374|0x0000000097600000, 0x0000000097600000, 0x0000000097700000|  0%| F|  |TAMS 0x0000000097600000| PB 0x0000000097600000| Untracked 
| 375|0x0000000097700000, 0x0000000097800000, 0x0000000097800000|100%| O|  |TAMS 0x0000000097700000| PB 0x0000000097700000| Untracked 
| 376|0x0000000097800000, 0x0000000097900000, 0x0000000097900000|100%| O|  |TAMS 0x0000000097800000| PB 0x0000000097800000| Untracked 
| 377|0x0000000097900000, 0x0000000097a00000, 0x0000000097a00000|100%| O|  |TAMS 0x0000000097900000| PB 0x0000000097900000| Untracked 
| 378|0x0000000097a00000, 0x0000000097b00000, 0x0000000097b00000|100%| O|  |TAMS 0x0000000097a00000| PB 0x0000000097a00000| Untracked 
| 379|0x0000000097b00000, 0x0000000097c00000, 0x0000000097c00000|100%| O|  |TAMS 0x0000000097b00000| PB 0x0000000097b00000| Untracked 
| 380|0x0000000097c00000, 0x0000000097d00000, 0x0000000097d00000|100%| O|  |TAMS 0x0000000097c00000| PB 0x0000000097c00000| Untracked 
| 381|0x0000000097d00000, 0x0000000097e00000, 0x0000000097e00000|100%| O|  |TAMS 0x0000000097d00000| PB 0x0000000097d00000| Untracked 
| 382|0x0000000097e00000, 0x0000000097f00000, 0x0000000097f00000|100%| O|  |TAMS 0x0000000097e00000| PB 0x0000000097e00000| Untracked 
| 383|0x0000000097f00000, 0x0000000098000000, 0x0000000098000000|100%| O|  |TAMS 0x0000000097f00000| PB 0x0000000097f00000| Untracked 
| 384|0x0000000098000000, 0x0000000098100000, 0x0000000098100000|100%| O|  |TAMS 0x0000000098000000| PB 0x0000000098000000| Untracked 
| 385|0x0000000098100000, 0x0000000098200000, 0x0000000098200000|100%| O|  |TAMS 0x0000000098100000| PB 0x0000000098100000| Untracked 
| 386|0x0000000098200000, 0x0000000098300000, 0x0000000098300000|100%| O|  |TAMS 0x0000000098200000| PB 0x0000000098200000| Untracked 
| 387|0x0000000098300000, 0x0000000098400000, 0x0000000098400000|100%| O|  |TAMS 0x0000000098300000| PB 0x0000000098300000| Untracked 
| 388|0x0000000098400000, 0x0000000098500000, 0x0000000098500000|100%| O|  |TAMS 0x0000000098400000| PB 0x0000000098400000| Untracked 
| 389|0x0000000098500000, 0x0000000098600000, 0x0000000098600000|100%| O|  |TAMS 0x0000000098500000| PB 0x0000000098500000| Untracked 
| 390|0x0000000098600000, 0x0000000098700000, 0x0000000098700000|100%| O|  |TAMS 0x0000000098600000| PB 0x0000000098600000| Untracked 
| 391|0x0000000098700000, 0x0000000098800000, 0x0000000098800000|100%| O|  |TAMS 0x0000000098700000| PB 0x0000000098700000| Untracked 
| 392|0x0000000098800000, 0x0000000098800000, 0x0000000098900000|  0%| F|  |TAMS 0x0000000098800000| PB 0x0000000098800000| Untracked 
| 393|0x0000000098900000, 0x0000000098a00000, 0x0000000098a00000|100%| O|  |TAMS 0x0000000098900000| PB 0x0000000098900000| Untracked 
| 394|0x0000000098a00000, 0x0000000098b00000, 0x0000000098b00000|100%| O|  |TAMS 0x0000000098a00000| PB 0x0000000098a00000| Untracked 
| 395|0x0000000098b00000, 0x0000000098c00000, 0x0000000098c00000|100%| O|  |TAMS 0x0000000098b00000| PB 0x0000000098b00000| Untracked 
| 396|0x0000000098c00000, 0x0000000098d00000, 0x0000000098d00000|100%| O|  |TAMS 0x0000000098c00000| PB 0x0000000098c00000| Untracked 
| 397|0x0000000098d00000, 0x0000000098e00000, 0x0000000098e00000|100%| O|  |TAMS 0x0000000098d00000| PB 0x0000000098d00000| Untracked 
| 398|0x0000000098e00000, 0x0000000098f00000, 0x0000000098f00000|100%| O|  |TAMS 0x0000000098e00000| PB 0x0000000098e00000| Untracked 
| 399|0x0000000098f00000, 0x0000000099000000, 0x0000000099000000|100%| O|  |TAMS 0x0000000098f00000| PB 0x0000000098f00000| Untracked 
| 400|0x0000000099000000, 0x0000000099100000, 0x0000000099100000|100%| O|  |TAMS 0x0000000099000000| PB 0x0000000099000000| Untracked 
| 401|0x0000000099100000, 0x0000000099200000, 0x0000000099200000|100%| O|  |TAMS 0x0000000099100000| PB 0x0000000099100000| Untracked 
| 402|0x0000000099200000, 0x0000000099300000, 0x0000000099300000|100%| O|  |TAMS 0x0000000099200000| PB 0x0000000099200000| Untracked 
| 403|0x0000000099300000, 0x0000000099400000, 0x0000000099400000|100%| O|  |TAMS 0x0000000099300000| PB 0x0000000099300000| Untracked 
| 404|0x0000000099400000, 0x0000000099500000, 0x0000000099500000|100%| O|  |TAMS 0x0000000099400000| PB 0x0000000099400000| Untracked 
| 405|0x0000000099500000, 0x0000000099600000, 0x0000000099600000|100%| O|  |TAMS 0x0000000099500000| PB 0x0000000099500000| Untracked 
| 406|0x0000000099600000, 0x0000000099700000, 0x0000000099700000|100%| O|  |TAMS 0x0000000099600000| PB 0x0000000099600000| Untracked 
| 407|0x0000000099700000, 0x0000000099800000, 0x0000000099800000|100%| O|  |TAMS 0x0000000099700000| PB 0x0000000099700000| Untracked 
| 408|0x0000000099800000, 0x0000000099800000, 0x0000000099900000|  0%| F|  |TAMS 0x0000000099800000| PB 0x0000000099800000| Untracked 
| 409|0x0000000099900000, 0x0000000099a00000, 0x0000000099a00000|100%| O|  |TAMS 0x0000000099900000| PB 0x0000000099900000| Untracked 
| 410|0x0000000099a00000, 0x0000000099a00000, 0x0000000099b00000|  0%| F|  |TAMS 0x0000000099a00000| PB 0x0000000099a00000| Untracked 
| 411|0x0000000099b00000, 0x0000000099c00000, 0x0000000099c00000|100%| O|  |TAMS 0x0000000099b00000| PB 0x0000000099b00000| Untracked 
| 412|0x0000000099c00000, 0x0000000099d00000, 0x0000000099d00000|100%| O|  |TAMS 0x0000000099c00000| PB 0x0000000099c00000| Untracked 
| 413|0x0000000099d00000, 0x0000000099e00000, 0x0000000099e00000|100%| O|  |TAMS 0x0000000099d00000| PB 0x0000000099d00000| Untracked 
| 414|0x0000000099e00000, 0x0000000099f00000, 0x0000000099f00000|100%| O|  |TAMS 0x0000000099e00000| PB 0x0000000099e00000| Untracked 
| 415|0x0000000099f00000, 0x0000000099f00000, 0x000000009a000000|  0%| F|  |TAMS 0x0000000099f00000| PB 0x0000000099f00000| Untracked 
| 416|0x000000009a000000, 0x000000009a100000, 0x000000009a100000|100%| O|  |TAMS 0x000000009a000000| PB 0x000000009a000000| Untracked 
| 417|0x000000009a100000, 0x000000009a100000, 0x000000009a200000|  0%| F|  |TAMS 0x000000009a100000| PB 0x000000009a100000| Untracked 
| 418|0x000000009a200000, 0x000000009a200000, 0x000000009a300000|  0%| F|  |TAMS 0x000000009a200000| PB 0x000000009a200000| Untracked 
| 419|0x000000009a300000, 0x000000009a300000, 0x000000009a400000|  0%| F|  |TAMS 0x000000009a300000| PB 0x000000009a300000| Untracked 
| 420|0x000000009a400000, 0x000000009a500000, 0x000000009a500000|100%| O|  |TAMS 0x000000009a400000| PB 0x000000009a400000| Untracked 
| 421|0x000000009a500000, 0x000000009a600000, 0x000000009a600000|100%| O|  |TAMS 0x000000009a500000| PB 0x000000009a500000| Untracked 
| 422|0x000000009a600000, 0x000000009a600000, 0x000000009a700000|  0%| F|  |TAMS 0x000000009a600000| PB 0x000000009a600000| Untracked 
| 423|0x000000009a700000, 0x000000009a800000, 0x000000009a800000|100%| O|  |TAMS 0x000000009a700000| PB 0x000000009a700000| Untracked 
| 424|0x000000009a800000, 0x000000009a900000, 0x000000009a900000|100%| O|  |TAMS 0x000000009a800000| PB 0x000000009a800000| Untracked 
| 425|0x000000009a900000, 0x000000009aa00000, 0x000000009aa00000|100%| O|  |TAMS 0x000000009a900000| PB 0x000000009a900000| Untracked 
| 426|0x000000009aa00000, 0x000000009ab00000, 0x000000009ab00000|100%| O|  |TAMS 0x000000009aa00000| PB 0x000000009aa00000| Untracked 
| 427|0x000000009ab00000, 0x000000009ac00000, 0x000000009ac00000|100%| O|  |TAMS 0x000000009ab00000| PB 0x000000009ab00000| Untracked 
| 428|0x000000009ac00000, 0x000000009ad00000, 0x000000009ad00000|100%| O|  |TAMS 0x000000009ac00000| PB 0x000000009ac00000| Untracked 
| 429|0x000000009ad00000, 0x000000009ae00000, 0x000000009ae00000|100%| O|  |TAMS 0x000000009ad00000| PB 0x000000009ad00000| Untracked 
| 430|0x000000009ae00000, 0x000000009af00000, 0x000000009af00000|100%| O|  |TAMS 0x000000009ae00000| PB 0x000000009ae00000| Untracked 
| 431|0x000000009af00000, 0x000000009af00000, 0x000000009b000000|  0%| F|  |TAMS 0x000000009af00000| PB 0x000000009af00000| Untracked 
| 432|0x000000009b000000, 0x000000009b000000, 0x000000009b100000|  0%| F|  |TAMS 0x000000009b000000| PB 0x000000009b000000| Untracked 
| 433|0x000000009b100000, 0x000000009b200000, 0x000000009b200000|100%| O|  |TAMS 0x000000009b100000| PB 0x000000009b100000| Untracked 
| 434|0x000000009b200000, 0x000000009b300000, 0x000000009b300000|100%| O|  |TAMS 0x000000009b200000| PB 0x000000009b200000| Untracked 
| 435|0x000000009b300000, 0x000000009b300000, 0x000000009b400000|  0%| F|  |TAMS 0x000000009b300000| PB 0x000000009b300000| Untracked 
| 436|0x000000009b400000, 0x000000009b400000, 0x000000009b500000|  0%| F|  |TAMS 0x000000009b400000| PB 0x000000009b400000| Untracked 
| 437|0x000000009b500000, 0x000000009b500000, 0x000000009b600000|  0%| F|  |TAMS 0x000000009b500000| PB 0x000000009b500000| Untracked 
| 438|0x000000009b600000, 0x000000009b700000, 0x000000009b700000|100%| O|  |TAMS 0x000000009b600000| PB 0x000000009b600000| Untracked 
| 439|0x000000009b700000, 0x000000009b800000, 0x000000009b800000|100%| O|  |TAMS 0x000000009b700000| PB 0x000000009b700000| Untracked 
| 440|0x000000009b800000, 0x000000009b900000, 0x000000009b900000|100%| O|  |TAMS 0x000000009b800000| PB 0x000000009b800000| Untracked 
| 441|0x000000009b900000, 0x000000009b900000, 0x000000009ba00000|  0%| F|  |TAMS 0x000000009b900000| PB 0x000000009b900000| Untracked 
| 442|0x000000009ba00000, 0x000000009ba00000, 0x000000009bb00000|  0%| F|  |TAMS 0x000000009ba00000| PB 0x000000009ba00000| Untracked 
| 443|0x000000009bb00000, 0x000000009bb00000, 0x000000009bc00000|  0%| F|  |TAMS 0x000000009bb00000| PB 0x000000009bb00000| Untracked 
| 444|0x000000009bc00000, 0x000000009bc00000, 0x000000009bd00000|  0%| F|  |TAMS 0x000000009bc00000| PB 0x000000009bc00000| Untracked 
| 445|0x000000009bd00000, 0x000000009be00000, 0x000000009be00000|100%| O|  |TAMS 0x000000009bd00000| PB 0x000000009bd00000| Untracked 
| 446|0x000000009be00000, 0x000000009bf00000, 0x000000009bf00000|100%| O|  |TAMS 0x000000009be00000| PB 0x000000009be00000| Untracked 
| 447|0x000000009bf00000, 0x000000009c000000, 0x000000009c000000|100%| O|  |TAMS 0x000000009bf00000| PB 0x000000009bf00000| Untracked 
| 448|0x000000009c000000, 0x000000009c000000, 0x000000009c100000|  0%| F|  |TAMS 0x000000009c000000| PB 0x000000009c000000| Untracked 
| 449|0x000000009c100000, 0x000000009c100000, 0x000000009c200000|  0%| F|  |TAMS 0x000000009c100000| PB 0x000000009c100000| Untracked 
| 450|0x000000009c200000, 0x000000009c200000, 0x000000009c300000|  0%| F|  |TAMS 0x000000009c200000| PB 0x000000009c200000| Untracked 
| 451|0x000000009c300000, 0x000000009c300000, 0x000000009c400000|  0%| F|  |TAMS 0x000000009c300000| PB 0x000000009c300000| Untracked 
| 452|0x000000009c400000, 0x000000009c400000, 0x000000009c500000|  0%| F|  |TAMS 0x000000009c400000| PB 0x000000009c400000| Untracked 
| 453|0x000000009c500000, 0x000000009c600000, 0x000000009c600000|100%| O|  |TAMS 0x000000009c500000| PB 0x000000009c500000| Untracked 
| 454|0x000000009c600000, 0x000000009c600000, 0x000000009c700000|  0%| F|  |TAMS 0x000000009c600000| PB 0x000000009c600000| Untracked 
| 455|0x000000009c700000, 0x000000009c700000, 0x000000009c800000|  0%| F|  |TAMS 0x000000009c700000| PB 0x000000009c700000| Untracked 
| 456|0x000000009c800000, 0x000000009c800000, 0x000000009c900000|  0%| F|  |TAMS 0x000000009c800000| PB 0x000000009c800000| Untracked 
| 457|0x000000009c900000, 0x000000009c900000, 0x000000009ca00000|  0%| F|  |TAMS 0x000000009c900000| PB 0x000000009c900000| Untracked 
| 458|0x000000009ca00000, 0x000000009ca00000, 0x000000009cb00000|  0%| F|  |TAMS 0x000000009ca00000| PB 0x000000009ca00000| Untracked 
| 459|0x000000009cb00000, 0x000000009cb00000, 0x000000009cc00000|  0%| F|  |TAMS 0x000000009cb00000| PB 0x000000009cb00000| Untracked 
| 460|0x000000009cc00000, 0x000000009cc00000, 0x000000009cd00000|  0%| F|  |TAMS 0x000000009cc00000| PB 0x000000009cc00000| Untracked 
| 461|0x000000009cd00000, 0x000000009cd00000, 0x000000009ce00000|  0%| F|  |TAMS 0x000000009cd00000| PB 0x000000009cd00000| Untracked 
| 462|0x000000009ce00000, 0x000000009ce00000, 0x000000009cf00000|  0%| F|  |TAMS 0x000000009ce00000| PB 0x000000009ce00000| Untracked 
| 463|0x000000009cf00000, 0x000000009cf00000, 0x000000009d000000|  0%| F|  |TAMS 0x000000009cf00000| PB 0x000000009cf00000| Untracked 
| 464|0x000000009d000000, 0x000000009d100000, 0x000000009d100000|100%| O|  |TAMS 0x000000009d000000| PB 0x000000009d000000| Untracked 
| 465|0x000000009d100000, 0x000000009d100000, 0x000000009d200000|  0%| F|  |TAMS 0x000000009d100000| PB 0x000000009d100000| Untracked 
| 466|0x000000009d200000, 0x000000009d300000, 0x000000009d300000|100%| O|  |TAMS 0x000000009d200000| PB 0x000000009d200000| Untracked 
| 467|0x000000009d300000, 0x000000009d300000, 0x000000009d400000|  0%| F|  |TAMS 0x000000009d300000| PB 0x000000009d300000| Untracked 
| 468|0x000000009d400000, 0x000000009d400000, 0x000000009d500000|  0%| F|  |TAMS 0x000000009d400000| PB 0x000000009d400000| Untracked 
| 469|0x000000009d500000, 0x000000009d600000, 0x000000009d600000|100%| O|  |TAMS 0x000000009d500000| PB 0x000000009d500000| Untracked 
| 470|0x000000009d600000, 0x000000009d700000, 0x000000009d700000|100%| O|  |TAMS 0x000000009d600000| PB 0x000000009d600000| Untracked 
| 471|0x000000009d700000, 0x000000009d700000, 0x000000009d800000|  0%| F|  |TAMS 0x000000009d700000| PB 0x000000009d700000| Untracked 
| 472|0x000000009d800000, 0x000000009d800000, 0x000000009d900000|  0%| F|  |TAMS 0x000000009d800000| PB 0x000000009d800000| Untracked 
| 473|0x000000009d900000, 0x000000009da00000, 0x000000009da00000|100%| O|  |TAMS 0x000000009d900000| PB 0x000000009d900000| Untracked 
| 474|0x000000009da00000, 0x000000009db00000, 0x000000009db00000|100%| O|  |TAMS 0x000000009da00000| PB 0x000000009da00000| Untracked 
| 475|0x000000009db00000, 0x000000009dc00000, 0x000000009dc00000|100%| O|  |TAMS 0x000000009db00000| PB 0x000000009db00000| Untracked 
| 476|0x000000009dc00000, 0x000000009dc00000, 0x000000009dd00000|  0%| F|  |TAMS 0x000000009dc00000| PB 0x000000009dc00000| Untracked 
| 477|0x000000009dd00000, 0x000000009de00000, 0x000000009de00000|100%| O|  |TAMS 0x000000009dd00000| PB 0x000000009dd00000| Untracked 
| 478|0x000000009de00000, 0x000000009df00000, 0x000000009df00000|100%| O|  |TAMS 0x000000009de00000| PB 0x000000009de00000| Untracked 
| 479|0x000000009df00000, 0x000000009e000000, 0x000000009e000000|100%| O|  |TAMS 0x000000009df00000| PB 0x000000009df00000| Untracked 
| 480|0x000000009e000000, 0x000000009e000000, 0x000000009e100000|  0%| F|  |TAMS 0x000000009e000000| PB 0x000000009e000000| Untracked 
| 481|0x000000009e100000, 0x000000009e200000, 0x000000009e200000|100%| O|  |TAMS 0x000000009e100000| PB 0x000000009e100000| Untracked 
| 482|0x000000009e200000, 0x000000009e300000, 0x000000009e300000|100%| O|  |TAMS 0x000000009e200000| PB 0x000000009e200000| Untracked 
| 483|0x000000009e300000, 0x000000009e300000, 0x000000009e400000|  0%| F|  |TAMS 0x000000009e300000| PB 0x000000009e300000| Untracked 
| 484|0x000000009e400000, 0x000000009e400000, 0x000000009e500000|  0%| F|  |TAMS 0x000000009e400000| PB 0x000000009e400000| Untracked 
| 485|0x000000009e500000, 0x000000009e500000, 0x000000009e600000|  0%| F|  |TAMS 0x000000009e500000| PB 0x000000009e500000| Untracked 
| 486|0x000000009e600000, 0x000000009e600000, 0x000000009e700000|  0%| F|  |TAMS 0x000000009e600000| PB 0x000000009e600000| Untracked 
| 487|0x000000009e700000, 0x000000009e700000, 0x000000009e800000|  0%| F|  |TAMS 0x000000009e700000| PB 0x000000009e700000| Untracked 
| 488|0x000000009e800000, 0x000000009e800000, 0x000000009e900000|  0%| F|  |TAMS 0x000000009e800000| PB 0x000000009e800000| Untracked 
| 489|0x000000009e900000, 0x000000009e900000, 0x000000009ea00000|  0%| F|  |TAMS 0x000000009e900000| PB 0x000000009e900000| Untracked 
| 490|0x000000009ea00000, 0x000000009ea00000, 0x000000009eb00000|  0%| F|  |TAMS 0x000000009ea00000| PB 0x000000009ea00000| Untracked 
| 491|0x000000009eb00000, 0x000000009eb00000, 0x000000009ec00000|  0%| F|  |TAMS 0x000000009eb00000| PB 0x000000009eb00000| Untracked 
| 492|0x000000009ec00000, 0x000000009ec00000, 0x000000009ed00000|  0%| F|  |TAMS 0x000000009ec00000| PB 0x000000009ec00000| Untracked 
| 493|0x000000009ed00000, 0x000000009ed00000, 0x000000009ee00000|  0%| F|  |TAMS 0x000000009ed00000| PB 0x000000009ed00000| Untracked 
| 494|0x000000009ee00000, 0x000000009ee00000, 0x000000009ef00000|  0%| F|  |TAMS 0x000000009ee00000| PB 0x000000009ee00000| Untracked 
| 495|0x000000009ef00000, 0x000000009ef00000, 0x000000009f000000|  0%| F|  |TAMS 0x000000009ef00000| PB 0x000000009ef00000| Untracked 
| 496|0x000000009f000000, 0x000000009f000000, 0x000000009f100000|  0%| F|  |TAMS 0x000000009f000000| PB 0x000000009f000000| Untracked 
| 497|0x000000009f100000, 0x000000009f100000, 0x000000009f200000|  0%| F|  |TAMS 0x000000009f100000| PB 0x000000009f100000| Untracked 
| 498|0x000000009f200000, 0x000000009f200000, 0x000000009f300000|  0%| F|  |TAMS 0x000000009f200000| PB 0x000000009f200000| Untracked 
| 499|0x000000009f300000, 0x000000009f300000, 0x000000009f400000|  0%| F|  |TAMS 0x000000009f300000| PB 0x000000009f300000| Untracked 
| 500|0x000000009f400000, 0x000000009f400000, 0x000000009f500000|  0%| F|  |TAMS 0x000000009f400000| PB 0x000000009f400000| Untracked 
| 501|0x000000009f500000, 0x000000009f500000, 0x000000009f600000|  0%| F|  |TAMS 0x000000009f500000| PB 0x000000009f500000| Untracked 
| 502|0x000000009f600000, 0x000000009f600000, 0x000000009f700000|  0%| F|  |TAMS 0x000000009f600000| PB 0x000000009f600000| Untracked 
| 503|0x000000009f700000, 0x000000009f700000, 0x000000009f800000|  0%| F|  |TAMS 0x000000009f700000| PB 0x000000009f700000| Untracked 
| 504|0x000000009f800000, 0x000000009f800000, 0x000000009f900000|  0%| F|  |TAMS 0x000000009f800000| PB 0x000000009f800000| Untracked 
| 505|0x000000009f900000, 0x000000009f900000, 0x000000009fa00000|  0%| F|  |TAMS 0x000000009f900000| PB 0x000000009f900000| Untracked 
| 506|0x000000009fa00000, 0x000000009fa00000, 0x000000009fb00000|  0%| F|  |TAMS 0x000000009fa00000| PB 0x000000009fa00000| Untracked 
| 507|0x000000009fb00000, 0x000000009fb00000, 0x000000009fc00000|  0%| F|  |TAMS 0x000000009fb00000| PB 0x000000009fb00000| Untracked 
| 508|0x000000009fc00000, 0x000000009fc00000, 0x000000009fd00000|  0%| F|  |TAMS 0x000000009fc00000| PB 0x000000009fc00000| Untracked 
| 509|0x000000009fd00000, 0x000000009fd00000, 0x000000009fe00000|  0%| F|  |TAMS 0x000000009fd00000| PB 0x000000009fd00000| Untracked 
| 510|0x000000009fe00000, 0x000000009fe00000, 0x000000009ff00000|  0%| F|  |TAMS 0x000000009fe00000| PB 0x000000009fe00000| Untracked 
| 511|0x000000009ff00000, 0x000000009ff00000, 0x00000000a0000000|  0%| F|  |TAMS 0x000000009ff00000| PB 0x000000009ff00000| Untracked 
| 512|0x00000000a0000000, 0x00000000a0000000, 0x00000000a0100000|  0%| F|  |TAMS 0x00000000a0000000| PB 0x00000000a0000000| Untracked 
| 513|0x00000000a0100000, 0x00000000a0100000, 0x00000000a0200000|  0%| F|  |TAMS 0x00000000a0100000| PB 0x00000000a0100000| Untracked 
| 514|0x00000000a0200000, 0x00000000a0200000, 0x00000000a0300000|  0%| F|  |TAMS 0x00000000a0200000| PB 0x00000000a0200000| Untracked 
| 515|0x00000000a0300000, 0x00000000a0300000, 0x00000000a0400000|  0%| F|  |TAMS 0x00000000a0300000| PB 0x00000000a0300000| Untracked 
| 516|0x00000000a0400000, 0x00000000a0400000, 0x00000000a0500000|  0%| F|  |TAMS 0x00000000a0400000| PB 0x00000000a0400000| Untracked 
| 517|0x00000000a0500000, 0x00000000a0500000, 0x00000000a0600000|  0%| F|  |TAMS 0x00000000a0500000| PB 0x00000000a0500000| Untracked 
| 518|0x00000000a0600000, 0x00000000a0600000, 0x00000000a0700000|  0%| F|  |TAMS 0x00000000a0600000| PB 0x00000000a0600000| Untracked 
| 519|0x00000000a0700000, 0x00000000a076bd90, 0x00000000a0800000| 42%| S|CS|TAMS 0x00000000a0700000| PB 0x00000000a0700000| Complete 
| 520|0x00000000a0800000, 0x00000000a0900000, 0x00000000a0900000|100%| S|CS|TAMS 0x00000000a0800000| PB 0x00000000a0800000| Complete 
| 521|0x00000000a0900000, 0x00000000a0a00000, 0x00000000a0a00000|100%| S|CS|TAMS 0x00000000a0900000| PB 0x00000000a0900000| Complete 
| 522|0x00000000a0a00000, 0x00000000a0b00000, 0x00000000a0b00000|100%| S|CS|TAMS 0x00000000a0a00000| PB 0x00000000a0a00000| Complete 
| 523|0x00000000a0b00000, 0x00000000a0c00000, 0x00000000a0c00000|100%| S|CS|TAMS 0x00000000a0b00000| PB 0x00000000a0b00000| Complete 
| 524|0x00000000a0c00000, 0x00000000a0c00000, 0x00000000a0d00000|  0%| F|  |TAMS 0x00000000a0c00000| PB 0x00000000a0c00000| Untracked 
| 525|0x00000000a0d00000, 0x00000000a0d00000, 0x00000000a0e00000|  0%| F|  |TAMS 0x00000000a0d00000| PB 0x00000000a0d00000| Untracked 
| 526|0x00000000a0e00000, 0x00000000a0e00000, 0x00000000a0f00000|  0%| F|  |TAMS 0x00000000a0e00000| PB 0x00000000a0e00000| Untracked 
| 527|0x00000000a0f00000, 0x00000000a0f00000, 0x00000000a1000000|  0%| F|  |TAMS 0x00000000a0f00000| PB 0x00000000a0f00000| Untracked 
| 528|0x00000000a1000000, 0x00000000a1000000, 0x00000000a1100000|  0%| F|  |TAMS 0x00000000a1000000| PB 0x00000000a1000000| Untracked 
| 529|0x00000000a1100000, 0x00000000a1100000, 0x00000000a1200000|  0%| F|  |TAMS 0x00000000a1100000| PB 0x00000000a1100000| Untracked 
| 530|0x00000000a1200000, 0x00000000a1200000, 0x00000000a1300000|  0%| F|  |TAMS 0x00000000a1200000| PB 0x00000000a1200000| Untracked 
| 531|0x00000000a1300000, 0x00000000a1300000, 0x00000000a1400000|  0%| F|  |TAMS 0x00000000a1300000| PB 0x00000000a1300000| Untracked 
| 532|0x00000000a1400000, 0x00000000a1400000, 0x00000000a1500000|  0%| F|  |TAMS 0x00000000a1400000| PB 0x00000000a1400000| Untracked 
| 533|0x00000000a1500000, 0x00000000a1500000, 0x00000000a1600000|  0%| F|  |TAMS 0x00000000a1500000| PB 0x00000000a1500000| Untracked 
| 534|0x00000000a1600000, 0x00000000a1600000, 0x00000000a1700000|  0%| F|  |TAMS 0x00000000a1600000| PB 0x00000000a1600000| Untracked 
| 535|0x00000000a1700000, 0x00000000a1700000, 0x00000000a1800000|  0%| F|  |TAMS 0x00000000a1700000| PB 0x00000000a1700000| Untracked 
| 536|0x00000000a1800000, 0x00000000a1800000, 0x00000000a1900000|  0%| F|  |TAMS 0x00000000a1800000| PB 0x00000000a1800000| Untracked 
| 537|0x00000000a1900000, 0x00000000a1900000, 0x00000000a1a00000|  0%| F|  |TAMS 0x00000000a1900000| PB 0x00000000a1900000| Untracked 
| 538|0x00000000a1a00000, 0x00000000a1a00000, 0x00000000a1b00000|  0%| F|  |TAMS 0x00000000a1a00000| PB 0x00000000a1a00000| Untracked 
| 539|0x00000000a1b00000, 0x00000000a1c00000, 0x00000000a1c00000|100%| O|  |TAMS 0x00000000a1b00000| PB 0x00000000a1b00000| Untracked 
| 540|0x00000000a1c00000, 0x00000000a1c00000, 0x00000000a1d00000|  0%| F|  |TAMS 0x00000000a1c00000| PB 0x00000000a1c00000| Untracked 
| 541|0x00000000a1d00000, 0x00000000a1d00000, 0x00000000a1e00000|  0%| F|  |TAMS 0x00000000a1d00000| PB 0x00000000a1d00000| Untracked 
| 542|0x00000000a1e00000, 0x00000000a1e00000, 0x00000000a1f00000|  0%| F|  |TAMS 0x00000000a1e00000| PB 0x00000000a1e00000| Untracked 
| 543|0x00000000a1f00000, 0x00000000a1f00000, 0x00000000a2000000|  0%| F|  |TAMS 0x00000000a1f00000| PB 0x00000000a1f00000| Untracked 
| 544|0x00000000a2000000, 0x00000000a2000000, 0x00000000a2100000|  0%| F|  |TAMS 0x00000000a2000000| PB 0x00000000a2000000| Untracked 
| 545|0x00000000a2100000, 0x00000000a2200000, 0x00000000a2200000|100%| O|  |TAMS 0x00000000a2100000| PB 0x00000000a2100000| Untracked 
| 546|0x00000000a2200000, 0x00000000a2300000, 0x00000000a2300000|100%| O|  |TAMS 0x00000000a2200000| PB 0x00000000a2200000| Untracked 
| 547|0x00000000a2300000, 0x00000000a2400000, 0x00000000a2400000|100%| O|  |TAMS 0x00000000a2300000| PB 0x00000000a2300000| Untracked 
| 548|0x00000000a2400000, 0x00000000a2500000, 0x00000000a2500000|100%| O|  |TAMS 0x00000000a2400000| PB 0x00000000a2400000| Untracked 
| 549|0x00000000a2500000, 0x00000000a2600000, 0x00000000a2600000|100%| O|  |TAMS 0x00000000a2500000| PB 0x00000000a2500000| Untracked 
| 550|0x00000000a2600000, 0x00000000a2700000, 0x00000000a2700000|100%| O|  |TAMS 0x00000000a2600000| PB 0x00000000a2600000| Untracked 
| 551|0x00000000a2700000, 0x00000000a2700000, 0x00000000a2800000|  0%| F|  |TAMS 0x00000000a2700000| PB 0x00000000a2700000| Untracked 
| 552|0x00000000a2800000, 0x00000000a2800000, 0x00000000a2900000|  0%| F|  |TAMS 0x00000000a2800000| PB 0x00000000a2800000| Untracked 
| 553|0x00000000a2900000, 0x00000000a2900000, 0x00000000a2a00000|  0%| F|  |TAMS 0x00000000a2900000| PB 0x00000000a2900000| Untracked 
| 554|0x00000000a2a00000, 0x00000000a2b00000, 0x00000000a2b00000|100%| O|  |TAMS 0x00000000a2a00000| PB 0x00000000a2a00000| Untracked 
| 555|0x00000000a2b00000, 0x00000000a2c00000, 0x00000000a2c00000|100%| O|  |TAMS 0x00000000a2b00000| PB 0x00000000a2b00000| Untracked 
| 556|0x00000000a2c00000, 0x00000000a2c00000, 0x00000000a2d00000|  0%| F|  |TAMS 0x00000000a2c00000| PB 0x00000000a2c00000| Untracked 
| 557|0x00000000a2d00000, 0x00000000a2d00000, 0x00000000a2e00000|  0%| F|  |TAMS 0x00000000a2d00000| PB 0x00000000a2d00000| Untracked 
| 558|0x00000000a2e00000, 0x00000000a2e00000, 0x00000000a2f00000|  0%| F|  |TAMS 0x00000000a2e00000| PB 0x00000000a2e00000| Untracked 
| 559|0x00000000a2f00000, 0x00000000a2f00000, 0x00000000a3000000|  0%| F|  |TAMS 0x00000000a2f00000| PB 0x00000000a2f00000| Untracked 
| 560|0x00000000a3000000, 0x00000000a3000000, 0x00000000a3100000|  0%| F|  |TAMS 0x00000000a3000000| PB 0x00000000a3000000| Untracked 
| 561|0x00000000a3100000, 0x00000000a3100000, 0x00000000a3200000|  0%| F|  |TAMS 0x00000000a3100000| PB 0x00000000a3100000| Untracked 
| 562|0x00000000a3200000, 0x00000000a3200000, 0x00000000a3300000|  0%| F|  |TAMS 0x00000000a3200000| PB 0x00000000a3200000| Untracked 
| 563|0x00000000a3300000, 0x00000000a3300000, 0x00000000a3400000|  0%| F|  |TAMS 0x00000000a3300000| PB 0x00000000a3300000| Untracked 
| 564|0x00000000a3400000, 0x00000000a3400000, 0x00000000a3500000|  0%| F|  |TAMS 0x00000000a3400000| PB 0x00000000a3400000| Untracked 
| 565|0x00000000a3500000, 0x00000000a3500000, 0x00000000a3600000|  0%| F|  |TAMS 0x00000000a3500000| PB 0x00000000a3500000| Untracked 
| 566|0x00000000a3600000, 0x00000000a3600000, 0x00000000a3700000|  0%| F|  |TAMS 0x00000000a3600000| PB 0x00000000a3600000| Untracked 
| 567|0x00000000a3700000, 0x00000000a3700000, 0x00000000a3800000|  0%| F|  |TAMS 0x00000000a3700000| PB 0x00000000a3700000| Untracked 
| 568|0x00000000a3800000, 0x00000000a3800000, 0x00000000a3900000|  0%| F|  |TAMS 0x00000000a3800000| PB 0x00000000a3800000| Untracked 
| 569|0x00000000a3900000, 0x00000000a3900000, 0x00000000a3a00000|  0%| F|  |TAMS 0x00000000a3900000| PB 0x00000000a3900000| Untracked 
| 570|0x00000000a3a00000, 0x00000000a3a00000, 0x00000000a3b00000|  0%| F|  |TAMS 0x00000000a3a00000| PB 0x00000000a3a00000| Untracked 
| 571|0x00000000a3b00000, 0x00000000a3b00000, 0x00000000a3c00000|  0%| F|  |TAMS 0x00000000a3b00000| PB 0x00000000a3b00000| Untracked 
| 572|0x00000000a3c00000, 0x00000000a3c00000, 0x00000000a3d00000|  0%| F|  |TAMS 0x00000000a3c00000| PB 0x00000000a3c00000| Untracked 
| 573|0x00000000a3d00000, 0x00000000a3d00000, 0x00000000a3e00000|  0%| F|  |TAMS 0x00000000a3d00000| PB 0x00000000a3d00000| Untracked 
| 574|0x00000000a3e00000, 0x00000000a3e00000, 0x00000000a3f00000|  0%| F|  |TAMS 0x00000000a3e00000| PB 0x00000000a3e00000| Untracked 
| 575|0x00000000a3f00000, 0x00000000a3f00000, 0x00000000a4000000|  0%| F|  |TAMS 0x00000000a3f00000| PB 0x00000000a3f00000| Untracked 
| 576|0x00000000a4000000, 0x00000000a4000000, 0x00000000a4100000|  0%| F|  |TAMS 0x00000000a4000000| PB 0x00000000a4000000| Untracked 
| 577|0x00000000a4100000, 0x00000000a4200000, 0x00000000a4200000|100%| O|  |TAMS 0x00000000a4100000| PB 0x00000000a4100000| Untracked 
| 578|0x00000000a4200000, 0x00000000a4200000, 0x00000000a4300000|  0%| F|  |TAMS 0x00000000a4200000| PB 0x00000000a4200000| Untracked 
| 579|0x00000000a4300000, 0x00000000a4400000, 0x00000000a4400000|100%| O|  |TAMS 0x00000000a4300000| PB 0x00000000a4300000| Untracked 
| 580|0x00000000a4400000, 0x00000000a4400000, 0x00000000a4500000|  0%| F|  |TAMS 0x00000000a4400000| PB 0x00000000a4400000| Untracked 
| 581|0x00000000a4500000, 0x00000000a4500000, 0x00000000a4600000|  0%| F|  |TAMS 0x00000000a4500000| PB 0x00000000a4500000| Untracked 
| 582|0x00000000a4600000, 0x00000000a4700000, 0x00000000a4700000|100%| O|  |TAMS 0x00000000a4600000| PB 0x00000000a4600000| Untracked 
| 583|0x00000000a4700000, 0x00000000a4700000, 0x00000000a4800000|  0%| F|  |TAMS 0x00000000a4700000| PB 0x00000000a4700000| Untracked 
| 584|0x00000000a4800000, 0x00000000a4800000, 0x00000000a4900000|  0%| F|  |TAMS 0x00000000a4800000| PB 0x00000000a4800000| Untracked 
| 585|0x00000000a4900000, 0x00000000a4900000, 0x00000000a4a00000|  0%| F|  |TAMS 0x00000000a4900000| PB 0x00000000a4900000| Untracked 
| 586|0x00000000a4a00000, 0x00000000a4a00000, 0x00000000a4b00000|  0%| F|  |TAMS 0x00000000a4a00000| PB 0x00000000a4a00000| Untracked 
| 587|0x00000000a4b00000, 0x00000000a4b00000, 0x00000000a4c00000|  0%| F|  |TAMS 0x00000000a4b00000| PB 0x00000000a4b00000| Untracked 
| 588|0x00000000a4c00000, 0x00000000a4c00000, 0x00000000a4d00000|  0%| F|  |TAMS 0x00000000a4c00000| PB 0x00000000a4c00000| Untracked 
| 589|0x00000000a4d00000, 0x00000000a4d00000, 0x00000000a4e00000|  0%| F|  |TAMS 0x00000000a4d00000| PB 0x00000000a4d00000| Untracked 
| 590|0x00000000a4e00000, 0x00000000a4e00000, 0x00000000a4f00000|  0%| F|  |TAMS 0x00000000a4e00000| PB 0x00000000a4e00000| Untracked 
| 591|0x00000000a4f00000, 0x00000000a5000000, 0x00000000a5000000|100%| O|  |TAMS 0x00000000a4f00000| PB 0x00000000a4f00000| Untracked 
| 592|0x00000000a5000000, 0x00000000a5100000, 0x00000000a5100000|100%| O|  |TAMS 0x00000000a5000000| PB 0x00000000a5000000| Untracked 
| 593|0x00000000a5100000, 0x00000000a5100000, 0x00000000a5200000|  0%| F|  |TAMS 0x00000000a5100000| PB 0x00000000a5100000| Untracked 
| 594|0x00000000a5200000, 0x00000000a5300000, 0x00000000a5300000|100%| O|  |TAMS 0x00000000a5200000| PB 0x00000000a5200000| Untracked 
| 595|0x00000000a5300000, 0x00000000a5400000, 0x00000000a5400000|100%| O|  |TAMS 0x00000000a5300000| PB 0x00000000a5300000| Untracked 
| 596|0x00000000a5400000, 0x00000000a5400000, 0x00000000a5500000|  0%| F|  |TAMS 0x00000000a5400000| PB 0x00000000a5400000| Untracked 
| 597|0x00000000a5500000, 0x00000000a5600000, 0x00000000a5600000|100%| O|  |TAMS 0x00000000a5500000| PB 0x00000000a5500000| Untracked 
| 598|0x00000000a5600000, 0x00000000a5600000, 0x00000000a5700000|  0%| F|  |TAMS 0x00000000a5600000| PB 0x00000000a5600000| Untracked 
| 599|0x00000000a5700000, 0x00000000a5800000, 0x00000000a5800000|100%| O|  |TAMS 0x00000000a5700000| PB 0x00000000a5700000| Untracked 
| 600|0x00000000a5800000, 0x00000000a5900000, 0x00000000a5900000|100%| O|  |TAMS 0x00000000a5800000| PB 0x00000000a5800000| Untracked 
| 601|0x00000000a5900000, 0x00000000a5900000, 0x00000000a5a00000|  0%| F|  |TAMS 0x00000000a5900000| PB 0x00000000a5900000| Untracked 
| 602|0x00000000a5a00000, 0x00000000a5b00000, 0x00000000a5b00000|100%| O|  |TAMS 0x00000000a5a00000| PB 0x00000000a5a00000| Untracked 
| 603|0x00000000a5b00000, 0x00000000a5c00000, 0x00000000a5c00000|100%| O|  |TAMS 0x00000000a5b00000| PB 0x00000000a5b00000| Untracked 
| 604|0x00000000a5c00000, 0x00000000a5c00000, 0x00000000a5d00000|  0%| F|  |TAMS 0x00000000a5c00000| PB 0x00000000a5c00000| Untracked 
| 605|0x00000000a5d00000, 0x00000000a5e00000, 0x00000000a5e00000|100%| O|  |TAMS 0x00000000a5d00000| PB 0x00000000a5d00000| Untracked 
| 606|0x00000000a5e00000, 0x00000000a5e00000, 0x00000000a5f00000|  0%| F|  |TAMS 0x00000000a5e00000| PB 0x00000000a5e00000| Untracked 
| 607|0x00000000a5f00000, 0x00000000a6000000, 0x00000000a6000000|100%| O|  |TAMS 0x00000000a5f00000| PB 0x00000000a5f00000| Untracked 
| 608|0x00000000a6000000, 0x00000000a6100000, 0x00000000a6100000|100%| O|  |TAMS 0x00000000a6000000| PB 0x00000000a6000000| Untracked 
| 609|0x00000000a6100000, 0x00000000a6200000, 0x00000000a6200000|100%| O|  |TAMS 0x00000000a6100000| PB 0x00000000a6100000| Untracked 
| 610|0x00000000a6200000, 0x00000000a6300000, 0x00000000a6300000|100%| O|  |TAMS 0x00000000a6200000| PB 0x00000000a6200000| Untracked 
| 611|0x00000000a6300000, 0x00000000a6400000, 0x00000000a6400000|100%| O|  |TAMS 0x00000000a6300000| PB 0x00000000a6300000| Untracked 
| 612|0x00000000a6400000, 0x00000000a6500000, 0x00000000a6500000|100%| O|  |TAMS 0x00000000a6400000| PB 0x00000000a6400000| Untracked 
| 613|0x00000000a6500000, 0x00000000a6600000, 0x00000000a6600000|100%| O|  |TAMS 0x00000000a6500000| PB 0x00000000a6500000| Untracked 
| 614|0x00000000a6600000, 0x00000000a6700000, 0x00000000a6700000|100%| O|  |TAMS 0x00000000a6600000| PB 0x00000000a6600000| Untracked 
| 615|0x00000000a6700000, 0x00000000a6800000, 0x00000000a6800000|100%| O|  |TAMS 0x00000000a6700000| PB 0x00000000a6700000| Untracked 
| 616|0x00000000a6800000, 0x00000000a6900000, 0x00000000a6900000|100%| O|  |TAMS 0x00000000a6800000| PB 0x00000000a6800000| Untracked 
| 617|0x00000000a6900000, 0x00000000a6a00000, 0x00000000a6a00000|100%| O|  |TAMS 0x00000000a6900000| PB 0x00000000a6900000| Untracked 
| 618|0x00000000a6a00000, 0x00000000a6b00000, 0x00000000a6b00000|100%| O|  |TAMS 0x00000000a6a00000| PB 0x00000000a6a00000| Untracked 
| 619|0x00000000a6b00000, 0x00000000a6b00000, 0x00000000a6c00000|  0%| F|  |TAMS 0x00000000a6b00000| PB 0x00000000a6b00000| Untracked 
| 620|0x00000000a6c00000, 0x00000000a6d00000, 0x00000000a6d00000|100%| O|  |TAMS 0x00000000a6c00000| PB 0x00000000a6c00000| Untracked 
| 621|0x00000000a6d00000, 0x00000000a6e00000, 0x00000000a6e00000|100%| O|  |TAMS 0x00000000a6d00000| PB 0x00000000a6d00000| Untracked 
| 622|0x00000000a6e00000, 0x00000000a6f00000, 0x00000000a6f00000|100%| O|  |TAMS 0x00000000a6e00000| PB 0x00000000a6e00000| Untracked 
| 623|0x00000000a6f00000, 0x00000000a6f00000, 0x00000000a7000000|  0%| F|  |TAMS 0x00000000a6f00000| PB 0x00000000a6f00000| Untracked 
| 624|0x00000000a7000000, 0x00000000a7000000, 0x00000000a7100000|  0%| F|  |TAMS 0x00000000a7000000| PB 0x00000000a7000000| Untracked 
| 625|0x00000000a7100000, 0x00000000a7200000, 0x00000000a7200000|100%| O|  |TAMS 0x00000000a7100000| PB 0x00000000a7100000| Untracked 
| 626|0x00000000a7200000, 0x00000000a7300000, 0x00000000a7300000|100%| O|  |TAMS 0x00000000a7200000| PB 0x00000000a7200000| Untracked 
| 627|0x00000000a7300000, 0x00000000a7300000, 0x00000000a7400000|  0%| F|  |TAMS 0x00000000a7300000| PB 0x00000000a7300000| Untracked 
| 628|0x00000000a7400000, 0x00000000a7500000, 0x00000000a7500000|100%| O|  |TAMS 0x00000000a7400000| PB 0x00000000a7400000| Untracked 
| 629|0x00000000a7500000, 0x00000000a7600000, 0x00000000a7600000|100%| O|  |TAMS 0x00000000a7500000| PB 0x00000000a7500000| Untracked 
| 630|0x00000000a7600000, 0x00000000a7700000, 0x00000000a7700000|100%| O|  |TAMS 0x00000000a7600000| PB 0x00000000a7600000| Untracked 
| 631|0x00000000a7700000, 0x00000000a7700000, 0x00000000a7800000|  0%| F|  |TAMS 0x00000000a7700000| PB 0x00000000a7700000| Untracked 
| 632|0x00000000a7800000, 0x00000000a7900000, 0x00000000a7900000|100%| O|  |TAMS 0x00000000a7800000| PB 0x00000000a7800000| Untracked 
| 633|0x00000000a7900000, 0x00000000a7a00000, 0x00000000a7a00000|100%| O|  |TAMS 0x00000000a7900000| PB 0x00000000a7900000| Untracked 
| 634|0x00000000a7a00000, 0x00000000a7b00000, 0x00000000a7b00000|100%| O|  |TAMS 0x00000000a7a00000| PB 0x00000000a7a00000| Untracked 
| 635|0x00000000a7b00000, 0x00000000a7b00000, 0x00000000a7c00000|  0%| F|  |TAMS 0x00000000a7b00000| PB 0x00000000a7b00000| Untracked 
| 636|0x00000000a7c00000, 0x00000000a7c00000, 0x00000000a7d00000|  0%| F|  |TAMS 0x00000000a7c00000| PB 0x00000000a7c00000| Untracked 
| 637|0x00000000a7d00000, 0x00000000a7d00000, 0x00000000a7e00000|  0%| F|  |TAMS 0x00000000a7d00000| PB 0x00000000a7d00000| Untracked 
| 638|0x00000000a7e00000, 0x00000000a7e00000, 0x00000000a7f00000|  0%| F|  |TAMS 0x00000000a7e00000| PB 0x00000000a7e00000| Untracked 
| 639|0x00000000a7f00000, 0x00000000a8000000, 0x00000000a8000000|100%| O|  |TAMS 0x00000000a7f00000| PB 0x00000000a7f00000| Untracked 
| 640|0x00000000a8000000, 0x00000000a8000000, 0x00000000a8100000|  0%| F|  |TAMS 0x00000000a8000000| PB 0x00000000a8000000| Untracked 
| 641|0x00000000a8100000, 0x00000000a8100000, 0x00000000a8200000|  0%| F|  |TAMS 0x00000000a8100000| PB 0x00000000a8100000| Untracked 
| 642|0x00000000a8200000, 0x00000000a8200000, 0x00000000a8300000|  0%| F|  |TAMS 0x00000000a8200000| PB 0x00000000a8200000| Untracked 
| 643|0x00000000a8300000, 0x00000000a8400000, 0x00000000a8400000|100%| O|  |TAMS 0x00000000a8300000| PB 0x00000000a8300000| Untracked 
| 644|0x00000000a8400000, 0x00000000a8400000, 0x00000000a8500000|  0%| F|  |TAMS 0x00000000a8400000| PB 0x00000000a8400000| Untracked 
| 645|0x00000000a8500000, 0x00000000a8500000, 0x00000000a8600000|  0%| F|  |TAMS 0x00000000a8500000| PB 0x00000000a8500000| Untracked 
| 646|0x00000000a8600000, 0x00000000a8700000, 0x00000000a8700000|100%| O|  |TAMS 0x00000000a8600000| PB 0x00000000a8600000| Untracked 
| 647|0x00000000a8700000, 0x00000000a8800000, 0x00000000a8800000|100%| O|  |TAMS 0x00000000a8700000| PB 0x00000000a8700000| Untracked 
| 648|0x00000000a8800000, 0x00000000a8800000, 0x00000000a8900000|  0%| F|  |TAMS 0x00000000a8800000| PB 0x00000000a8800000| Untracked 
| 649|0x00000000a8900000, 0x00000000a8a00000, 0x00000000a8a00000|100%| O|  |TAMS 0x00000000a8900000| PB 0x00000000a8900000| Untracked 
| 650|0x00000000a8a00000, 0x00000000a8a00000, 0x00000000a8b00000|  0%| F|  |TAMS 0x00000000a8a00000| PB 0x00000000a8a00000| Untracked 
| 651|0x00000000a8b00000, 0x00000000a8b00000, 0x00000000a8c00000|  0%| F|  |TAMS 0x00000000a8b00000| PB 0x00000000a8b00000| Untracked 
| 652|0x00000000a8c00000, 0x00000000a8c00000, 0x00000000a8d00000|  0%| F|  |TAMS 0x00000000a8c00000| PB 0x00000000a8c00000| Untracked 
| 653|0x00000000a8d00000, 0x00000000a8d00000, 0x00000000a8e00000|  0%| F|  |TAMS 0x00000000a8d00000| PB 0x00000000a8d00000| Untracked 
| 654|0x00000000a8e00000, 0x00000000a8e00000, 0x00000000a8f00000|  0%| F|  |TAMS 0x00000000a8e00000| PB 0x00000000a8e00000| Untracked 
| 655|0x00000000a8f00000, 0x00000000a8f00000, 0x00000000a9000000|  0%| F|  |TAMS 0x00000000a8f00000| PB 0x00000000a8f00000| Untracked 
| 656|0x00000000a9000000, 0x00000000a9000000, 0x00000000a9100000|  0%| F|  |TAMS 0x00000000a9000000| PB 0x00000000a9000000| Untracked 
| 657|0x00000000a9100000, 0x00000000a9100000, 0x00000000a9200000|  0%| F|  |TAMS 0x00000000a9100000| PB 0x00000000a9100000| Untracked 
| 658|0x00000000a9200000, 0x00000000a9200000, 0x00000000a9300000|  0%| F|  |TAMS 0x00000000a9200000| PB 0x00000000a9200000| Untracked 
| 659|0x00000000a9300000, 0x00000000a9400000, 0x00000000a9400000|100%| O|  |TAMS 0x00000000a9300000| PB 0x00000000a9300000| Untracked 
| 660|0x00000000a9400000, 0x00000000a9500000, 0x00000000a9500000|100%| O|  |TAMS 0x00000000a9400000| PB 0x00000000a9400000| Untracked 
| 661|0x00000000a9500000, 0x00000000a9500000, 0x00000000a9600000|  0%| F|  |TAMS 0x00000000a9500000| PB 0x00000000a9500000| Untracked 
| 662|0x00000000a9600000, 0x00000000a9700000, 0x00000000a9700000|100%| O|  |TAMS 0x00000000a9600000| PB 0x00000000a9600000| Untracked 
| 663|0x00000000a9700000, 0x00000000a9800000, 0x00000000a9800000|100%| O|  |TAMS 0x00000000a9700000| PB 0x00000000a9700000| Untracked 
| 664|0x00000000a9800000, 0x00000000a9800000, 0x00000000a9900000|  0%| F|  |TAMS 0x00000000a9800000| PB 0x00000000a9800000| Untracked 
| 665|0x00000000a9900000, 0x00000000a9a00000, 0x00000000a9a00000|100%| O|  |TAMS 0x00000000a9900000| PB 0x00000000a9900000| Untracked 
| 666|0x00000000a9a00000, 0x00000000a9b00000, 0x00000000a9b00000|100%| O|  |TAMS 0x00000000a9a00000| PB 0x00000000a9a00000| Untracked 
| 667|0x00000000a9b00000, 0x00000000a9b00000, 0x00000000a9c00000|  0%| F|  |TAMS 0x00000000a9b00000| PB 0x00000000a9b00000| Untracked 
| 668|0x00000000a9c00000, 0x00000000a9d00000, 0x00000000a9d00000|100%| O|  |TAMS 0x00000000a9c00000| PB 0x00000000a9c00000| Untracked 
| 669|0x00000000a9d00000, 0x00000000a9e00000, 0x00000000a9e00000|100%| O|  |TAMS 0x00000000a9d00000| PB 0x00000000a9d00000| Untracked 
| 670|0x00000000a9e00000, 0x00000000a9e00000, 0x00000000a9f00000|  0%| F|  |TAMS 0x00000000a9e00000| PB 0x00000000a9e00000| Untracked 
| 671|0x00000000a9f00000, 0x00000000aa000000, 0x00000000aa000000|100%| O|  |TAMS 0x00000000a9f00000| PB 0x00000000a9f00000| Untracked 
| 672|0x00000000aa000000, 0x00000000aa000000, 0x00000000aa100000|  0%| F|  |TAMS 0x00000000aa000000| PB 0x00000000aa000000| Untracked 
| 673|0x00000000aa100000, 0x00000000aa100000, 0x00000000aa200000|  0%| F|  |TAMS 0x00000000aa100000| PB 0x00000000aa100000| Untracked 
| 674|0x00000000aa200000, 0x00000000aa200000, 0x00000000aa300000|  0%| F|  |TAMS 0x00000000aa200000| PB 0x00000000aa200000| Untracked 
| 675|0x00000000aa300000, 0x00000000aa300000, 0x00000000aa400000|  0%| F|  |TAMS 0x00000000aa300000| PB 0x00000000aa300000| Untracked 
| 676|0x00000000aa400000, 0x00000000aa400000, 0x00000000aa500000|  0%| F|  |TAMS 0x00000000aa400000| PB 0x00000000aa400000| Untracked 
| 677|0x00000000aa500000, 0x00000000aa500000, 0x00000000aa600000|  0%| F|  |TAMS 0x00000000aa500000| PB 0x00000000aa500000| Untracked 
| 678|0x00000000aa600000, 0x00000000aa600000, 0x00000000aa700000|  0%| F|  |TAMS 0x00000000aa600000| PB 0x00000000aa600000| Untracked 
| 679|0x00000000aa700000, 0x00000000aa700000, 0x00000000aa800000|  0%| F|  |TAMS 0x00000000aa700000| PB 0x00000000aa700000| Untracked 
| 680|0x00000000aa800000, 0x00000000aa800000, 0x00000000aa900000|  0%| F|  |TAMS 0x00000000aa800000| PB 0x00000000aa800000| Untracked 
| 681|0x00000000aa900000, 0x00000000aa900000, 0x00000000aaa00000|  0%| F|  |TAMS 0x00000000aa900000| PB 0x00000000aa900000| Untracked 
| 682|0x00000000aaa00000, 0x00000000aaa00000, 0x00000000aab00000|  0%| F|  |TAMS 0x00000000aaa00000| PB 0x00000000aaa00000| Untracked 
| 683|0x00000000aab00000, 0x00000000aab00000, 0x00000000aac00000|  0%| F|  |TAMS 0x00000000aab00000| PB 0x00000000aab00000| Untracked 
| 684|0x00000000aac00000, 0x00000000aac00000, 0x00000000aad00000|  0%| F|  |TAMS 0x00000000aac00000| PB 0x00000000aac00000| Untracked 
| 685|0x00000000aad00000, 0x00000000aad00000, 0x00000000aae00000|  0%| F|  |TAMS 0x00000000aad00000| PB 0x00000000aad00000| Untracked 
| 686|0x00000000aae00000, 0x00000000aae00000, 0x00000000aaf00000|  0%| F|  |TAMS 0x00000000aae00000| PB 0x00000000aae00000| Untracked 
| 687|0x00000000aaf00000, 0x00000000aaf00000, 0x00000000ab000000|  0%| F|  |TAMS 0x00000000aaf00000| PB 0x00000000aaf00000| Untracked 
| 688|0x00000000ab000000, 0x00000000ab000000, 0x00000000ab100000|  0%| F|  |TAMS 0x00000000ab000000| PB 0x00000000ab000000| Untracked 
| 689|0x00000000ab100000, 0x00000000ab100000, 0x00000000ab200000|  0%| F|  |TAMS 0x00000000ab100000| PB 0x00000000ab100000| Untracked 
| 690|0x00000000ab200000, 0x00000000ab200000, 0x00000000ab300000|  0%| F|  |TAMS 0x00000000ab200000| PB 0x00000000ab200000| Untracked 
| 691|0x00000000ab300000, 0x00000000ab300000, 0x00000000ab400000|  0%| F|  |TAMS 0x00000000ab300000| PB 0x00000000ab300000| Untracked 
| 692|0x00000000ab400000, 0x00000000ab400000, 0x00000000ab500000|  0%| F|  |TAMS 0x00000000ab400000| PB 0x00000000ab400000| Untracked 
| 693|0x00000000ab500000, 0x00000000ab500000, 0x00000000ab600000|  0%| F|  |TAMS 0x00000000ab500000| PB 0x00000000ab500000| Untracked 
| 694|0x00000000ab600000, 0x00000000ab600000, 0x00000000ab700000|  0%| F|  |TAMS 0x00000000ab600000| PB 0x00000000ab600000| Untracked 
| 695|0x00000000ab700000, 0x00000000ab700000, 0x00000000ab800000|  0%| F|  |TAMS 0x00000000ab700000| PB 0x00000000ab700000| Untracked 
| 696|0x00000000ab800000, 0x00000000ab800000, 0x00000000ab900000|  0%| F|  |TAMS 0x00000000ab800000| PB 0x00000000ab800000| Untracked 
| 697|0x00000000ab900000, 0x00000000ab900000, 0x00000000aba00000|  0%| F|  |TAMS 0x00000000ab900000| PB 0x00000000ab900000| Untracked 
| 698|0x00000000aba00000, 0x00000000aba00000, 0x00000000abb00000|  0%| F|  |TAMS 0x00000000aba00000| PB 0x00000000aba00000| Untracked 
| 699|0x00000000abb00000, 0x00000000abb00000, 0x00000000abc00000|  0%| F|  |TAMS 0x00000000abb00000| PB 0x00000000abb00000| Untracked 
| 700|0x00000000abc00000, 0x00000000abc00000, 0x00000000abd00000|  0%| F|  |TAMS 0x00000000abc00000| PB 0x00000000abc00000| Untracked 
| 701|0x00000000abd00000, 0x00000000abd00000, 0x00000000abe00000|  0%| F|  |TAMS 0x00000000abd00000| PB 0x00000000abd00000| Untracked 
| 702|0x00000000abe00000, 0x00000000abe00000, 0x00000000abf00000|  0%| F|  |TAMS 0x00000000abe00000| PB 0x00000000abe00000| Untracked 
| 703|0x00000000abf00000, 0x00000000abf00000, 0x00000000ac000000|  0%| F|  |TAMS 0x00000000abf00000| PB 0x00000000abf00000| Untracked 
| 704|0x00000000ac000000, 0x00000000ac000000, 0x00000000ac100000|  0%| F|  |TAMS 0x00000000ac000000| PB 0x00000000ac000000| Untracked 
| 705|0x00000000ac100000, 0x00000000ac100000, 0x00000000ac200000|  0%| F|  |TAMS 0x00000000ac100000| PB 0x00000000ac100000| Untracked 
| 706|0x00000000ac200000, 0x00000000ac200000, 0x00000000ac300000|  0%| F|  |TAMS 0x00000000ac200000| PB 0x00000000ac200000| Untracked 
| 707|0x00000000ac300000, 0x00000000ac300000, 0x00000000ac400000|  0%| F|  |TAMS 0x00000000ac300000| PB 0x00000000ac300000| Untracked 
| 708|0x00000000ac400000, 0x00000000ac400000, 0x00000000ac500000|  0%| F|  |TAMS 0x00000000ac400000| PB 0x00000000ac400000| Untracked 
| 709|0x00000000ac500000, 0x00000000ac500000, 0x00000000ac600000|  0%| F|  |TAMS 0x00000000ac500000| PB 0x00000000ac500000| Untracked 
| 710|0x00000000ac600000, 0x00000000ac600000, 0x00000000ac700000|  0%| F|  |TAMS 0x00000000ac600000| PB 0x00000000ac600000| Untracked 
| 711|0x00000000ac700000, 0x00000000ac700000, 0x00000000ac800000|  0%| F|  |TAMS 0x00000000ac700000| PB 0x00000000ac700000| Untracked 
| 712|0x00000000ac800000, 0x00000000ac800000, 0x00000000ac900000|  0%| F|  |TAMS 0x00000000ac800000| PB 0x00000000ac800000| Untracked 
| 713|0x00000000ac900000, 0x00000000ac900000, 0x00000000aca00000|  0%| F|  |TAMS 0x00000000ac900000| PB 0x00000000ac900000| Untracked 
| 714|0x00000000aca00000, 0x00000000aca00000, 0x00000000acb00000|  0%| F|  |TAMS 0x00000000aca00000| PB 0x00000000aca00000| Untracked 
| 715|0x00000000acb00000, 0x00000000acb00000, 0x00000000acc00000|  0%| F|  |TAMS 0x00000000acb00000| PB 0x00000000acb00000| Untracked 
| 716|0x00000000acc00000, 0x00000000acc00000, 0x00000000acd00000|  0%| F|  |TAMS 0x00000000acc00000| PB 0x00000000acc00000| Untracked 
| 717|0x00000000acd00000, 0x00000000acd00000, 0x00000000ace00000|  0%| F|  |TAMS 0x00000000acd00000| PB 0x00000000acd00000| Untracked 
| 718|0x00000000ace00000, 0x00000000ace00000, 0x00000000acf00000|  0%| F|  |TAMS 0x00000000ace00000| PB 0x00000000ace00000| Untracked 
| 719|0x00000000acf00000, 0x00000000acf00000, 0x00000000ad000000|  0%| F|  |TAMS 0x00000000acf00000| PB 0x00000000acf00000| Untracked 
| 720|0x00000000ad000000, 0x00000000ad000000, 0x00000000ad100000|  0%| F|  |TAMS 0x00000000ad000000| PB 0x00000000ad000000| Untracked 
| 721|0x00000000ad100000, 0x00000000ad100000, 0x00000000ad200000|  0%| F|  |TAMS 0x00000000ad100000| PB 0x00000000ad100000| Untracked 
| 722|0x00000000ad200000, 0x00000000ad200000, 0x00000000ad300000|  0%| F|  |TAMS 0x00000000ad200000| PB 0x00000000ad200000| Untracked 
| 723|0x00000000ad300000, 0x00000000ad300000, 0x00000000ad400000|  0%| F|  |TAMS 0x00000000ad300000| PB 0x00000000ad300000| Untracked 
| 724|0x00000000ad400000, 0x00000000ad400000, 0x00000000ad500000|  0%| F|  |TAMS 0x00000000ad400000| PB 0x00000000ad400000| Untracked 
| 725|0x00000000ad500000, 0x00000000ad500000, 0x00000000ad600000|  0%| F|  |TAMS 0x00000000ad500000| PB 0x00000000ad500000| Untracked 
| 726|0x00000000ad600000, 0x00000000ad600000, 0x00000000ad700000|  0%| F|  |TAMS 0x00000000ad600000| PB 0x00000000ad600000| Untracked 
| 727|0x00000000ad700000, 0x00000000ad700000, 0x00000000ad800000|  0%| F|  |TAMS 0x00000000ad700000| PB 0x00000000ad700000| Untracked 
| 728|0x00000000ad800000, 0x00000000ad800000, 0x00000000ad900000|  0%| F|  |TAMS 0x00000000ad800000| PB 0x00000000ad800000| Untracked 
| 729|0x00000000ad900000, 0x00000000ad900000, 0x00000000ada00000|  0%| F|  |TAMS 0x00000000ad900000| PB 0x00000000ad900000| Untracked 
| 730|0x00000000ada00000, 0x00000000ada00000, 0x00000000adb00000|  0%| F|  |TAMS 0x00000000ada00000| PB 0x00000000ada00000| Untracked 
| 731|0x00000000adb00000, 0x00000000adb00000, 0x00000000adc00000|  0%| F|  |TAMS 0x00000000adb00000| PB 0x00000000adb00000| Untracked 
| 732|0x00000000adc00000, 0x00000000adc00000, 0x00000000add00000|  0%| F|  |TAMS 0x00000000adc00000| PB 0x00000000adc00000| Untracked 
| 733|0x00000000add00000, 0x00000000add00000, 0x00000000ade00000|  0%| F|  |TAMS 0x00000000add00000| PB 0x00000000add00000| Untracked 
| 734|0x00000000ade00000, 0x00000000ade00000, 0x00000000adf00000|  0%| F|  |TAMS 0x00000000ade00000| PB 0x00000000ade00000| Untracked 
| 735|0x00000000adf00000, 0x00000000adf00000, 0x00000000ae000000|  0%| F|  |TAMS 0x00000000adf00000| PB 0x00000000adf00000| Untracked 
| 736|0x00000000ae000000, 0x00000000ae000000, 0x00000000ae100000|  0%| F|  |TAMS 0x00000000ae000000| PB 0x00000000ae000000| Untracked 
| 737|0x00000000ae100000, 0x00000000ae100000, 0x00000000ae200000|  0%| F|  |TAMS 0x00000000ae100000| PB 0x00000000ae100000| Untracked 
| 738|0x00000000ae200000, 0x00000000ae200000, 0x00000000ae300000|  0%| F|  |TAMS 0x00000000ae200000| PB 0x00000000ae200000| Untracked 
| 739|0x00000000ae300000, 0x00000000ae300000, 0x00000000ae400000|  0%| F|  |TAMS 0x00000000ae300000| PB 0x00000000ae300000| Untracked 
| 740|0x00000000ae400000, 0x00000000ae400000, 0x00000000ae500000|  0%| F|  |TAMS 0x00000000ae400000| PB 0x00000000ae400000| Untracked 
| 741|0x00000000ae500000, 0x00000000ae500000, 0x00000000ae600000|  0%| F|  |TAMS 0x00000000ae500000| PB 0x00000000ae500000| Untracked 
| 742|0x00000000ae600000, 0x00000000ae600000, 0x00000000ae700000|  0%| F|  |TAMS 0x00000000ae600000| PB 0x00000000ae600000| Untracked 
| 743|0x00000000ae700000, 0x00000000ae700000, 0x00000000ae800000|  0%| F|  |TAMS 0x00000000ae700000| PB 0x00000000ae700000| Untracked 
| 744|0x00000000ae800000, 0x00000000ae800000, 0x00000000ae900000|  0%| F|  |TAMS 0x00000000ae800000| PB 0x00000000ae800000| Untracked 
| 745|0x00000000ae900000, 0x00000000ae900000, 0x00000000aea00000|  0%| F|  |TAMS 0x00000000ae900000| PB 0x00000000ae900000| Untracked 
| 746|0x00000000aea00000, 0x00000000aea00000, 0x00000000aeb00000|  0%| F|  |TAMS 0x00000000aea00000| PB 0x00000000aea00000| Untracked 
| 747|0x00000000aeb00000, 0x00000000aeb00000, 0x00000000aec00000|  0%| F|  |TAMS 0x00000000aeb00000| PB 0x00000000aeb00000| Untracked 
| 748|0x00000000aec00000, 0x00000000aec00000, 0x00000000aed00000|  0%| F|  |TAMS 0x00000000aec00000| PB 0x00000000aec00000| Untracked 
| 749|0x00000000aed00000, 0x00000000aed00000, 0x00000000aee00000|  0%| F|  |TAMS 0x00000000aed00000| PB 0x00000000aed00000| Untracked 
| 750|0x00000000aee00000, 0x00000000aee00000, 0x00000000aef00000|  0%| F|  |TAMS 0x00000000aee00000| PB 0x00000000aee00000| Untracked 
| 751|0x00000000aef00000, 0x00000000aef00000, 0x00000000af000000|  0%| F|  |TAMS 0x00000000aef00000| PB 0x00000000aef00000| Untracked 
| 752|0x00000000af000000, 0x00000000af000000, 0x00000000af100000|  0%| F|  |TAMS 0x00000000af000000| PB 0x00000000af000000| Untracked 
| 753|0x00000000af100000, 0x00000000af100000, 0x00000000af200000|  0%| F|  |TAMS 0x00000000af100000| PB 0x00000000af100000| Untracked 
| 754|0x00000000af200000, 0x00000000af200000, 0x00000000af300000|  0%| F|  |TAMS 0x00000000af200000| PB 0x00000000af200000| Untracked 
| 755|0x00000000af300000, 0x00000000af300000, 0x00000000af400000|  0%| F|  |TAMS 0x00000000af300000| PB 0x00000000af300000| Untracked 
| 756|0x00000000af400000, 0x00000000af400000, 0x00000000af500000|  0%| F|  |TAMS 0x00000000af400000| PB 0x00000000af400000| Untracked 
| 757|0x00000000af500000, 0x00000000af500000, 0x00000000af600000|  0%| F|  |TAMS 0x00000000af500000| PB 0x00000000af500000| Untracked 
| 758|0x00000000af600000, 0x00000000af600000, 0x00000000af700000|  0%| F|  |TAMS 0x00000000af600000| PB 0x00000000af600000| Untracked 
| 759|0x00000000af700000, 0x00000000af700000, 0x00000000af800000|  0%| F|  |TAMS 0x00000000af700000| PB 0x00000000af700000| Untracked 
| 760|0x00000000af800000, 0x00000000af800000, 0x00000000af900000|  0%| F|  |TAMS 0x00000000af800000| PB 0x00000000af800000| Untracked 
| 761|0x00000000af900000, 0x00000000af900000, 0x00000000afa00000|  0%| F|  |TAMS 0x00000000af900000| PB 0x00000000af900000| Untracked 
| 762|0x00000000afa00000, 0x00000000afa00000, 0x00000000afb00000|  0%| F|  |TAMS 0x00000000afa00000| PB 0x00000000afa00000| Untracked 
| 763|0x00000000afb00000, 0x00000000afb00000, 0x00000000afc00000|  0%| F|  |TAMS 0x00000000afb00000| PB 0x00000000afb00000| Untracked 
| 764|0x00000000afc00000, 0x00000000afc00000, 0x00000000afd00000|  0%| F|  |TAMS 0x00000000afc00000| PB 0x00000000afc00000| Untracked 
| 765|0x00000000afd00000, 0x00000000afd00000, 0x00000000afe00000|  0%| F|  |TAMS 0x00000000afd00000| PB 0x00000000afd00000| Untracked 
| 766|0x00000000afe00000, 0x00000000afe00000, 0x00000000aff00000|  0%| F|  |TAMS 0x00000000afe00000| PB 0x00000000afe00000| Untracked 
| 767|0x00000000aff00000, 0x00000000aff00000, 0x00000000b0000000|  0%| F|  |TAMS 0x00000000aff00000| PB 0x00000000aff00000| Untracked 
| 768|0x00000000b0000000, 0x00000000b0000000, 0x00000000b0100000|  0%| F|  |TAMS 0x00000000b0000000| PB 0x00000000b0000000| Untracked 
| 769|0x00000000b0100000, 0x00000000b0100000, 0x00000000b0200000|  0%| F|  |TAMS 0x00000000b0100000| PB 0x00000000b0100000| Untracked 
| 770|0x00000000b0200000, 0x00000000b0200000, 0x00000000b0300000|  0%| F|  |TAMS 0x00000000b0200000| PB 0x00000000b0200000| Untracked 
| 771|0x00000000b0300000, 0x00000000b0300000, 0x00000000b0400000|  0%| F|  |TAMS 0x00000000b0300000| PB 0x00000000b0300000| Untracked 
| 772|0x00000000b0400000, 0x00000000b0400000, 0x00000000b0500000|  0%| F|  |TAMS 0x00000000b0400000| PB 0x00000000b0400000| Untracked 
| 773|0x00000000b0500000, 0x00000000b0500000, 0x00000000b0600000|  0%| F|  |TAMS 0x00000000b0500000| PB 0x00000000b0500000| Untracked 
| 774|0x00000000b0600000, 0x00000000b0600000, 0x00000000b0700000|  0%| F|  |TAMS 0x00000000b0600000| PB 0x00000000b0600000| Untracked 
| 775|0x00000000b0700000, 0x00000000b0700000, 0x00000000b0800000|  0%| F|  |TAMS 0x00000000b0700000| PB 0x00000000b0700000| Untracked 
| 776|0x00000000b0800000, 0x00000000b0800000, 0x00000000b0900000|  0%| F|  |TAMS 0x00000000b0800000| PB 0x00000000b0800000| Untracked 
| 777|0x00000000b0900000, 0x00000000b0900000, 0x00000000b0a00000|  0%| F|  |TAMS 0x00000000b0900000| PB 0x00000000b0900000| Untracked 
| 778|0x00000000b0a00000, 0x00000000b0a00000, 0x00000000b0b00000|  0%| F|  |TAMS 0x00000000b0a00000| PB 0x00000000b0a00000| Untracked 
| 779|0x00000000b0b00000, 0x00000000b0b00000, 0x00000000b0c00000|  0%| F|  |TAMS 0x00000000b0b00000| PB 0x00000000b0b00000| Untracked 
| 780|0x00000000b0c00000, 0x00000000b0c00000, 0x00000000b0d00000|  0%| F|  |TAMS 0x00000000b0c00000| PB 0x00000000b0c00000| Untracked 
| 781|0x00000000b0d00000, 0x00000000b0d00000, 0x00000000b0e00000|  0%| F|  |TAMS 0x00000000b0d00000| PB 0x00000000b0d00000| Untracked 
| 782|0x00000000b0e00000, 0x00000000b0e00000, 0x00000000b0f00000|  0%| F|  |TAMS 0x00000000b0e00000| PB 0x00000000b0e00000| Untracked 
| 783|0x00000000b0f00000, 0x00000000b0f00000, 0x00000000b1000000|  0%| F|  |TAMS 0x00000000b0f00000| PB 0x00000000b0f00000| Untracked 
| 784|0x00000000b1000000, 0x00000000b1000000, 0x00000000b1100000|  0%| F|  |TAMS 0x00000000b1000000| PB 0x00000000b1000000| Untracked 
| 785|0x00000000b1100000, 0x00000000b1100000, 0x00000000b1200000|  0%| F|  |TAMS 0x00000000b1100000| PB 0x00000000b1100000| Untracked 
| 786|0x00000000b1200000, 0x00000000b1200000, 0x00000000b1300000|  0%| F|  |TAMS 0x00000000b1200000| PB 0x00000000b1200000| Untracked 
| 787|0x00000000b1300000, 0x00000000b1300000, 0x00000000b1400000|  0%| F|  |TAMS 0x00000000b1300000| PB 0x00000000b1300000| Untracked 
| 788|0x00000000b1400000, 0x00000000b1400000, 0x00000000b1500000|  0%| F|  |TAMS 0x00000000b1400000| PB 0x00000000b1400000| Untracked 
| 789|0x00000000b1500000, 0x00000000b1500000, 0x00000000b1600000|  0%| F|  |TAMS 0x00000000b1500000| PB 0x00000000b1500000| Untracked 
| 790|0x00000000b1600000, 0x00000000b1600000, 0x00000000b1700000|  0%| F|  |TAMS 0x00000000b1600000| PB 0x00000000b1600000| Untracked 
| 791|0x00000000b1700000, 0x00000000b1700000, 0x00000000b1800000|  0%| F|  |TAMS 0x00000000b1700000| PB 0x00000000b1700000| Untracked 
| 792|0x00000000b1800000, 0x00000000b1800000, 0x00000000b1900000|  0%| F|  |TAMS 0x00000000b1800000| PB 0x00000000b1800000| Untracked 
| 793|0x00000000b1900000, 0x00000000b1900000, 0x00000000b1a00000|  0%| F|  |TAMS 0x00000000b1900000| PB 0x00000000b1900000| Untracked 
| 794|0x00000000b1a00000, 0x00000000b1a00000, 0x00000000b1b00000|  0%| F|  |TAMS 0x00000000b1a00000| PB 0x00000000b1a00000| Untracked 
| 795|0x00000000b1b00000, 0x00000000b1b00000, 0x00000000b1c00000|  0%| F|  |TAMS 0x00000000b1b00000| PB 0x00000000b1b00000| Untracked 
| 796|0x00000000b1c00000, 0x00000000b1c00000, 0x00000000b1d00000|  0%| F|  |TAMS 0x00000000b1c00000| PB 0x00000000b1c00000| Untracked 
| 797|0x00000000b1d00000, 0x00000000b1d00000, 0x00000000b1e00000|  0%| F|  |TAMS 0x00000000b1d00000| PB 0x00000000b1d00000| Untracked 
| 798|0x00000000b1e00000, 0x00000000b1e00000, 0x00000000b1f00000|  0%| F|  |TAMS 0x00000000b1e00000| PB 0x00000000b1e00000| Untracked 
| 799|0x00000000b1f00000, 0x00000000b1f00000, 0x00000000b2000000|  0%| F|  |TAMS 0x00000000b1f00000| PB 0x00000000b1f00000| Untracked 
| 800|0x00000000b2000000, 0x00000000b2000000, 0x00000000b2100000|  0%| F|  |TAMS 0x00000000b2000000| PB 0x00000000b2000000| Untracked 
| 801|0x00000000b2100000, 0x00000000b2100000, 0x00000000b2200000|  0%| F|  |TAMS 0x00000000b2100000| PB 0x00000000b2100000| Untracked 
| 802|0x00000000b2200000, 0x00000000b2200000, 0x00000000b2300000|  0%| F|  |TAMS 0x00000000b2200000| PB 0x00000000b2200000| Untracked 
| 803|0x00000000b2300000, 0x00000000b2300000, 0x00000000b2400000|  0%| F|  |TAMS 0x00000000b2300000| PB 0x00000000b2300000| Untracked 
| 804|0x00000000b2400000, 0x00000000b2400000, 0x00000000b2500000|  0%| F|  |TAMS 0x00000000b2400000| PB 0x00000000b2400000| Untracked 
| 805|0x00000000b2500000, 0x00000000b2500000, 0x00000000b2600000|  0%| F|  |TAMS 0x00000000b2500000| PB 0x00000000b2500000| Untracked 
| 806|0x00000000b2600000, 0x00000000b2600000, 0x00000000b2700000|  0%| F|  |TAMS 0x00000000b2600000| PB 0x00000000b2600000| Untracked 
| 807|0x00000000b2700000, 0x00000000b2700000, 0x00000000b2800000|  0%| F|  |TAMS 0x00000000b2700000| PB 0x00000000b2700000| Untracked 
| 808|0x00000000b2800000, 0x00000000b2800000, 0x00000000b2900000|  0%| F|  |TAMS 0x00000000b2800000| PB 0x00000000b2800000| Untracked 
| 809|0x00000000b2900000, 0x00000000b2900000, 0x00000000b2a00000|  0%| F|  |TAMS 0x00000000b2900000| PB 0x00000000b2900000| Untracked 
| 810|0x00000000b2a00000, 0x00000000b2a00000, 0x00000000b2b00000|  0%| F|  |TAMS 0x00000000b2a00000| PB 0x00000000b2a00000| Untracked 
| 811|0x00000000b2b00000, 0x00000000b2b00000, 0x00000000b2c00000|  0%| F|  |TAMS 0x00000000b2b00000| PB 0x00000000b2b00000| Untracked 
| 812|0x00000000b2c00000, 0x00000000b2c00000, 0x00000000b2d00000|  0%| F|  |TAMS 0x00000000b2c00000| PB 0x00000000b2c00000| Untracked 
| 813|0x00000000b2d00000, 0x00000000b2d00000, 0x00000000b2e00000|  0%| F|  |TAMS 0x00000000b2d00000| PB 0x00000000b2d00000| Untracked 
| 814|0x00000000b2e00000, 0x00000000b2e00000, 0x00000000b2f00000|  0%| F|  |TAMS 0x00000000b2e00000| PB 0x00000000b2e00000| Untracked 
| 815|0x00000000b2f00000, 0x00000000b2f00000, 0x00000000b3000000|  0%| F|  |TAMS 0x00000000b2f00000| PB 0x00000000b2f00000| Untracked 
| 816|0x00000000b3000000, 0x00000000b3000000, 0x00000000b3100000|  0%| F|  |TAMS 0x00000000b3000000| PB 0x00000000b3000000| Untracked 
| 817|0x00000000b3100000, 0x00000000b3100000, 0x00000000b3200000|  0%| F|  |TAMS 0x00000000b3100000| PB 0x00000000b3100000| Untracked 
| 818|0x00000000b3200000, 0x00000000b3200000, 0x00000000b3300000|  0%| F|  |TAMS 0x00000000b3200000| PB 0x00000000b3200000| Untracked 
| 819|0x00000000b3300000, 0x00000000b3300000, 0x00000000b3400000|  0%| F|  |TAMS 0x00000000b3300000| PB 0x00000000b3300000| Untracked 
| 820|0x00000000b3400000, 0x00000000b3400000, 0x00000000b3500000|  0%| F|  |TAMS 0x00000000b3400000| PB 0x00000000b3400000| Untracked 
| 821|0x00000000b3500000, 0x00000000b3500000, 0x00000000b3600000|  0%| F|  |TAMS 0x00000000b3500000| PB 0x00000000b3500000| Untracked 
| 822|0x00000000b3600000, 0x00000000b3600000, 0x00000000b3700000|  0%| F|  |TAMS 0x00000000b3600000| PB 0x00000000b3600000| Untracked 
| 823|0x00000000b3700000, 0x00000000b3700000, 0x00000000b3800000|  0%| F|  |TAMS 0x00000000b3700000| PB 0x00000000b3700000| Untracked 
| 824|0x00000000b3800000, 0x00000000b3800000, 0x00000000b3900000|  0%| F|  |TAMS 0x00000000b3800000| PB 0x00000000b3800000| Untracked 
| 825|0x00000000b3900000, 0x00000000b3900000, 0x00000000b3a00000|  0%| F|  |TAMS 0x00000000b3900000| PB 0x00000000b3900000| Untracked 
| 826|0x00000000b3a00000, 0x00000000b3a00000, 0x00000000b3b00000|  0%| F|  |TAMS 0x00000000b3a00000| PB 0x00000000b3a00000| Untracked 
| 827|0x00000000b3b00000, 0x00000000b3b00000, 0x00000000b3c00000|  0%| F|  |TAMS 0x00000000b3b00000| PB 0x00000000b3b00000| Untracked 
| 828|0x00000000b3c00000, 0x00000000b3c00000, 0x00000000b3d00000|  0%| F|  |TAMS 0x00000000b3c00000| PB 0x00000000b3c00000| Untracked 
| 829|0x00000000b3d00000, 0x00000000b3d00000, 0x00000000b3e00000|  0%| F|  |TAMS 0x00000000b3d00000| PB 0x00000000b3d00000| Untracked 
| 830|0x00000000b3e00000, 0x00000000b3e00000, 0x00000000b3f00000|  0%| F|  |TAMS 0x00000000b3e00000| PB 0x00000000b3e00000| Untracked 
| 831|0x00000000b3f00000, 0x00000000b3f00000, 0x00000000b4000000|  0%| F|  |TAMS 0x00000000b3f00000| PB 0x00000000b3f00000| Untracked 
| 832|0x00000000b4000000, 0x00000000b4000000, 0x00000000b4100000|  0%| F|  |TAMS 0x00000000b4000000| PB 0x00000000b4000000| Untracked 
| 833|0x00000000b4100000, 0x00000000b4100000, 0x00000000b4200000|  0%| F|  |TAMS 0x00000000b4100000| PB 0x00000000b4100000| Untracked 
| 834|0x00000000b4200000, 0x00000000b4200000, 0x00000000b4300000|  0%| F|  |TAMS 0x00000000b4200000| PB 0x00000000b4200000| Untracked 
| 835|0x00000000b4300000, 0x00000000b4300000, 0x00000000b4400000|  0%| F|  |TAMS 0x00000000b4300000| PB 0x00000000b4300000| Untracked 
| 836|0x00000000b4400000, 0x00000000b4400000, 0x00000000b4500000|  0%| F|  |TAMS 0x00000000b4400000| PB 0x00000000b4400000| Untracked 
| 837|0x00000000b4500000, 0x00000000b4500000, 0x00000000b4600000|  0%| F|  |TAMS 0x00000000b4500000| PB 0x00000000b4500000| Untracked 
| 838|0x00000000b4600000, 0x00000000b4600000, 0x00000000b4700000|  0%| F|  |TAMS 0x00000000b4600000| PB 0x00000000b4600000| Untracked 
| 839|0x00000000b4700000, 0x00000000b4700000, 0x00000000b4800000|  0%| F|  |TAMS 0x00000000b4700000| PB 0x00000000b4700000| Untracked 
| 840|0x00000000b4800000, 0x00000000b4800000, 0x00000000b4900000|  0%| F|  |TAMS 0x00000000b4800000| PB 0x00000000b4800000| Untracked 
| 841|0x00000000b4900000, 0x00000000b4900000, 0x00000000b4a00000|  0%| F|  |TAMS 0x00000000b4900000| PB 0x00000000b4900000| Untracked 
| 842|0x00000000b4a00000, 0x00000000b4a00000, 0x00000000b4b00000|  0%| F|  |TAMS 0x00000000b4a00000| PB 0x00000000b4a00000| Untracked 
| 843|0x00000000b4b00000, 0x00000000b4b00000, 0x00000000b4c00000|  0%| F|  |TAMS 0x00000000b4b00000| PB 0x00000000b4b00000| Untracked 
| 844|0x00000000b4c00000, 0x00000000b4c00000, 0x00000000b4d00000|  0%| F|  |TAMS 0x00000000b4c00000| PB 0x00000000b4c00000| Untracked 
| 845|0x00000000b4d00000, 0x00000000b4d00000, 0x00000000b4e00000|  0%| F|  |TAMS 0x00000000b4d00000| PB 0x00000000b4d00000| Untracked 
| 846|0x00000000b4e00000, 0x00000000b4e00000, 0x00000000b4f00000|  0%| F|  |TAMS 0x00000000b4e00000| PB 0x00000000b4e00000| Untracked 
| 847|0x00000000b4f00000, 0x00000000b4f00000, 0x00000000b5000000|  0%| F|  |TAMS 0x00000000b4f00000| PB 0x00000000b4f00000| Untracked 
| 848|0x00000000b5000000, 0x00000000b5000000, 0x00000000b5100000|  0%| F|  |TAMS 0x00000000b5000000| PB 0x00000000b5000000| Untracked 
| 849|0x00000000b5100000, 0x00000000b5100000, 0x00000000b5200000|  0%| F|  |TAMS 0x00000000b5100000| PB 0x00000000b5100000| Untracked 
| 850|0x00000000b5200000, 0x00000000b5200000, 0x00000000b5300000|  0%| F|  |TAMS 0x00000000b5200000| PB 0x00000000b5200000| Untracked 
| 851|0x00000000b5300000, 0x00000000b5300000, 0x00000000b5400000|  0%| F|  |TAMS 0x00000000b5300000| PB 0x00000000b5300000| Untracked 
| 852|0x00000000b5400000, 0x00000000b5400000, 0x00000000b5500000|  0%| F|  |TAMS 0x00000000b5400000| PB 0x00000000b5400000| Untracked 
| 853|0x00000000b5500000, 0x00000000b5500000, 0x00000000b5600000|  0%| F|  |TAMS 0x00000000b5500000| PB 0x00000000b5500000| Untracked 
| 854|0x00000000b5600000, 0x00000000b5600000, 0x00000000b5700000|  0%| F|  |TAMS 0x00000000b5600000| PB 0x00000000b5600000| Untracked 
| 855|0x00000000b5700000, 0x00000000b5700000, 0x00000000b5800000|  0%| F|  |TAMS 0x00000000b5700000| PB 0x00000000b5700000| Untracked 
| 856|0x00000000b5800000, 0x00000000b5800000, 0x00000000b5900000|  0%| F|  |TAMS 0x00000000b5800000| PB 0x00000000b5800000| Untracked 
| 857|0x00000000b5900000, 0x00000000b5900000, 0x00000000b5a00000|  0%| F|  |TAMS 0x00000000b5900000| PB 0x00000000b5900000| Untracked 
| 858|0x00000000b5a00000, 0x00000000b5a00000, 0x00000000b5b00000|  0%| F|  |TAMS 0x00000000b5a00000| PB 0x00000000b5a00000| Untracked 
| 859|0x00000000b5b00000, 0x00000000b5b00000, 0x00000000b5c00000|  0%| F|  |TAMS 0x00000000b5b00000| PB 0x00000000b5b00000| Untracked 
| 860|0x00000000b5c00000, 0x00000000b5c00000, 0x00000000b5d00000|  0%| F|  |TAMS 0x00000000b5c00000| PB 0x00000000b5c00000| Untracked 
| 861|0x00000000b5d00000, 0x00000000b5d00000, 0x00000000b5e00000|  0%| F|  |TAMS 0x00000000b5d00000| PB 0x00000000b5d00000| Untracked 
| 862|0x00000000b5e00000, 0x00000000b5e00000, 0x00000000b5f00000|  0%| F|  |TAMS 0x00000000b5e00000| PB 0x00000000b5e00000| Untracked 
| 863|0x00000000b5f00000, 0x00000000b5f00000, 0x00000000b6000000|  0%| F|  |TAMS 0x00000000b5f00000| PB 0x00000000b5f00000| Untracked 
| 864|0x00000000b6000000, 0x00000000b6000000, 0x00000000b6100000|  0%| F|  |TAMS 0x00000000b6000000| PB 0x00000000b6000000| Untracked 
| 865|0x00000000b6100000, 0x00000000b6100000, 0x00000000b6200000|  0%| F|  |TAMS 0x00000000b6100000| PB 0x00000000b6100000| Untracked 
| 866|0x00000000b6200000, 0x00000000b6200000, 0x00000000b6300000|  0%| F|  |TAMS 0x00000000b6200000| PB 0x00000000b6200000| Untracked 
| 867|0x00000000b6300000, 0x00000000b6300000, 0x00000000b6400000|  0%| F|  |TAMS 0x00000000b6300000| PB 0x00000000b6300000| Untracked 
| 868|0x00000000b6400000, 0x00000000b6400000, 0x00000000b6500000|  0%| F|  |TAMS 0x00000000b6400000| PB 0x00000000b6400000| Untracked 
| 869|0x00000000b6500000, 0x00000000b6500000, 0x00000000b6600000|  0%| F|  |TAMS 0x00000000b6500000| PB 0x00000000b6500000| Untracked 
| 870|0x00000000b6600000, 0x00000000b6600000, 0x00000000b6700000|  0%| F|  |TAMS 0x00000000b6600000| PB 0x00000000b6600000| Untracked 
| 871|0x00000000b6700000, 0x00000000b6700000, 0x00000000b6800000|  0%| F|  |TAMS 0x00000000b6700000| PB 0x00000000b6700000| Untracked 
| 872|0x00000000b6800000, 0x00000000b6800000, 0x00000000b6900000|  0%| F|  |TAMS 0x00000000b6800000| PB 0x00000000b6800000| Untracked 
| 873|0x00000000b6900000, 0x00000000b6900000, 0x00000000b6a00000|  0%| F|  |TAMS 0x00000000b6900000| PB 0x00000000b6900000| Untracked 
| 874|0x00000000b6a00000, 0x00000000b6a00000, 0x00000000b6b00000|  0%| F|  |TAMS 0x00000000b6a00000| PB 0x00000000b6a00000| Untracked 
| 875|0x00000000b6b00000, 0x00000000b6b00000, 0x00000000b6c00000|  0%| F|  |TAMS 0x00000000b6b00000| PB 0x00000000b6b00000| Untracked 
| 876|0x00000000b6c00000, 0x00000000b6c00000, 0x00000000b6d00000|  0%| F|  |TAMS 0x00000000b6c00000| PB 0x00000000b6c00000| Untracked 
| 877|0x00000000b6d00000, 0x00000000b6d00000, 0x00000000b6e00000|  0%| F|  |TAMS 0x00000000b6d00000| PB 0x00000000b6d00000| Untracked 
| 878|0x00000000b6e00000, 0x00000000b6e00000, 0x00000000b6f00000|  0%| F|  |TAMS 0x00000000b6e00000| PB 0x00000000b6e00000| Untracked 
| 879|0x00000000b6f00000, 0x00000000b6f00000, 0x00000000b7000000|  0%| F|  |TAMS 0x00000000b6f00000| PB 0x00000000b6f00000| Untracked 
| 880|0x00000000b7000000, 0x00000000b7000000, 0x00000000b7100000|  0%| F|  |TAMS 0x00000000b7000000| PB 0x00000000b7000000| Untracked 
| 881|0x00000000b7100000, 0x00000000b7100000, 0x00000000b7200000|  0%| F|  |TAMS 0x00000000b7100000| PB 0x00000000b7100000| Untracked 
| 882|0x00000000b7200000, 0x00000000b7200000, 0x00000000b7300000|  0%| F|  |TAMS 0x00000000b7200000| PB 0x00000000b7200000| Untracked 
| 883|0x00000000b7300000, 0x00000000b7300000, 0x00000000b7400000|  0%| F|  |TAMS 0x00000000b7300000| PB 0x00000000b7300000| Untracked 
| 884|0x00000000b7400000, 0x00000000b7400000, 0x00000000b7500000|  0%| F|  |TAMS 0x00000000b7400000| PB 0x00000000b7400000| Untracked 
| 885|0x00000000b7500000, 0x00000000b7500000, 0x00000000b7600000|  0%| F|  |TAMS 0x00000000b7500000| PB 0x00000000b7500000| Untracked 
| 886|0x00000000b7600000, 0x00000000b7600000, 0x00000000b7700000|  0%| F|  |TAMS 0x00000000b7600000| PB 0x00000000b7600000| Untracked 
| 887|0x00000000b7700000, 0x00000000b7700000, 0x00000000b7800000|  0%| F|  |TAMS 0x00000000b7700000| PB 0x00000000b7700000| Untracked 
| 888|0x00000000b7800000, 0x00000000b7800000, 0x00000000b7900000|  0%| F|  |TAMS 0x00000000b7800000| PB 0x00000000b7800000| Untracked 
| 889|0x00000000b7900000, 0x00000000b7900000, 0x00000000b7a00000|  0%| F|  |TAMS 0x00000000b7900000| PB 0x00000000b7900000| Untracked 
| 890|0x00000000b7a00000, 0x00000000b7a00000, 0x00000000b7b00000|  0%| F|  |TAMS 0x00000000b7a00000| PB 0x00000000b7a00000| Untracked 
| 891|0x00000000b7b00000, 0x00000000b7b00000, 0x00000000b7c00000|  0%| F|  |TAMS 0x00000000b7b00000| PB 0x00000000b7b00000| Untracked 
| 892|0x00000000b7c00000, 0x00000000b7c00000, 0x00000000b7d00000|  0%| F|  |TAMS 0x00000000b7c00000| PB 0x00000000b7c00000| Untracked 
| 893|0x00000000b7d00000, 0x00000000b7d00000, 0x00000000b7e00000|  0%| F|  |TAMS 0x00000000b7d00000| PB 0x00000000b7d00000| Untracked 
| 894|0x00000000b7e00000, 0x00000000b7e00000, 0x00000000b7f00000|  0%| F|  |TAMS 0x00000000b7e00000| PB 0x00000000b7e00000| Untracked 
| 895|0x00000000b7f00000, 0x00000000b7f00000, 0x00000000b8000000|  0%| F|  |TAMS 0x00000000b7f00000| PB 0x00000000b7f00000| Untracked 
| 896|0x00000000b8000000, 0x00000000b8000000, 0x00000000b8100000|  0%| F|  |TAMS 0x00000000b8000000| PB 0x00000000b8000000| Untracked 
| 897|0x00000000b8100000, 0x00000000b8100000, 0x00000000b8200000|  0%| F|  |TAMS 0x00000000b8100000| PB 0x00000000b8100000| Untracked 
| 898|0x00000000b8200000, 0x00000000b8200000, 0x00000000b8300000|  0%| F|  |TAMS 0x00000000b8200000| PB 0x00000000b8200000| Untracked 
| 899|0x00000000b8300000, 0x00000000b8300000, 0x00000000b8400000|  0%| F|  |TAMS 0x00000000b8300000| PB 0x00000000b8300000| Untracked 
| 900|0x00000000b8400000, 0x00000000b8400000, 0x00000000b8500000|  0%| F|  |TAMS 0x00000000b8400000| PB 0x00000000b8400000| Untracked 
| 901|0x00000000b8500000, 0x00000000b8500000, 0x00000000b8600000|  0%| F|  |TAMS 0x00000000b8500000| PB 0x00000000b8500000| Untracked 
| 902|0x00000000b8600000, 0x00000000b8600000, 0x00000000b8700000|  0%| F|  |TAMS 0x00000000b8600000| PB 0x00000000b8600000| Untracked 
| 903|0x00000000b8700000, 0x00000000b8700000, 0x00000000b8800000|  0%| F|  |TAMS 0x00000000b8700000| PB 0x00000000b8700000| Untracked 
| 904|0x00000000b8800000, 0x00000000b8800000, 0x00000000b8900000|  0%| F|  |TAMS 0x00000000b8800000| PB 0x00000000b8800000| Untracked 
| 905|0x00000000b8900000, 0x00000000b8900000, 0x00000000b8a00000|  0%| F|  |TAMS 0x00000000b8900000| PB 0x00000000b8900000| Untracked 
| 906|0x00000000b8a00000, 0x00000000b8a00000, 0x00000000b8b00000|  0%| F|  |TAMS 0x00000000b8a00000| PB 0x00000000b8a00000| Untracked 
| 907|0x00000000b8b00000, 0x00000000b8b00000, 0x00000000b8c00000|  0%| F|  |TAMS 0x00000000b8b00000| PB 0x00000000b8b00000| Untracked 
| 908|0x00000000b8c00000, 0x00000000b8c00000, 0x00000000b8d00000|  0%| F|  |TAMS 0x00000000b8c00000| PB 0x00000000b8c00000| Untracked 
| 909|0x00000000b8d00000, 0x00000000b8d00000, 0x00000000b8e00000|  0%| F|  |TAMS 0x00000000b8d00000| PB 0x00000000b8d00000| Untracked 
| 910|0x00000000b8e00000, 0x00000000b8e00000, 0x00000000b8f00000|  0%| F|  |TAMS 0x00000000b8e00000| PB 0x00000000b8e00000| Untracked 
| 911|0x00000000b8f00000, 0x00000000b8f00000, 0x00000000b9000000|  0%| F|  |TAMS 0x00000000b8f00000| PB 0x00000000b8f00000| Untracked 
| 912|0x00000000b9000000, 0x00000000b9000000, 0x00000000b9100000|  0%| F|  |TAMS 0x00000000b9000000| PB 0x00000000b9000000| Untracked 
| 913|0x00000000b9100000, 0x00000000b9100000, 0x00000000b9200000|  0%| F|  |TAMS 0x00000000b9100000| PB 0x00000000b9100000| Untracked 
| 914|0x00000000b9200000, 0x00000000b9200000, 0x00000000b9300000|  0%| F|  |TAMS 0x00000000b9200000| PB 0x00000000b9200000| Untracked 
| 915|0x00000000b9300000, 0x00000000b9300000, 0x00000000b9400000|  0%| F|  |TAMS 0x00000000b9300000| PB 0x00000000b9300000| Untracked 
| 916|0x00000000b9400000, 0x00000000b9400000, 0x00000000b9500000|  0%| F|  |TAMS 0x00000000b9400000| PB 0x00000000b9400000| Untracked 
| 917|0x00000000b9500000, 0x00000000b9500000, 0x00000000b9600000|  0%| F|  |TAMS 0x00000000b9500000| PB 0x00000000b9500000| Untracked 
| 918|0x00000000b9600000, 0x00000000b9600000, 0x00000000b9700000|  0%| F|  |TAMS 0x00000000b9600000| PB 0x00000000b9600000| Untracked 
| 919|0x00000000b9700000, 0x00000000b9700000, 0x00000000b9800000|  0%| F|  |TAMS 0x00000000b9700000| PB 0x00000000b9700000| Untracked 
| 920|0x00000000b9800000, 0x00000000b9800000, 0x00000000b9900000|  0%| F|  |TAMS 0x00000000b9800000| PB 0x00000000b9800000| Untracked 
| 921|0x00000000b9900000, 0x00000000b9900000, 0x00000000b9a00000|  0%| F|  |TAMS 0x00000000b9900000| PB 0x00000000b9900000| Untracked 
| 922|0x00000000b9a00000, 0x00000000b9a00000, 0x00000000b9b00000|  0%| F|  |TAMS 0x00000000b9a00000| PB 0x00000000b9a00000| Untracked 
| 923|0x00000000b9b00000, 0x00000000b9b00000, 0x00000000b9c00000|  0%| F|  |TAMS 0x00000000b9b00000| PB 0x00000000b9b00000| Untracked 
| 924|0x00000000b9c00000, 0x00000000b9c00000, 0x00000000b9d00000|  0%| F|  |TAMS 0x00000000b9c00000| PB 0x00000000b9c00000| Untracked 
| 925|0x00000000b9d00000, 0x00000000b9d00000, 0x00000000b9e00000|  0%| F|  |TAMS 0x00000000b9d00000| PB 0x00000000b9d00000| Untracked 
| 926|0x00000000b9e00000, 0x00000000b9e00000, 0x00000000b9f00000|  0%| F|  |TAMS 0x00000000b9e00000| PB 0x00000000b9e00000| Untracked 
| 927|0x00000000b9f00000, 0x00000000b9f00000, 0x00000000ba000000|  0%| F|  |TAMS 0x00000000b9f00000| PB 0x00000000b9f00000| Untracked 
| 928|0x00000000ba000000, 0x00000000ba000000, 0x00000000ba100000|  0%| F|  |TAMS 0x00000000ba000000| PB 0x00000000ba000000| Untracked 
| 929|0x00000000ba100000, 0x00000000ba100000, 0x00000000ba200000|  0%| F|  |TAMS 0x00000000ba100000| PB 0x00000000ba100000| Untracked 
| 930|0x00000000ba200000, 0x00000000ba200000, 0x00000000ba300000|  0%| F|  |TAMS 0x00000000ba200000| PB 0x00000000ba200000| Untracked 
| 931|0x00000000ba300000, 0x00000000ba300000, 0x00000000ba400000|  0%| F|  |TAMS 0x00000000ba300000| PB 0x00000000ba300000| Untracked 
| 932|0x00000000ba400000, 0x00000000ba400000, 0x00000000ba500000|  0%| F|  |TAMS 0x00000000ba400000| PB 0x00000000ba400000| Untracked 
| 933|0x00000000ba500000, 0x00000000ba500000, 0x00000000ba600000|  0%| F|  |TAMS 0x00000000ba500000| PB 0x00000000ba500000| Untracked 
| 934|0x00000000ba600000, 0x00000000ba600000, 0x00000000ba700000|  0%| F|  |TAMS 0x00000000ba600000| PB 0x00000000ba600000| Untracked 
| 935|0x00000000ba700000, 0x00000000ba700000, 0x00000000ba800000|  0%| F|  |TAMS 0x00000000ba700000| PB 0x00000000ba700000| Untracked 
| 936|0x00000000ba800000, 0x00000000ba800000, 0x00000000ba900000|  0%| F|  |TAMS 0x00000000ba800000| PB 0x00000000ba800000| Untracked 
| 937|0x00000000ba900000, 0x00000000ba900000, 0x00000000baa00000|  0%| F|  |TAMS 0x00000000ba900000| PB 0x00000000ba900000| Untracked 
| 938|0x00000000baa00000, 0x00000000baa00000, 0x00000000bab00000|  0%| F|  |TAMS 0x00000000baa00000| PB 0x00000000baa00000| Untracked 
| 939|0x00000000bab00000, 0x00000000bab00000, 0x00000000bac00000|  0%| F|  |TAMS 0x00000000bab00000| PB 0x00000000bab00000| Untracked 
| 940|0x00000000bac00000, 0x00000000bac00000, 0x00000000bad00000|  0%| F|  |TAMS 0x00000000bac00000| PB 0x00000000bac00000| Untracked 
| 941|0x00000000bad00000, 0x00000000bad00000, 0x00000000bae00000|  0%| F|  |TAMS 0x00000000bad00000| PB 0x00000000bad00000| Untracked 
| 942|0x00000000bae00000, 0x00000000bae00000, 0x00000000baf00000|  0%| F|  |TAMS 0x00000000bae00000| PB 0x00000000bae00000| Untracked 
| 943|0x00000000baf00000, 0x00000000baf00000, 0x00000000bb000000|  0%| F|  |TAMS 0x00000000baf00000| PB 0x00000000baf00000| Untracked 
| 944|0x00000000bb000000, 0x00000000bb000000, 0x00000000bb100000|  0%| F|  |TAMS 0x00000000bb000000| PB 0x00000000bb000000| Untracked 
| 945|0x00000000bb100000, 0x00000000bb100000, 0x00000000bb200000|  0%| F|  |TAMS 0x00000000bb100000| PB 0x00000000bb100000| Untracked 
| 946|0x00000000bb200000, 0x00000000bb200000, 0x00000000bb300000|  0%| F|  |TAMS 0x00000000bb200000| PB 0x00000000bb200000| Untracked 
| 947|0x00000000bb300000, 0x00000000bb300000, 0x00000000bb400000|  0%| F|  |TAMS 0x00000000bb300000| PB 0x00000000bb300000| Untracked 
| 948|0x00000000bb400000, 0x00000000bb400000, 0x00000000bb500000|  0%| F|  |TAMS 0x00000000bb400000| PB 0x00000000bb400000| Untracked 
| 949|0x00000000bb500000, 0x00000000bb500000, 0x00000000bb600000|  0%| F|  |TAMS 0x00000000bb500000| PB 0x00000000bb500000| Untracked 
| 950|0x00000000bb600000, 0x00000000bb600000, 0x00000000bb700000|  0%| F|  |TAMS 0x00000000bb600000| PB 0x00000000bb600000| Untracked 
| 951|0x00000000bb700000, 0x00000000bb700000, 0x00000000bb800000|  0%| F|  |TAMS 0x00000000bb700000| PB 0x00000000bb700000| Untracked 
| 952|0x00000000bb800000, 0x00000000bb800000, 0x00000000bb900000|  0%| F|  |TAMS 0x00000000bb800000| PB 0x00000000bb800000| Untracked 
| 953|0x00000000bb900000, 0x00000000bb900000, 0x00000000bba00000|  0%| F|  |TAMS 0x00000000bb900000| PB 0x00000000bb900000| Untracked 
| 954|0x00000000bba00000, 0x00000000bba00000, 0x00000000bbb00000|  0%| F|  |TAMS 0x00000000bba00000| PB 0x00000000bba00000| Untracked 
| 955|0x00000000bbb00000, 0x00000000bbb00000, 0x00000000bbc00000|  0%| F|  |TAMS 0x00000000bbb00000| PB 0x00000000bbb00000| Untracked 
| 956|0x00000000bbc00000, 0x00000000bbc00000, 0x00000000bbd00000|  0%| F|  |TAMS 0x00000000bbc00000| PB 0x00000000bbc00000| Untracked 
| 957|0x00000000bbd00000, 0x00000000bbd00000, 0x00000000bbe00000|  0%| F|  |TAMS 0x00000000bbd00000| PB 0x00000000bbd00000| Untracked 
| 958|0x00000000bbe00000, 0x00000000bbe00000, 0x00000000bbf00000|  0%| F|  |TAMS 0x00000000bbe00000| PB 0x00000000bbe00000| Untracked 
| 959|0x00000000bbf00000, 0x00000000bbf00000, 0x00000000bc000000|  0%| F|  |TAMS 0x00000000bbf00000| PB 0x00000000bbf00000| Untracked 
| 960|0x00000000bc000000, 0x00000000bc000000, 0x00000000bc100000|  0%| F|  |TAMS 0x00000000bc000000| PB 0x00000000bc000000| Untracked 
| 961|0x00000000bc100000, 0x00000000bc100000, 0x00000000bc200000|  0%| F|  |TAMS 0x00000000bc100000| PB 0x00000000bc100000| Untracked 
| 962|0x00000000bc200000, 0x00000000bc200000, 0x00000000bc300000|  0%| F|  |TAMS 0x00000000bc200000| PB 0x00000000bc200000| Untracked 
| 963|0x00000000bc300000, 0x00000000bc300000, 0x00000000bc400000|  0%| F|  |TAMS 0x00000000bc300000| PB 0x00000000bc300000| Untracked 
| 964|0x00000000bc400000, 0x00000000bc400000, 0x00000000bc500000|  0%| F|  |TAMS 0x00000000bc400000| PB 0x00000000bc400000| Untracked 
| 965|0x00000000bc500000, 0x00000000bc500000, 0x00000000bc600000|  0%| F|  |TAMS 0x00000000bc500000| PB 0x00000000bc500000| Untracked 
| 966|0x00000000bc600000, 0x00000000bc600000, 0x00000000bc700000|  0%| F|  |TAMS 0x00000000bc600000| PB 0x00000000bc600000| Untracked 
| 967|0x00000000bc700000, 0x00000000bc700000, 0x00000000bc800000|  0%| F|  |TAMS 0x00000000bc700000| PB 0x00000000bc700000| Untracked 
| 968|0x00000000bc800000, 0x00000000bc800000, 0x00000000bc900000|  0%| F|  |TAMS 0x00000000bc800000| PB 0x00000000bc800000| Untracked 
| 969|0x00000000bc900000, 0x00000000bc900000, 0x00000000bca00000|  0%| F|  |TAMS 0x00000000bc900000| PB 0x00000000bc900000| Untracked 
| 970|0x00000000bca00000, 0x00000000bca00000, 0x00000000bcb00000|  0%| F|  |TAMS 0x00000000bca00000| PB 0x00000000bca00000| Untracked 
| 971|0x00000000bcb00000, 0x00000000bcb00000, 0x00000000bcc00000|  0%| F|  |TAMS 0x00000000bcb00000| PB 0x00000000bcb00000| Untracked 
| 972|0x00000000bcc00000, 0x00000000bcc00000, 0x00000000bcd00000|  0%| F|  |TAMS 0x00000000bcc00000| PB 0x00000000bcc00000| Untracked 
| 973|0x00000000bcd00000, 0x00000000bcd00000, 0x00000000bce00000|  0%| F|  |TAMS 0x00000000bcd00000| PB 0x00000000bcd00000| Untracked 
| 974|0x00000000bce00000, 0x00000000bce00000, 0x00000000bcf00000|  0%| F|  |TAMS 0x00000000bce00000| PB 0x00000000bce00000| Untracked 
| 975|0x00000000bcf00000, 0x00000000bcf00000, 0x00000000bd000000|  0%| F|  |TAMS 0x00000000bcf00000| PB 0x00000000bcf00000| Untracked 
| 976|0x00000000bd000000, 0x00000000bd000000, 0x00000000bd100000|  0%| F|  |TAMS 0x00000000bd000000| PB 0x00000000bd000000| Untracked 
| 977|0x00000000bd100000, 0x00000000bd100000, 0x00000000bd200000|  0%| F|  |TAMS 0x00000000bd100000| PB 0x00000000bd100000| Untracked 
| 978|0x00000000bd200000, 0x00000000bd200000, 0x00000000bd300000|  0%| F|  |TAMS 0x00000000bd200000| PB 0x00000000bd200000| Untracked 
| 979|0x00000000bd300000, 0x00000000bd300000, 0x00000000bd400000|  0%| F|  |TAMS 0x00000000bd300000| PB 0x00000000bd300000| Untracked 
| 980|0x00000000bd400000, 0x00000000bd400000, 0x00000000bd500000|  0%| F|  |TAMS 0x00000000bd400000| PB 0x00000000bd400000| Untracked 
| 981|0x00000000bd500000, 0x00000000bd500000, 0x00000000bd600000|  0%| F|  |TAMS 0x00000000bd500000| PB 0x00000000bd500000| Untracked 
| 982|0x00000000bd600000, 0x00000000bd600000, 0x00000000bd700000|  0%| F|  |TAMS 0x00000000bd600000| PB 0x00000000bd600000| Untracked 
| 983|0x00000000bd700000, 0x00000000bd700000, 0x00000000bd800000|  0%| F|  |TAMS 0x00000000bd700000| PB 0x00000000bd700000| Untracked 
| 984|0x00000000bd800000, 0x00000000bd800000, 0x00000000bd900000|  0%| F|  |TAMS 0x00000000bd800000| PB 0x00000000bd800000| Untracked 
| 985|0x00000000bd900000, 0x00000000bd900000, 0x00000000bda00000|  0%| F|  |TAMS 0x00000000bd900000| PB 0x00000000bd900000| Untracked 
| 986|0x00000000bda00000, 0x00000000bda00000, 0x00000000bdb00000|  0%| F|  |TAMS 0x00000000bda00000| PB 0x00000000bda00000| Untracked 
| 987|0x00000000bdb00000, 0x00000000bdb00000, 0x00000000bdc00000|  0%| F|  |TAMS 0x00000000bdb00000| PB 0x00000000bdb00000| Untracked 
| 988|0x00000000bdc00000, 0x00000000bdc00000, 0x00000000bdd00000|  0%| F|  |TAMS 0x00000000bdc00000| PB 0x00000000bdc00000| Untracked 
| 989|0x00000000bdd00000, 0x00000000bdd00000, 0x00000000bde00000|  0%| F|  |TAMS 0x00000000bdd00000| PB 0x00000000bdd00000| Untracked 
| 990|0x00000000bde00000, 0x00000000bde00000, 0x00000000bdf00000|  0%| F|  |TAMS 0x00000000bde00000| PB 0x00000000bde00000| Untracked 
| 991|0x00000000bdf00000, 0x00000000bdf00000, 0x00000000be000000|  0%| F|  |TAMS 0x00000000bdf00000| PB 0x00000000bdf00000| Untracked 
| 992|0x00000000be000000, 0x00000000be000000, 0x00000000be100000|  0%| F|  |TAMS 0x00000000be000000| PB 0x00000000be000000| Untracked 
| 993|0x00000000be100000, 0x00000000be100000, 0x00000000be200000|  0%| F|  |TAMS 0x00000000be100000| PB 0x00000000be100000| Untracked 
| 994|0x00000000be200000, 0x00000000be200000, 0x00000000be300000|  0%| F|  |TAMS 0x00000000be200000| PB 0x00000000be200000| Untracked 
| 995|0x00000000be300000, 0x00000000be300000, 0x00000000be400000|  0%| F|  |TAMS 0x00000000be300000| PB 0x00000000be300000| Untracked 
| 996|0x00000000be400000, 0x00000000be400000, 0x00000000be500000|  0%| F|  |TAMS 0x00000000be400000| PB 0x00000000be400000| Untracked 
| 997|0x00000000be500000, 0x00000000be500000, 0x00000000be600000|  0%| F|  |TAMS 0x00000000be500000| PB 0x00000000be500000| Untracked 
| 998|0x00000000be600000, 0x00000000be600000, 0x00000000be700000|  0%| F|  |TAMS 0x00000000be600000| PB 0x00000000be600000| Untracked 
| 999|0x00000000be700000, 0x00000000be700000, 0x00000000be800000|  0%| F|  |TAMS 0x00000000be700000| PB 0x00000000be700000| Untracked 
|1000|0x00000000be800000, 0x00000000be800000, 0x00000000be900000|  0%| F|  |TAMS 0x00000000be800000| PB 0x00000000be800000| Untracked 
|1001|0x00000000be900000, 0x00000000be900000, 0x00000000bea00000|  0%| F|  |TAMS 0x00000000be900000| PB 0x00000000be900000| Untracked 
|1002|0x00000000bea00000, 0x00000000bea00000, 0x00000000beb00000|  0%| F|  |TAMS 0x00000000bea00000| PB 0x00000000bea00000| Untracked 
|1003|0x00000000beb00000, 0x00000000beb00000, 0x00000000bec00000|  0%| F|  |TAMS 0x00000000beb00000| PB 0x00000000beb00000| Untracked 
|1004|0x00000000bec00000, 0x00000000bec00000, 0x00000000bed00000|  0%| F|  |TAMS 0x00000000bec00000| PB 0x00000000bec00000| Untracked 
|1005|0x00000000bed00000, 0x00000000bed00000, 0x00000000bee00000|  0%| F|  |TAMS 0x00000000bed00000| PB 0x00000000bed00000| Untracked 
|1006|0x00000000bee00000, 0x00000000bee00000, 0x00000000bef00000|  0%| F|  |TAMS 0x00000000bee00000| PB 0x00000000bee00000| Untracked 
|1007|0x00000000bef00000, 0x00000000bef00000, 0x00000000bf000000|  0%| F|  |TAMS 0x00000000bef00000| PB 0x00000000bef00000| Untracked 
|1008|0x00000000bf000000, 0x00000000bf000000, 0x00000000bf100000|  0%| F|  |TAMS 0x00000000bf000000| PB 0x00000000bf000000| Untracked 
|1009|0x00000000bf100000, 0x00000000bf100000, 0x00000000bf200000|  0%| F|  |TAMS 0x00000000bf100000| PB 0x00000000bf100000| Untracked 
|1010|0x00000000bf200000, 0x00000000bf200000, 0x00000000bf300000|  0%| F|  |TAMS 0x00000000bf200000| PB 0x00000000bf200000| Untracked 
|1011|0x00000000bf300000, 0x00000000bf300000, 0x00000000bf400000|  0%| F|  |TAMS 0x00000000bf300000| PB 0x00000000bf300000| Untracked 
|1012|0x00000000bf400000, 0x00000000bf400000, 0x00000000bf500000|  0%| F|  |TAMS 0x00000000bf400000| PB 0x00000000bf400000| Untracked 
|1013|0x00000000bf500000, 0x00000000bf500000, 0x00000000bf600000|  0%| F|  |TAMS 0x00000000bf500000| PB 0x00000000bf500000| Untracked 
|1014|0x00000000bf600000, 0x00000000bf600000, 0x00000000bf700000|  0%| F|  |TAMS 0x00000000bf600000| PB 0x00000000bf600000| Untracked 
|1015|0x00000000bf700000, 0x00000000bf700000, 0x00000000bf800000|  0%| F|  |TAMS 0x00000000bf700000| PB 0x00000000bf700000| Untracked 
|1016|0x00000000bf800000, 0x00000000bf800000, 0x00000000bf900000|  0%| F|  |TAMS 0x00000000bf800000| PB 0x00000000bf800000| Untracked 
|1017|0x00000000bf900000, 0x00000000bf900000, 0x00000000bfa00000|  0%| F|  |TAMS 0x00000000bf900000| PB 0x00000000bf900000| Untracked 
|1018|0x00000000bfa00000, 0x00000000bfa00000, 0x00000000bfb00000|  0%| F|  |TAMS 0x00000000bfa00000| PB 0x00000000bfa00000| Untracked 
|1019|0x00000000bfb00000, 0x00000000bfb00000, 0x00000000bfc00000|  0%| F|  |TAMS 0x00000000bfb00000| PB 0x00000000bfb00000| Untracked 
|1020|0x00000000bfc00000, 0x00000000bfc00000, 0x00000000bfd00000|  0%| F|  |TAMS 0x00000000bfc00000| PB 0x00000000bfc00000| Untracked 
|1021|0x00000000bfd00000, 0x00000000bfd00000, 0x00000000bfe00000|  0%| F|  |TAMS 0x00000000bfd00000| PB 0x00000000bfd00000| Untracked 
|1022|0x00000000bfe00000, 0x00000000bfe00000, 0x00000000bff00000|  0%| F|  |TAMS 0x00000000bfe00000| PB 0x00000000bfe00000| Untracked 
|1023|0x00000000bff00000, 0x00000000bff00000, 0x00000000c0000000|  0%| F|  |TAMS 0x00000000bff00000| PB 0x00000000bff00000| Untracked 
|1024|0x00000000c0000000, 0x00000000c0000000, 0x00000000c0100000|  0%| F|  |TAMS 0x00000000c0000000| PB 0x00000000c0000000| Untracked 
|1025|0x00000000c0100000, 0x00000000c0100000, 0x00000000c0200000|  0%| F|  |TAMS 0x00000000c0100000| PB 0x00000000c0100000| Untracked 
|1026|0x00000000c0200000, 0x00000000c0200000, 0x00000000c0300000|  0%| F|  |TAMS 0x00000000c0200000| PB 0x00000000c0200000| Untracked 
|1027|0x00000000c0300000, 0x00000000c0300000, 0x00000000c0400000|  0%| F|  |TAMS 0x00000000c0300000| PB 0x00000000c0300000| Untracked 
|1028|0x00000000c0400000, 0x00000000c0400000, 0x00000000c0500000|  0%| F|  |TAMS 0x00000000c0400000| PB 0x00000000c0400000| Untracked 
|1029|0x00000000c0500000, 0x00000000c0500000, 0x00000000c0600000|  0%| F|  |TAMS 0x00000000c0500000| PB 0x00000000c0500000| Untracked 
|1030|0x00000000c0600000, 0x00000000c0600000, 0x00000000c0700000|  0%| F|  |TAMS 0x00000000c0600000| PB 0x00000000c0600000| Untracked 
|1031|0x00000000c0700000, 0x00000000c0700000, 0x00000000c0800000|  0%| F|  |TAMS 0x00000000c0700000| PB 0x00000000c0700000| Untracked 
|1032|0x00000000c0800000, 0x00000000c0800000, 0x00000000c0900000|  0%| F|  |TAMS 0x00000000c0800000| PB 0x00000000c0800000| Untracked 
|1033|0x00000000c0900000, 0x00000000c0900000, 0x00000000c0a00000|  0%| F|  |TAMS 0x00000000c0900000| PB 0x00000000c0900000| Untracked 
|1034|0x00000000c0a00000, 0x00000000c0a00000, 0x00000000c0b00000|  0%| F|  |TAMS 0x00000000c0a00000| PB 0x00000000c0a00000| Untracked 
|1035|0x00000000c0b00000, 0x00000000c0b00000, 0x00000000c0c00000|  0%| F|  |TAMS 0x00000000c0b00000| PB 0x00000000c0b00000| Untracked 
|1036|0x00000000c0c00000, 0x00000000c0c00000, 0x00000000c0d00000|  0%| F|  |TAMS 0x00000000c0c00000| PB 0x00000000c0c00000| Untracked 
|1037|0x00000000c0d00000, 0x00000000c0d00000, 0x00000000c0e00000|  0%| F|  |TAMS 0x00000000c0d00000| PB 0x00000000c0d00000| Untracked 
|1038|0x00000000c0e00000, 0x00000000c0e00000, 0x00000000c0f00000|  0%| F|  |TAMS 0x00000000c0e00000| PB 0x00000000c0e00000| Untracked 
|1039|0x00000000c0f00000, 0x00000000c0f00000, 0x00000000c1000000|  0%| F|  |TAMS 0x00000000c0f00000| PB 0x00000000c0f00000| Untracked 
|1040|0x00000000c1000000, 0x00000000c1000000, 0x00000000c1100000|  0%| F|  |TAMS 0x00000000c1000000| PB 0x00000000c1000000| Untracked 
|1041|0x00000000c1100000, 0x00000000c1100000, 0x00000000c1200000|  0%| F|  |TAMS 0x00000000c1100000| PB 0x00000000c1100000| Untracked 
|1042|0x00000000c1200000, 0x00000000c1200000, 0x00000000c1300000|  0%| F|  |TAMS 0x00000000c1200000| PB 0x00000000c1200000| Untracked 
|1043|0x00000000c1300000, 0x00000000c1300000, 0x00000000c1400000|  0%| F|  |TAMS 0x00000000c1300000| PB 0x00000000c1300000| Untracked 
|1044|0x00000000c1400000, 0x00000000c1400000, 0x00000000c1500000|  0%| F|  |TAMS 0x00000000c1400000| PB 0x00000000c1400000| Untracked 
|1045|0x00000000c1500000, 0x00000000c1500000, 0x00000000c1600000|  0%| F|  |TAMS 0x00000000c1500000| PB 0x00000000c1500000| Untracked 
|1046|0x00000000c1600000, 0x00000000c1600000, 0x00000000c1700000|  0%| F|  |TAMS 0x00000000c1600000| PB 0x00000000c1600000| Untracked 
|1047|0x00000000c1700000, 0x00000000c1700000, 0x00000000c1800000|  0%| F|  |TAMS 0x00000000c1700000| PB 0x00000000c1700000| Untracked 
|1048|0x00000000c1800000, 0x00000000c1800000, 0x00000000c1900000|  0%| F|  |TAMS 0x00000000c1800000| PB 0x00000000c1800000| Untracked 
|1049|0x00000000c1900000, 0x00000000c1900000, 0x00000000c1a00000|  0%| F|  |TAMS 0x00000000c1900000| PB 0x00000000c1900000| Untracked 
|1050|0x00000000c1a00000, 0x00000000c1a00000, 0x00000000c1b00000|  0%| F|  |TAMS 0x00000000c1a00000| PB 0x00000000c1a00000| Untracked 
|1051|0x00000000c1b00000, 0x00000000c1b00000, 0x00000000c1c00000|  0%| F|  |TAMS 0x00000000c1b00000| PB 0x00000000c1b00000| Untracked 
|1052|0x00000000c1c00000, 0x00000000c1c00000, 0x00000000c1d00000|  0%| F|  |TAMS 0x00000000c1c00000| PB 0x00000000c1c00000| Untracked 
|1053|0x00000000c1d00000, 0x00000000c1d00000, 0x00000000c1e00000|  0%| F|  |TAMS 0x00000000c1d00000| PB 0x00000000c1d00000| Untracked 
|1054|0x00000000c1e00000, 0x00000000c1e00000, 0x00000000c1f00000|  0%| F|  |TAMS 0x00000000c1e00000| PB 0x00000000c1e00000| Untracked 
|1055|0x00000000c1f00000, 0x00000000c1f00000, 0x00000000c2000000|  0%| F|  |TAMS 0x00000000c1f00000| PB 0x00000000c1f00000| Untracked 
|1056|0x00000000c2000000, 0x00000000c2000000, 0x00000000c2100000|  0%| F|  |TAMS 0x00000000c2000000| PB 0x00000000c2000000| Untracked 
|1057|0x00000000c2100000, 0x00000000c2100000, 0x00000000c2200000|  0%| F|  |TAMS 0x00000000c2100000| PB 0x00000000c2100000| Untracked 
|1058|0x00000000c2200000, 0x00000000c2200000, 0x00000000c2300000|  0%| F|  |TAMS 0x00000000c2200000| PB 0x00000000c2200000| Untracked 
|1059|0x00000000c2300000, 0x00000000c2300000, 0x00000000c2400000|  0%| F|  |TAMS 0x00000000c2300000| PB 0x00000000c2300000| Untracked 
|1060|0x00000000c2400000, 0x00000000c2400000, 0x00000000c2500000|  0%| F|  |TAMS 0x00000000c2400000| PB 0x00000000c2400000| Untracked 
|1061|0x00000000c2500000, 0x00000000c2500000, 0x00000000c2600000|  0%| F|  |TAMS 0x00000000c2500000| PB 0x00000000c2500000| Untracked 
|1062|0x00000000c2600000, 0x00000000c2600000, 0x00000000c2700000|  0%| F|  |TAMS 0x00000000c2600000| PB 0x00000000c2600000| Untracked 
|1063|0x00000000c2700000, 0x00000000c2700000, 0x00000000c2800000|  0%| F|  |TAMS 0x00000000c2700000| PB 0x00000000c2700000| Untracked 
|1064|0x00000000c2800000, 0x00000000c2800000, 0x00000000c2900000|  0%| F|  |TAMS 0x00000000c2800000| PB 0x00000000c2800000| Untracked 
|1065|0x00000000c2900000, 0x00000000c2900000, 0x00000000c2a00000|  0%| F|  |TAMS 0x00000000c2900000| PB 0x00000000c2900000| Untracked 
|1066|0x00000000c2a00000, 0x00000000c2a00000, 0x00000000c2b00000|  0%| F|  |TAMS 0x00000000c2a00000| PB 0x00000000c2a00000| Untracked 
|1067|0x00000000c2b00000, 0x00000000c2b00000, 0x00000000c2c00000|  0%| F|  |TAMS 0x00000000c2b00000| PB 0x00000000c2b00000| Untracked 
|1068|0x00000000c2c00000, 0x00000000c2c00000, 0x00000000c2d00000|  0%| F|  |TAMS 0x00000000c2c00000| PB 0x00000000c2c00000| Untracked 
|1069|0x00000000c2d00000, 0x00000000c2d00000, 0x00000000c2e00000|  0%| F|  |TAMS 0x00000000c2d00000| PB 0x00000000c2d00000| Untracked 
|1070|0x00000000c2e00000, 0x00000000c2e00000, 0x00000000c2f00000|  0%| F|  |TAMS 0x00000000c2e00000| PB 0x00000000c2e00000| Untracked 
|1071|0x00000000c2f00000, 0x00000000c2f00000, 0x00000000c3000000|  0%| F|  |TAMS 0x00000000c2f00000| PB 0x00000000c2f00000| Untracked 
|1072|0x00000000c3000000, 0x00000000c3000000, 0x00000000c3100000|  0%| F|  |TAMS 0x00000000c3000000| PB 0x00000000c3000000| Untracked 
|1073|0x00000000c3100000, 0x00000000c3100000, 0x00000000c3200000|  0%| F|  |TAMS 0x00000000c3100000| PB 0x00000000c3100000| Untracked 
|1074|0x00000000c3200000, 0x00000000c3200000, 0x00000000c3300000|  0%| F|  |TAMS 0x00000000c3200000| PB 0x00000000c3200000| Untracked 
|1075|0x00000000c3300000, 0x00000000c3300000, 0x00000000c3400000|  0%| F|  |TAMS 0x00000000c3300000| PB 0x00000000c3300000| Untracked 
|1076|0x00000000c3400000, 0x00000000c3400000, 0x00000000c3500000|  0%| F|  |TAMS 0x00000000c3400000| PB 0x00000000c3400000| Untracked 
|1077|0x00000000c3500000, 0x00000000c3500000, 0x00000000c3600000|  0%| F|  |TAMS 0x00000000c3500000| PB 0x00000000c3500000| Untracked 
|1078|0x00000000c3600000, 0x00000000c3600000, 0x00000000c3700000|  0%| F|  |TAMS 0x00000000c3600000| PB 0x00000000c3600000| Untracked 
|1079|0x00000000c3700000, 0x00000000c3700000, 0x00000000c3800000|  0%| F|  |TAMS 0x00000000c3700000| PB 0x00000000c3700000| Untracked 
|1080|0x00000000c3800000, 0x00000000c3800000, 0x00000000c3900000|  0%| F|  |TAMS 0x00000000c3800000| PB 0x00000000c3800000| Untracked 
|1081|0x00000000c3900000, 0x00000000c3900000, 0x00000000c3a00000|  0%| F|  |TAMS 0x00000000c3900000| PB 0x00000000c3900000| Untracked 
|1082|0x00000000c3a00000, 0x00000000c3a00000, 0x00000000c3b00000|  0%| F|  |TAMS 0x00000000c3a00000| PB 0x00000000c3a00000| Untracked 
|1083|0x00000000c3b00000, 0x00000000c3b00000, 0x00000000c3c00000|  0%| F|  |TAMS 0x00000000c3b00000| PB 0x00000000c3b00000| Untracked 
|1084|0x00000000c3c00000, 0x00000000c3c00000, 0x00000000c3d00000|  0%| F|  |TAMS 0x00000000c3c00000| PB 0x00000000c3c00000| Untracked 
|1085|0x00000000c3d00000, 0x00000000c3d00000, 0x00000000c3e00000|  0%| F|  |TAMS 0x00000000c3d00000| PB 0x00000000c3d00000| Untracked 
|1086|0x00000000c3e00000, 0x00000000c3e00000, 0x00000000c3f00000|  0%| F|  |TAMS 0x00000000c3e00000| PB 0x00000000c3e00000| Untracked 
|1087|0x00000000c3f00000, 0x00000000c3f00000, 0x00000000c4000000|  0%| F|  |TAMS 0x00000000c3f00000| PB 0x00000000c3f00000| Untracked 
|1088|0x00000000c4000000, 0x00000000c4000000, 0x00000000c4100000|  0%| F|  |TAMS 0x00000000c4000000| PB 0x00000000c4000000| Untracked 
|1089|0x00000000c4100000, 0x00000000c4100000, 0x00000000c4200000|  0%| F|  |TAMS 0x00000000c4100000| PB 0x00000000c4100000| Untracked 
|1090|0x00000000c4200000, 0x00000000c4200000, 0x00000000c4300000|  0%| F|  |TAMS 0x00000000c4200000| PB 0x00000000c4200000| Untracked 
|1091|0x00000000c4300000, 0x00000000c4300000, 0x00000000c4400000|  0%| F|  |TAMS 0x00000000c4300000| PB 0x00000000c4300000| Untracked 
|1092|0x00000000c4400000, 0x00000000c4400000, 0x00000000c4500000|  0%| F|  |TAMS 0x00000000c4400000| PB 0x00000000c4400000| Untracked 
|1093|0x00000000c4500000, 0x00000000c4500000, 0x00000000c4600000|  0%| F|  |TAMS 0x00000000c4500000| PB 0x00000000c4500000| Untracked 
|1094|0x00000000c4600000, 0x00000000c4600000, 0x00000000c4700000|  0%| F|  |TAMS 0x00000000c4600000| PB 0x00000000c4600000| Untracked 
|1095|0x00000000c4700000, 0x00000000c4700000, 0x00000000c4800000|  0%| F|  |TAMS 0x00000000c4700000| PB 0x00000000c4700000| Untracked 
|1096|0x00000000c4800000, 0x00000000c4800000, 0x00000000c4900000|  0%| F|  |TAMS 0x00000000c4800000| PB 0x00000000c4800000| Untracked 
|1097|0x00000000c4900000, 0x00000000c4900000, 0x00000000c4a00000|  0%| F|  |TAMS 0x00000000c4900000| PB 0x00000000c4900000| Untracked 
|1098|0x00000000c4a00000, 0x00000000c4a00000, 0x00000000c4b00000|  0%| F|  |TAMS 0x00000000c4a00000| PB 0x00000000c4a00000| Untracked 
|1099|0x00000000c4b00000, 0x00000000c4b00000, 0x00000000c4c00000|  0%| F|  |TAMS 0x00000000c4b00000| PB 0x00000000c4b00000| Untracked 
|1100|0x00000000c4c00000, 0x00000000c4c00000, 0x00000000c4d00000|  0%| F|  |TAMS 0x00000000c4c00000| PB 0x00000000c4c00000| Untracked 
|1101|0x00000000c4d00000, 0x00000000c4d00000, 0x00000000c4e00000|  0%| F|  |TAMS 0x00000000c4d00000| PB 0x00000000c4d00000| Untracked 
|1102|0x00000000c4e00000, 0x00000000c4e00000, 0x00000000c4f00000|  0%| F|  |TAMS 0x00000000c4e00000| PB 0x00000000c4e00000| Untracked 
|1103|0x00000000c4f00000, 0x00000000c4f00000, 0x00000000c5000000|  0%| F|  |TAMS 0x00000000c4f00000| PB 0x00000000c4f00000| Untracked 
|1104|0x00000000c5000000, 0x00000000c5000000, 0x00000000c5100000|  0%| F|  |TAMS 0x00000000c5000000| PB 0x00000000c5000000| Untracked 
|1105|0x00000000c5100000, 0x00000000c5100000, 0x00000000c5200000|  0%| F|  |TAMS 0x00000000c5100000| PB 0x00000000c5100000| Untracked 
|1106|0x00000000c5200000, 0x00000000c5200000, 0x00000000c5300000|  0%| F|  |TAMS 0x00000000c5200000| PB 0x00000000c5200000| Untracked 
|1107|0x00000000c5300000, 0x00000000c5300000, 0x00000000c5400000|  0%| F|  |TAMS 0x00000000c5300000| PB 0x00000000c5300000| Untracked 
|1108|0x00000000c5400000, 0x00000000c5400000, 0x00000000c5500000|  0%| F|  |TAMS 0x00000000c5400000| PB 0x00000000c5400000| Untracked 
|1109|0x00000000c5500000, 0x00000000c5500000, 0x00000000c5600000|  0%| F|  |TAMS 0x00000000c5500000| PB 0x00000000c5500000| Untracked 
|1110|0x00000000c5600000, 0x00000000c5600000, 0x00000000c5700000|  0%| F|  |TAMS 0x00000000c5600000| PB 0x00000000c5600000| Untracked 
|1111|0x00000000c5700000, 0x00000000c5700000, 0x00000000c5800000|  0%| F|  |TAMS 0x00000000c5700000| PB 0x00000000c5700000| Untracked 
|1112|0x00000000c5800000, 0x00000000c5800000, 0x00000000c5900000|  0%| F|  |TAMS 0x00000000c5800000| PB 0x00000000c5800000| Untracked 
|1113|0x00000000c5900000, 0x00000000c5900000, 0x00000000c5a00000|  0%| F|  |TAMS 0x00000000c5900000| PB 0x00000000c5900000| Untracked 
|1114|0x00000000c5a00000, 0x00000000c5a00000, 0x00000000c5b00000|  0%| F|  |TAMS 0x00000000c5a00000| PB 0x00000000c5a00000| Untracked 
|1115|0x00000000c5b00000, 0x00000000c5b00000, 0x00000000c5c00000|  0%| F|  |TAMS 0x00000000c5b00000| PB 0x00000000c5b00000| Untracked 
|1116|0x00000000c5c00000, 0x00000000c5c00000, 0x00000000c5d00000|  0%| F|  |TAMS 0x00000000c5c00000| PB 0x00000000c5c00000| Untracked 
|1117|0x00000000c5d00000, 0x00000000c5d00000, 0x00000000c5e00000|  0%| F|  |TAMS 0x00000000c5d00000| PB 0x00000000c5d00000| Untracked 
|1118|0x00000000c5e00000, 0x00000000c5e00000, 0x00000000c5f00000|  0%| F|  |TAMS 0x00000000c5e00000| PB 0x00000000c5e00000| Untracked 
|1119|0x00000000c5f00000, 0x00000000c5f00000, 0x00000000c6000000|  0%| F|  |TAMS 0x00000000c5f00000| PB 0x00000000c5f00000| Untracked 
|1120|0x00000000c6000000, 0x00000000c6000000, 0x00000000c6100000|  0%| F|  |TAMS 0x00000000c6000000| PB 0x00000000c6000000| Untracked 
|1121|0x00000000c6100000, 0x00000000c6100000, 0x00000000c6200000|  0%| F|  |TAMS 0x00000000c6100000| PB 0x00000000c6100000| Untracked 
|1122|0x00000000c6200000, 0x00000000c6200000, 0x00000000c6300000|  0%| F|  |TAMS 0x00000000c6200000| PB 0x00000000c6200000| Untracked 
|1123|0x00000000c6300000, 0x00000000c6300000, 0x00000000c6400000|  0%| F|  |TAMS 0x00000000c6300000| PB 0x00000000c6300000| Untracked 
|1124|0x00000000c6400000, 0x00000000c6400000, 0x00000000c6500000|  0%| F|  |TAMS 0x00000000c6400000| PB 0x00000000c6400000| Untracked 
|1125|0x00000000c6500000, 0x00000000c6500000, 0x00000000c6600000|  0%| F|  |TAMS 0x00000000c6500000| PB 0x00000000c6500000| Untracked 
|1126|0x00000000c6600000, 0x00000000c6600000, 0x00000000c6700000|  0%| F|  |TAMS 0x00000000c6600000| PB 0x00000000c6600000| Untracked 
|1127|0x00000000c6700000, 0x00000000c6700000, 0x00000000c6800000|  0%| F|  |TAMS 0x00000000c6700000| PB 0x00000000c6700000| Untracked 
|1128|0x00000000c6800000, 0x00000000c6800000, 0x00000000c6900000|  0%| F|  |TAMS 0x00000000c6800000| PB 0x00000000c6800000| Untracked 
|1129|0x00000000c6900000, 0x00000000c6900000, 0x00000000c6a00000|  0%| F|  |TAMS 0x00000000c6900000| PB 0x00000000c6900000| Untracked 
|1130|0x00000000c6a00000, 0x00000000c6a00000, 0x00000000c6b00000|  0%| F|  |TAMS 0x00000000c6a00000| PB 0x00000000c6a00000| Untracked 
|1131|0x00000000c6b00000, 0x00000000c6b00000, 0x00000000c6c00000|  0%| F|  |TAMS 0x00000000c6b00000| PB 0x00000000c6b00000| Untracked 
|1132|0x00000000c6c00000, 0x00000000c6c00000, 0x00000000c6d00000|  0%| F|  |TAMS 0x00000000c6c00000| PB 0x00000000c6c00000| Untracked 
|1133|0x00000000c6d00000, 0x00000000c6d00000, 0x00000000c6e00000|  0%| F|  |TAMS 0x00000000c6d00000| PB 0x00000000c6d00000| Untracked 
|1134|0x00000000c6e00000, 0x00000000c6e00000, 0x00000000c6f00000|  0%| F|  |TAMS 0x00000000c6e00000| PB 0x00000000c6e00000| Untracked 
|1135|0x00000000c6f00000, 0x00000000c6f00000, 0x00000000c7000000|  0%| F|  |TAMS 0x00000000c6f00000| PB 0x00000000c6f00000| Untracked 
|1136|0x00000000c7000000, 0x00000000c7000000, 0x00000000c7100000|  0%| F|  |TAMS 0x00000000c7000000| PB 0x00000000c7000000| Untracked 
|1137|0x00000000c7100000, 0x00000000c7100000, 0x00000000c7200000|  0%| F|  |TAMS 0x00000000c7100000| PB 0x00000000c7100000| Untracked 
|1138|0x00000000c7200000, 0x00000000c7200000, 0x00000000c7300000|  0%| F|  |TAMS 0x00000000c7200000| PB 0x00000000c7200000| Untracked 
|1139|0x00000000c7300000, 0x00000000c7300000, 0x00000000c7400000|  0%| F|  |TAMS 0x00000000c7300000| PB 0x00000000c7300000| Untracked 
|1140|0x00000000c7400000, 0x00000000c7400000, 0x00000000c7500000|  0%| F|  |TAMS 0x00000000c7400000| PB 0x00000000c7400000| Untracked 
|1141|0x00000000c7500000, 0x00000000c7500000, 0x00000000c7600000|  0%| F|  |TAMS 0x00000000c7500000| PB 0x00000000c7500000| Untracked 
|1142|0x00000000c7600000, 0x00000000c7600000, 0x00000000c7700000|  0%| F|  |TAMS 0x00000000c7600000| PB 0x00000000c7600000| Untracked 
|1143|0x00000000c7700000, 0x00000000c7700000, 0x00000000c7800000|  0%| F|  |TAMS 0x00000000c7700000| PB 0x00000000c7700000| Untracked 
|1144|0x00000000c7800000, 0x00000000c7800000, 0x00000000c7900000|  0%| F|  |TAMS 0x00000000c7800000| PB 0x00000000c7800000| Untracked 
|1145|0x00000000c7900000, 0x00000000c7900000, 0x00000000c7a00000|  0%| F|  |TAMS 0x00000000c7900000| PB 0x00000000c7900000| Untracked 
|1146|0x00000000c7a00000, 0x00000000c7a00000, 0x00000000c7b00000|  0%| F|  |TAMS 0x00000000c7a00000| PB 0x00000000c7a00000| Untracked 
|1147|0x00000000c7b00000, 0x00000000c7b00000, 0x00000000c7c00000|  0%| F|  |TAMS 0x00000000c7b00000| PB 0x00000000c7b00000| Untracked 
|1148|0x00000000c7c00000, 0x00000000c7c00000, 0x00000000c7d00000|  0%| F|  |TAMS 0x00000000c7c00000| PB 0x00000000c7c00000| Untracked 
|1149|0x00000000c7d00000, 0x00000000c7d00000, 0x00000000c7e00000|  0%| F|  |TAMS 0x00000000c7d00000| PB 0x00000000c7d00000| Untracked 
|1150|0x00000000c7e00000, 0x00000000c7e00000, 0x00000000c7f00000|  0%| F|  |TAMS 0x00000000c7e00000| PB 0x00000000c7e00000| Untracked 
|1151|0x00000000c7f00000, 0x00000000c7f00000, 0x00000000c8000000|  0%| F|  |TAMS 0x00000000c7f00000| PB 0x00000000c7f00000| Untracked 
|1152|0x00000000c8000000, 0x00000000c8000000, 0x00000000c8100000|  0%| F|  |TAMS 0x00000000c8000000| PB 0x00000000c8000000| Untracked 
|1153|0x00000000c8100000, 0x00000000c8100000, 0x00000000c8200000|  0%| F|  |TAMS 0x00000000c8100000| PB 0x00000000c8100000| Untracked 
|1154|0x00000000c8200000, 0x00000000c8200000, 0x00000000c8300000|  0%| F|  |TAMS 0x00000000c8200000| PB 0x00000000c8200000| Untracked 
|1155|0x00000000c8300000, 0x00000000c8300000, 0x00000000c8400000|  0%| F|  |TAMS 0x00000000c8300000| PB 0x00000000c8300000| Untracked 
|1156|0x00000000c8400000, 0x00000000c8400000, 0x00000000c8500000|  0%| F|  |TAMS 0x00000000c8400000| PB 0x00000000c8400000| Untracked 
|1157|0x00000000c8500000, 0x00000000c8500000, 0x00000000c8600000|  0%| F|  |TAMS 0x00000000c8500000| PB 0x00000000c8500000| Untracked 
|1158|0x00000000c8600000, 0x00000000c8600000, 0x00000000c8700000|  0%| F|  |TAMS 0x00000000c8600000| PB 0x00000000c8600000| Untracked 
|1159|0x00000000c8700000, 0x00000000c8700000, 0x00000000c8800000|  0%| F|  |TAMS 0x00000000c8700000| PB 0x00000000c8700000| Untracked 
|1160|0x00000000c8800000, 0x00000000c8800000, 0x00000000c8900000|  0%| F|  |TAMS 0x00000000c8800000| PB 0x00000000c8800000| Untracked 
|1161|0x00000000c8900000, 0x00000000c8900000, 0x00000000c8a00000|  0%| F|  |TAMS 0x00000000c8900000| PB 0x00000000c8900000| Untracked 
|1162|0x00000000c8a00000, 0x00000000c8a00000, 0x00000000c8b00000|  0%| F|  |TAMS 0x00000000c8a00000| PB 0x00000000c8a00000| Untracked 
|1163|0x00000000c8b00000, 0x00000000c8b00000, 0x00000000c8c00000|  0%| F|  |TAMS 0x00000000c8b00000| PB 0x00000000c8b00000| Untracked 
|1164|0x00000000c8c00000, 0x00000000c8c00000, 0x00000000c8d00000|  0%| F|  |TAMS 0x00000000c8c00000| PB 0x00000000c8c00000| Untracked 
|1165|0x00000000c8d00000, 0x00000000c8d00000, 0x00000000c8e00000|  0%| F|  |TAMS 0x00000000c8d00000| PB 0x00000000c8d00000| Untracked 
|1166|0x00000000c8e00000, 0x00000000c8e00000, 0x00000000c8f00000|  0%| F|  |TAMS 0x00000000c8e00000| PB 0x00000000c8e00000| Untracked 
|1167|0x00000000c8f00000, 0x00000000c8f00000, 0x00000000c9000000|  0%| F|  |TAMS 0x00000000c8f00000| PB 0x00000000c8f00000| Untracked 
|1168|0x00000000c9000000, 0x00000000c9000000, 0x00000000c9100000|  0%| F|  |TAMS 0x00000000c9000000| PB 0x00000000c9000000| Untracked 
|1169|0x00000000c9100000, 0x00000000c9100000, 0x00000000c9200000|  0%| F|  |TAMS 0x00000000c9100000| PB 0x00000000c9100000| Untracked 
|1170|0x00000000c9200000, 0x00000000c9200000, 0x00000000c9300000|  0%| F|  |TAMS 0x00000000c9200000| PB 0x00000000c9200000| Untracked 
|1171|0x00000000c9300000, 0x00000000c9300000, 0x00000000c9400000|  0%| F|  |TAMS 0x00000000c9300000| PB 0x00000000c9300000| Untracked 
|1172|0x00000000c9400000, 0x00000000c9400000, 0x00000000c9500000|  0%| F|  |TAMS 0x00000000c9400000| PB 0x00000000c9400000| Untracked 
|1173|0x00000000c9500000, 0x00000000c9500000, 0x00000000c9600000|  0%| F|  |TAMS 0x00000000c9500000| PB 0x00000000c9500000| Untracked 
|1174|0x00000000c9600000, 0x00000000c9600000, 0x00000000c9700000|  0%| F|  |TAMS 0x00000000c9600000| PB 0x00000000c9600000| Untracked 
|1175|0x00000000c9700000, 0x00000000c9700000, 0x00000000c9800000|  0%| F|  |TAMS 0x00000000c9700000| PB 0x00000000c9700000| Untracked 
|1176|0x00000000c9800000, 0x00000000c9800000, 0x00000000c9900000|  0%| F|  |TAMS 0x00000000c9800000| PB 0x00000000c9800000| Untracked 
|1177|0x00000000c9900000, 0x00000000c9900000, 0x00000000c9a00000|  0%| F|  |TAMS 0x00000000c9900000| PB 0x00000000c9900000| Untracked 
|1178|0x00000000c9a00000, 0x00000000c9a00000, 0x00000000c9b00000|  0%| F|  |TAMS 0x00000000c9a00000| PB 0x00000000c9a00000| Untracked 
|1179|0x00000000c9b00000, 0x00000000c9b00000, 0x00000000c9c00000|  0%| F|  |TAMS 0x00000000c9b00000| PB 0x00000000c9b00000| Untracked 
|1180|0x00000000c9c00000, 0x00000000c9c00000, 0x00000000c9d00000|  0%| F|  |TAMS 0x00000000c9c00000| PB 0x00000000c9c00000| Untracked 
|1181|0x00000000c9d00000, 0x00000000c9d00000, 0x00000000c9e00000|  0%| F|  |TAMS 0x00000000c9d00000| PB 0x00000000c9d00000| Untracked 
|1182|0x00000000c9e00000, 0x00000000c9e00000, 0x00000000c9f00000|  0%| F|  |TAMS 0x00000000c9e00000| PB 0x00000000c9e00000| Untracked 
|1183|0x00000000c9f00000, 0x00000000c9f00000, 0x00000000ca000000|  0%| F|  |TAMS 0x00000000c9f00000| PB 0x00000000c9f00000| Untracked 
|1184|0x00000000ca000000, 0x00000000ca000000, 0x00000000ca100000|  0%| F|  |TAMS 0x00000000ca000000| PB 0x00000000ca000000| Untracked 
|1185|0x00000000ca100000, 0x00000000ca100000, 0x00000000ca200000|  0%| F|  |TAMS 0x00000000ca100000| PB 0x00000000ca100000| Untracked 
|1186|0x00000000ca200000, 0x00000000ca200000, 0x00000000ca300000|  0%| F|  |TAMS 0x00000000ca200000| PB 0x00000000ca200000| Untracked 
|1187|0x00000000ca300000, 0x00000000ca300000, 0x00000000ca400000|  0%| F|  |TAMS 0x00000000ca300000| PB 0x00000000ca300000| Untracked 
|1188|0x00000000ca400000, 0x00000000ca400000, 0x00000000ca500000|  0%| F|  |TAMS 0x00000000ca400000| PB 0x00000000ca400000| Untracked 
|1189|0x00000000ca500000, 0x00000000ca500000, 0x00000000ca600000|  0%| F|  |TAMS 0x00000000ca500000| PB 0x00000000ca500000| Untracked 
|1190|0x00000000ca600000, 0x00000000ca600000, 0x00000000ca700000|  0%| F|  |TAMS 0x00000000ca600000| PB 0x00000000ca600000| Untracked 
|1191|0x00000000ca700000, 0x00000000ca700000, 0x00000000ca800000|  0%| F|  |TAMS 0x00000000ca700000| PB 0x00000000ca700000| Untracked 
|1192|0x00000000ca800000, 0x00000000ca800000, 0x00000000ca900000|  0%| F|  |TAMS 0x00000000ca800000| PB 0x00000000ca800000| Untracked 
|1193|0x00000000ca900000, 0x00000000ca900000, 0x00000000caa00000|  0%| F|  |TAMS 0x00000000ca900000| PB 0x00000000ca900000| Untracked 
|1194|0x00000000caa00000, 0x00000000caa00000, 0x00000000cab00000|  0%| F|  |TAMS 0x00000000caa00000| PB 0x00000000caa00000| Untracked 
|1195|0x00000000cab00000, 0x00000000cab00000, 0x00000000cac00000|  0%| F|  |TAMS 0x00000000cab00000| PB 0x00000000cab00000| Untracked 
|1196|0x00000000cac00000, 0x00000000cac00000, 0x00000000cad00000|  0%| F|  |TAMS 0x00000000cac00000| PB 0x00000000cac00000| Untracked 
|1197|0x00000000cad00000, 0x00000000cad00000, 0x00000000cae00000|  0%| F|  |TAMS 0x00000000cad00000| PB 0x00000000cad00000| Untracked 
|1198|0x00000000cae00000, 0x00000000cae00000, 0x00000000caf00000|  0%| F|  |TAMS 0x00000000cae00000| PB 0x00000000cae00000| Untracked 
|1199|0x00000000caf00000, 0x00000000caf00000, 0x00000000cb000000|  0%| F|  |TAMS 0x00000000caf00000| PB 0x00000000caf00000| Untracked 
|1200|0x00000000cb000000, 0x00000000cb000000, 0x00000000cb100000|  0%| F|  |TAMS 0x00000000cb000000| PB 0x00000000cb000000| Untracked 
|1201|0x00000000cb100000, 0x00000000cb100000, 0x00000000cb200000|  0%| F|  |TAMS 0x00000000cb100000| PB 0x00000000cb100000| Untracked 
|1202|0x00000000cb200000, 0x00000000cb200000, 0x00000000cb300000|  0%| F|  |TAMS 0x00000000cb200000| PB 0x00000000cb200000| Untracked 
|1203|0x00000000cb300000, 0x00000000cb300000, 0x00000000cb400000|  0%| F|  |TAMS 0x00000000cb300000| PB 0x00000000cb300000| Untracked 
|1204|0x00000000cb400000, 0x00000000cb400000, 0x00000000cb500000|  0%| F|  |TAMS 0x00000000cb400000| PB 0x00000000cb400000| Untracked 
|1205|0x00000000cb500000, 0x00000000cb500000, 0x00000000cb600000|  0%| F|  |TAMS 0x00000000cb500000| PB 0x00000000cb500000| Untracked 
|1206|0x00000000cb600000, 0x00000000cb600000, 0x00000000cb700000|  0%| F|  |TAMS 0x00000000cb600000| PB 0x00000000cb600000| Untracked 
|1207|0x00000000cb700000, 0x00000000cb700000, 0x00000000cb800000|  0%| F|  |TAMS 0x00000000cb700000| PB 0x00000000cb700000| Untracked 
|1208|0x00000000cb800000, 0x00000000cb800000, 0x00000000cb900000|  0%| F|  |TAMS 0x00000000cb800000| PB 0x00000000cb800000| Untracked 
|1209|0x00000000cb900000, 0x00000000cb900000, 0x00000000cba00000|  0%| F|  |TAMS 0x00000000cb900000| PB 0x00000000cb900000| Untracked 
|1210|0x00000000cba00000, 0x00000000cba00000, 0x00000000cbb00000|  0%| F|  |TAMS 0x00000000cba00000| PB 0x00000000cba00000| Untracked 
|1211|0x00000000cbb00000, 0x00000000cbb00000, 0x00000000cbc00000|  0%| F|  |TAMS 0x00000000cbb00000| PB 0x00000000cbb00000| Untracked 
|1212|0x00000000cbc00000, 0x00000000cbc00000, 0x00000000cbd00000|  0%| F|  |TAMS 0x00000000cbc00000| PB 0x00000000cbc00000| Untracked 
|1213|0x00000000cbd00000, 0x00000000cbd00000, 0x00000000cbe00000|  0%| F|  |TAMS 0x00000000cbd00000| PB 0x00000000cbd00000| Untracked 
|1214|0x00000000cbe00000, 0x00000000cbe00000, 0x00000000cbf00000|  0%| F|  |TAMS 0x00000000cbe00000| PB 0x00000000cbe00000| Untracked 
|1215|0x00000000cbf00000, 0x00000000cbf00000, 0x00000000cc000000|  0%| F|  |TAMS 0x00000000cbf00000| PB 0x00000000cbf00000| Untracked 
|1216|0x00000000cc000000, 0x00000000cc000000, 0x00000000cc100000|  0%| F|  |TAMS 0x00000000cc000000| PB 0x00000000cc000000| Untracked 
|1217|0x00000000cc100000, 0x00000000cc100000, 0x00000000cc200000|  0%| F|  |TAMS 0x00000000cc100000| PB 0x00000000cc100000| Untracked 
|1218|0x00000000cc200000, 0x00000000cc200000, 0x00000000cc300000|  0%| F|  |TAMS 0x00000000cc200000| PB 0x00000000cc200000| Untracked 
|1219|0x00000000cc300000, 0x00000000cc300000, 0x00000000cc400000|  0%| F|  |TAMS 0x00000000cc300000| PB 0x00000000cc300000| Untracked 
|1220|0x00000000cc400000, 0x00000000cc400000, 0x00000000cc500000|  0%| F|  |TAMS 0x00000000cc400000| PB 0x00000000cc400000| Untracked 
|1221|0x00000000cc500000, 0x00000000cc500000, 0x00000000cc600000|  0%| F|  |TAMS 0x00000000cc500000| PB 0x00000000cc500000| Untracked 
|1222|0x00000000cc600000, 0x00000000cc600000, 0x00000000cc700000|  0%| F|  |TAMS 0x00000000cc600000| PB 0x00000000cc600000| Untracked 
|1223|0x00000000cc700000, 0x00000000cc700000, 0x00000000cc800000|  0%| F|  |TAMS 0x00000000cc700000| PB 0x00000000cc700000| Untracked 
|1224|0x00000000cc800000, 0x00000000cc800000, 0x00000000cc900000|  0%| F|  |TAMS 0x00000000cc800000| PB 0x00000000cc800000| Untracked 
|1225|0x00000000cc900000, 0x00000000cc900000, 0x00000000cca00000|  0%| F|  |TAMS 0x00000000cc900000| PB 0x00000000cc900000| Untracked 
|1226|0x00000000cca00000, 0x00000000cca00000, 0x00000000ccb00000|  0%| F|  |TAMS 0x00000000cca00000| PB 0x00000000cca00000| Untracked 
|1227|0x00000000ccb00000, 0x00000000ccb00000, 0x00000000ccc00000|  0%| F|  |TAMS 0x00000000ccb00000| PB 0x00000000ccb00000| Untracked 
|1228|0x00000000ccc00000, 0x00000000ccc00000, 0x00000000ccd00000|  0%| F|  |TAMS 0x00000000ccc00000| PB 0x00000000ccc00000| Untracked 
|1229|0x00000000ccd00000, 0x00000000ccd00000, 0x00000000cce00000|  0%| F|  |TAMS 0x00000000ccd00000| PB 0x00000000ccd00000| Untracked 
|1230|0x00000000cce00000, 0x00000000cce00000, 0x00000000ccf00000|  0%| F|  |TAMS 0x00000000cce00000| PB 0x00000000cce00000| Untracked 
|1231|0x00000000ccf00000, 0x00000000ccf00000, 0x00000000cd000000|  0%| F|  |TAMS 0x00000000ccf00000| PB 0x00000000ccf00000| Untracked 
|1232|0x00000000cd000000, 0x00000000cd000000, 0x00000000cd100000|  0%| F|  |TAMS 0x00000000cd000000| PB 0x00000000cd000000| Untracked 
|1233|0x00000000cd100000, 0x00000000cd100000, 0x00000000cd200000|  0%| F|  |TAMS 0x00000000cd100000| PB 0x00000000cd100000| Untracked 
|1234|0x00000000cd200000, 0x00000000cd200000, 0x00000000cd300000|  0%| F|  |TAMS 0x00000000cd200000| PB 0x00000000cd200000| Untracked 
|1235|0x00000000cd300000, 0x00000000cd300000, 0x00000000cd400000|  0%| F|  |TAMS 0x00000000cd300000| PB 0x00000000cd300000| Untracked 
|1236|0x00000000cd400000, 0x00000000cd400000, 0x00000000cd500000|  0%| F|  |TAMS 0x00000000cd400000| PB 0x00000000cd400000| Untracked 
|1237|0x00000000cd500000, 0x00000000cd500000, 0x00000000cd600000|  0%| F|  |TAMS 0x00000000cd500000| PB 0x00000000cd500000| Untracked 
|1238|0x00000000cd600000, 0x00000000cd600000, 0x00000000cd700000|  0%| F|  |TAMS 0x00000000cd600000| PB 0x00000000cd600000| Untracked 
|1239|0x00000000cd700000, 0x00000000cd700000, 0x00000000cd800000|  0%| F|  |TAMS 0x00000000cd700000| PB 0x00000000cd700000| Untracked 
|1240|0x00000000cd800000, 0x00000000cd800000, 0x00000000cd900000|  0%| F|  |TAMS 0x00000000cd800000| PB 0x00000000cd800000| Untracked 
|1241|0x00000000cd900000, 0x00000000cd900000, 0x00000000cda00000|  0%| F|  |TAMS 0x00000000cd900000| PB 0x00000000cd900000| Untracked 
|1242|0x00000000cda00000, 0x00000000cda00000, 0x00000000cdb00000|  0%| F|  |TAMS 0x00000000cda00000| PB 0x00000000cda00000| Untracked 
|1243|0x00000000cdb00000, 0x00000000cdb00000, 0x00000000cdc00000|  0%| F|  |TAMS 0x00000000cdb00000| PB 0x00000000cdb00000| Untracked 
|1244|0x00000000cdc00000, 0x00000000cdc00000, 0x00000000cdd00000|  0%| F|  |TAMS 0x00000000cdc00000| PB 0x00000000cdc00000| Untracked 
|1245|0x00000000cdd00000, 0x00000000cdd00000, 0x00000000cde00000|  0%| F|  |TAMS 0x00000000cdd00000| PB 0x00000000cdd00000| Untracked 
|1246|0x00000000cde00000, 0x00000000cde00000, 0x00000000cdf00000|  0%| F|  |TAMS 0x00000000cde00000| PB 0x00000000cde00000| Untracked 
|1247|0x00000000cdf00000, 0x00000000cdf00000, 0x00000000ce000000|  0%| F|  |TAMS 0x00000000cdf00000| PB 0x00000000cdf00000| Untracked 
|1248|0x00000000ce000000, 0x00000000ce000000, 0x00000000ce100000|  0%| F|  |TAMS 0x00000000ce000000| PB 0x00000000ce000000| Untracked 
|1249|0x00000000ce100000, 0x00000000ce100000, 0x00000000ce200000|  0%| F|  |TAMS 0x00000000ce100000| PB 0x00000000ce100000| Untracked 
|1250|0x00000000ce200000, 0x00000000ce200000, 0x00000000ce300000|  0%| F|  |TAMS 0x00000000ce200000| PB 0x00000000ce200000| Untracked 
|1251|0x00000000ce300000, 0x00000000ce300000, 0x00000000ce400000|  0%| F|  |TAMS 0x00000000ce300000| PB 0x00000000ce300000| Untracked 
|1252|0x00000000ce400000, 0x00000000ce400000, 0x00000000ce500000|  0%| F|  |TAMS 0x00000000ce400000| PB 0x00000000ce400000| Untracked 
|1253|0x00000000ce500000, 0x00000000ce500000, 0x00000000ce600000|  0%| F|  |TAMS 0x00000000ce500000| PB 0x00000000ce500000| Untracked 
|1254|0x00000000ce600000, 0x00000000ce600000, 0x00000000ce700000|  0%| F|  |TAMS 0x00000000ce600000| PB 0x00000000ce600000| Untracked 
|1255|0x00000000ce700000, 0x00000000ce700000, 0x00000000ce800000|  0%| F|  |TAMS 0x00000000ce700000| PB 0x00000000ce700000| Untracked 
|1256|0x00000000ce800000, 0x00000000ce800000, 0x00000000ce900000|  0%| F|  |TAMS 0x00000000ce800000| PB 0x00000000ce800000| Untracked 
|1257|0x00000000ce900000, 0x00000000ce900000, 0x00000000cea00000|  0%| F|  |TAMS 0x00000000ce900000| PB 0x00000000ce900000| Untracked 
|1258|0x00000000cea00000, 0x00000000cea00000, 0x00000000ceb00000|  0%| F|  |TAMS 0x00000000cea00000| PB 0x00000000cea00000| Untracked 
|1259|0x00000000ceb00000, 0x00000000ceb00000, 0x00000000cec00000|  0%| F|  |TAMS 0x00000000ceb00000| PB 0x00000000ceb00000| Untracked 
|1260|0x00000000cec00000, 0x00000000cec00000, 0x00000000ced00000|  0%| F|  |TAMS 0x00000000cec00000| PB 0x00000000cec00000| Untracked 
|1261|0x00000000ced00000, 0x00000000ced00000, 0x00000000cee00000|  0%| F|  |TAMS 0x00000000ced00000| PB 0x00000000ced00000| Untracked 
|1262|0x00000000cee00000, 0x00000000cee00000, 0x00000000cef00000|  0%| F|  |TAMS 0x00000000cee00000| PB 0x00000000cee00000| Untracked 
|1263|0x00000000cef00000, 0x00000000cef00000, 0x00000000cf000000|  0%| F|  |TAMS 0x00000000cef00000| PB 0x00000000cef00000| Untracked 
|1264|0x00000000cf000000, 0x00000000cf000000, 0x00000000cf100000|  0%| F|  |TAMS 0x00000000cf000000| PB 0x00000000cf000000| Untracked 
|1265|0x00000000cf100000, 0x00000000cf100000, 0x00000000cf200000|  0%| F|  |TAMS 0x00000000cf100000| PB 0x00000000cf100000| Untracked 
|1266|0x00000000cf200000, 0x00000000cf200000, 0x00000000cf300000|  0%| F|  |TAMS 0x00000000cf200000| PB 0x00000000cf200000| Untracked 
|1267|0x00000000cf300000, 0x00000000cf300000, 0x00000000cf400000|  0%| F|  |TAMS 0x00000000cf300000| PB 0x00000000cf300000| Untracked 
|1268|0x00000000cf400000, 0x00000000cf400000, 0x00000000cf500000|  0%| F|  |TAMS 0x00000000cf400000| PB 0x00000000cf400000| Untracked 
|1269|0x00000000cf500000, 0x00000000cf500000, 0x00000000cf600000|  0%| F|  |TAMS 0x00000000cf500000| PB 0x00000000cf500000| Untracked 
|1270|0x00000000cf600000, 0x00000000cf600000, 0x00000000cf700000|  0%| F|  |TAMS 0x00000000cf600000| PB 0x00000000cf600000| Untracked 
|1271|0x00000000cf700000, 0x00000000cf700000, 0x00000000cf800000|  0%| F|  |TAMS 0x00000000cf700000| PB 0x00000000cf700000| Untracked 
|1272|0x00000000cf800000, 0x00000000cf800000, 0x00000000cf900000|  0%| F|  |TAMS 0x00000000cf800000| PB 0x00000000cf800000| Untracked 
|1273|0x00000000cf900000, 0x00000000cf900000, 0x00000000cfa00000|  0%| F|  |TAMS 0x00000000cf900000| PB 0x00000000cf900000| Untracked 
|1274|0x00000000cfa00000, 0x00000000cfa00000, 0x00000000cfb00000|  0%| F|  |TAMS 0x00000000cfa00000| PB 0x00000000cfa00000| Untracked 
|1275|0x00000000cfb00000, 0x00000000cfb00000, 0x00000000cfc00000|  0%| F|  |TAMS 0x00000000cfb00000| PB 0x00000000cfb00000| Untracked 
|1276|0x00000000cfc00000, 0x00000000cfc00000, 0x00000000cfd00000|  0%| F|  |TAMS 0x00000000cfc00000| PB 0x00000000cfc00000| Untracked 
|1277|0x00000000cfd00000, 0x00000000cfd00000, 0x00000000cfe00000|  0%| F|  |TAMS 0x00000000cfd00000| PB 0x00000000cfd00000| Untracked 
|1278|0x00000000cfe00000, 0x00000000cfe00000, 0x00000000cff00000|  0%| F|  |TAMS 0x00000000cfe00000| PB 0x00000000cfe00000| Untracked 
|1279|0x00000000cff00000, 0x00000000cff00000, 0x00000000d0000000|  0%| F|  |TAMS 0x00000000cff00000| PB 0x00000000cff00000| Untracked 
|1280|0x00000000d0000000, 0x00000000d0000000, 0x00000000d0100000|  0%| F|  |TAMS 0x00000000d0000000| PB 0x00000000d0000000| Untracked 
|1281|0x00000000d0100000, 0x00000000d0100000, 0x00000000d0200000|  0%| F|  |TAMS 0x00000000d0100000| PB 0x00000000d0100000| Untracked 
|1282|0x00000000d0200000, 0x00000000d0200000, 0x00000000d0300000|  0%| F|  |TAMS 0x00000000d0200000| PB 0x00000000d0200000| Untracked 
|1283|0x00000000d0300000, 0x00000000d0300000, 0x00000000d0400000|  0%| F|  |TAMS 0x00000000d0300000| PB 0x00000000d0300000| Untracked 
|1284|0x00000000d0400000, 0x00000000d0400000, 0x00000000d0500000|  0%| F|  |TAMS 0x00000000d0400000| PB 0x00000000d0400000| Untracked 
|1285|0x00000000d0500000, 0x00000000d0500000, 0x00000000d0600000|  0%| F|  |TAMS 0x00000000d0500000| PB 0x00000000d0500000| Untracked 
|1286|0x00000000d0600000, 0x00000000d0600000, 0x00000000d0700000|  0%| F|  |TAMS 0x00000000d0600000| PB 0x00000000d0600000| Untracked 
|1287|0x00000000d0700000, 0x00000000d0700000, 0x00000000d0800000|  0%| F|  |TAMS 0x00000000d0700000| PB 0x00000000d0700000| Untracked 
|1288|0x00000000d0800000, 0x00000000d0800000, 0x00000000d0900000|  0%| F|  |TAMS 0x00000000d0800000| PB 0x00000000d0800000| Untracked 
|1289|0x00000000d0900000, 0x00000000d0900000, 0x00000000d0a00000|  0%| F|  |TAMS 0x00000000d0900000| PB 0x00000000d0900000| Untracked 
|1290|0x00000000d0a00000, 0x00000000d0a00000, 0x00000000d0b00000|  0%| F|  |TAMS 0x00000000d0a00000| PB 0x00000000d0a00000| Untracked 
|1291|0x00000000d0b00000, 0x00000000d0b00000, 0x00000000d0c00000|  0%| F|  |TAMS 0x00000000d0b00000| PB 0x00000000d0b00000| Untracked 
|1292|0x00000000d0c00000, 0x00000000d0c00000, 0x00000000d0d00000|  0%| F|  |TAMS 0x00000000d0c00000| PB 0x00000000d0c00000| Untracked 
|1293|0x00000000d0d00000, 0x00000000d0d00000, 0x00000000d0e00000|  0%| F|  |TAMS 0x00000000d0d00000| PB 0x00000000d0d00000| Untracked 
|1294|0x00000000d0e00000, 0x00000000d0e00000, 0x00000000d0f00000|  0%| F|  |TAMS 0x00000000d0e00000| PB 0x00000000d0e00000| Untracked 
|1295|0x00000000d0f00000, 0x00000000d0f00000, 0x00000000d1000000|  0%| F|  |TAMS 0x00000000d0f00000| PB 0x00000000d0f00000| Untracked 
|1296|0x00000000d1000000, 0x00000000d1000000, 0x00000000d1100000|  0%| F|  |TAMS 0x00000000d1000000| PB 0x00000000d1000000| Untracked 
|1297|0x00000000d1100000, 0x00000000d1100000, 0x00000000d1200000|  0%| F|  |TAMS 0x00000000d1100000| PB 0x00000000d1100000| Untracked 
|1298|0x00000000d1200000, 0x00000000d1200000, 0x00000000d1300000|  0%| F|  |TAMS 0x00000000d1200000| PB 0x00000000d1200000| Untracked 
|1299|0x00000000d1300000, 0x00000000d1300000, 0x00000000d1400000|  0%| F|  |TAMS 0x00000000d1300000| PB 0x00000000d1300000| Untracked 
|1300|0x00000000d1400000, 0x00000000d1400000, 0x00000000d1500000|  0%| F|  |TAMS 0x00000000d1400000| PB 0x00000000d1400000| Untracked 
|1301|0x00000000d1500000, 0x00000000d1500000, 0x00000000d1600000|  0%| F|  |TAMS 0x00000000d1500000| PB 0x00000000d1500000| Untracked 
|1302|0x00000000d1600000, 0x00000000d1600000, 0x00000000d1700000|  0%| F|  |TAMS 0x00000000d1600000| PB 0x00000000d1600000| Untracked 
|1303|0x00000000d1700000, 0x00000000d1700000, 0x00000000d1800000|  0%| F|  |TAMS 0x00000000d1700000| PB 0x00000000d1700000| Untracked 
|1304|0x00000000d1800000, 0x00000000d1800000, 0x00000000d1900000|  0%| F|  |TAMS 0x00000000d1800000| PB 0x00000000d1800000| Untracked 
|1305|0x00000000d1900000, 0x00000000d1900000, 0x00000000d1a00000|  0%| F|  |TAMS 0x00000000d1900000| PB 0x00000000d1900000| Untracked 
|1306|0x00000000d1a00000, 0x00000000d1a00000, 0x00000000d1b00000|  0%| F|  |TAMS 0x00000000d1a00000| PB 0x00000000d1a00000| Untracked 
|1307|0x00000000d1b00000, 0x00000000d1b00000, 0x00000000d1c00000|  0%| F|  |TAMS 0x00000000d1b00000| PB 0x00000000d1b00000| Untracked 
|1308|0x00000000d1c00000, 0x00000000d1c00000, 0x00000000d1d00000|  0%| F|  |TAMS 0x00000000d1c00000| PB 0x00000000d1c00000| Untracked 
|1309|0x00000000d1d00000, 0x00000000d1d00000, 0x00000000d1e00000|  0%| F|  |TAMS 0x00000000d1d00000| PB 0x00000000d1d00000| Untracked 
|1310|0x00000000d1e00000, 0x00000000d1e00000, 0x00000000d1f00000|  0%| F|  |TAMS 0x00000000d1e00000| PB 0x00000000d1e00000| Untracked 
|1311|0x00000000d1f00000, 0x00000000d1f00000, 0x00000000d2000000|  0%| F|  |TAMS 0x00000000d1f00000| PB 0x00000000d1f00000| Untracked 
|1312|0x00000000d2000000, 0x00000000d2000000, 0x00000000d2100000|  0%| F|  |TAMS 0x00000000d2000000| PB 0x00000000d2000000| Untracked 
|1313|0x00000000d2100000, 0x00000000d2100000, 0x00000000d2200000|  0%| F|  |TAMS 0x00000000d2100000| PB 0x00000000d2100000| Untracked 
|1314|0x00000000d2200000, 0x00000000d2200000, 0x00000000d2300000|  0%| F|  |TAMS 0x00000000d2200000| PB 0x00000000d2200000| Untracked 
|1315|0x00000000d2300000, 0x00000000d2300000, 0x00000000d2400000|  0%| F|  |TAMS 0x00000000d2300000| PB 0x00000000d2300000| Untracked 
|1316|0x00000000d2400000, 0x00000000d2400000, 0x00000000d2500000|  0%| F|  |TAMS 0x00000000d2400000| PB 0x00000000d2400000| Untracked 
|1317|0x00000000d2500000, 0x00000000d2500000, 0x00000000d2600000|  0%| F|  |TAMS 0x00000000d2500000| PB 0x00000000d2500000| Untracked 
|1318|0x00000000d2600000, 0x00000000d2600000, 0x00000000d2700000|  0%| F|  |TAMS 0x00000000d2600000| PB 0x00000000d2600000| Untracked 
|1319|0x00000000d2700000, 0x00000000d2700000, 0x00000000d2800000|  0%| F|  |TAMS 0x00000000d2700000| PB 0x00000000d2700000| Untracked 
|1320|0x00000000d2800000, 0x00000000d2800000, 0x00000000d2900000|  0%| F|  |TAMS 0x00000000d2800000| PB 0x00000000d2800000| Untracked 
|1321|0x00000000d2900000, 0x00000000d2900000, 0x00000000d2a00000|  0%| F|  |TAMS 0x00000000d2900000| PB 0x00000000d2900000| Untracked 
|1322|0x00000000d2a00000, 0x00000000d2a00000, 0x00000000d2b00000|  0%| F|  |TAMS 0x00000000d2a00000| PB 0x00000000d2a00000| Untracked 
|1323|0x00000000d2b00000, 0x00000000d2b00000, 0x00000000d2c00000|  0%| F|  |TAMS 0x00000000d2b00000| PB 0x00000000d2b00000| Untracked 
|1324|0x00000000d2c00000, 0x00000000d2c00000, 0x00000000d2d00000|  0%| F|  |TAMS 0x00000000d2c00000| PB 0x00000000d2c00000| Untracked 
|1325|0x00000000d2d00000, 0x00000000d2d00000, 0x00000000d2e00000|  0%| F|  |TAMS 0x00000000d2d00000| PB 0x00000000d2d00000| Untracked 
|1326|0x00000000d2e00000, 0x00000000d2e00000, 0x00000000d2f00000|  0%| F|  |TAMS 0x00000000d2e00000| PB 0x00000000d2e00000| Untracked 
|1327|0x00000000d2f00000, 0x00000000d2f00000, 0x00000000d3000000|  0%| F|  |TAMS 0x00000000d2f00000| PB 0x00000000d2f00000| Untracked 
|1328|0x00000000d3000000, 0x00000000d3000000, 0x00000000d3100000|  0%| F|  |TAMS 0x00000000d3000000| PB 0x00000000d3000000| Untracked 
|1329|0x00000000d3100000, 0x00000000d3100000, 0x00000000d3200000|  0%| F|  |TAMS 0x00000000d3100000| PB 0x00000000d3100000| Untracked 
|1330|0x00000000d3200000, 0x00000000d3200000, 0x00000000d3300000|  0%| F|  |TAMS 0x00000000d3200000| PB 0x00000000d3200000| Untracked 
|1331|0x00000000d3300000, 0x00000000d3300000, 0x00000000d3400000|  0%| F|  |TAMS 0x00000000d3300000| PB 0x00000000d3300000| Untracked 
|1332|0x00000000d3400000, 0x00000000d3400000, 0x00000000d3500000|  0%| F|  |TAMS 0x00000000d3400000| PB 0x00000000d3400000| Untracked 
|1333|0x00000000d3500000, 0x00000000d3500000, 0x00000000d3600000|  0%| F|  |TAMS 0x00000000d3500000| PB 0x00000000d3500000| Untracked 
|1334|0x00000000d3600000, 0x00000000d3600000, 0x00000000d3700000|  0%| F|  |TAMS 0x00000000d3600000| PB 0x00000000d3600000| Untracked 
|1335|0x00000000d3700000, 0x00000000d3700000, 0x00000000d3800000|  0%| F|  |TAMS 0x00000000d3700000| PB 0x00000000d3700000| Untracked 
|1336|0x00000000d3800000, 0x00000000d3800000, 0x00000000d3900000|  0%| F|  |TAMS 0x00000000d3800000| PB 0x00000000d3800000| Untracked 
|1337|0x00000000d3900000, 0x00000000d3900000, 0x00000000d3a00000|  0%| F|  |TAMS 0x00000000d3900000| PB 0x00000000d3900000| Untracked 
|1338|0x00000000d3a00000, 0x00000000d3a00000, 0x00000000d3b00000|  0%| F|  |TAMS 0x00000000d3a00000| PB 0x00000000d3a00000| Untracked 
|1339|0x00000000d3b00000, 0x00000000d3b00000, 0x00000000d3c00000|  0%| F|  |TAMS 0x00000000d3b00000| PB 0x00000000d3b00000| Untracked 
|1340|0x00000000d3c00000, 0x00000000d3c00000, 0x00000000d3d00000|  0%| F|  |TAMS 0x00000000d3c00000| PB 0x00000000d3c00000| Untracked 
|1341|0x00000000d3d00000, 0x00000000d3d00000, 0x00000000d3e00000|  0%| F|  |TAMS 0x00000000d3d00000| PB 0x00000000d3d00000| Untracked 
|1342|0x00000000d3e00000, 0x00000000d3e00000, 0x00000000d3f00000|  0%| F|  |TAMS 0x00000000d3e00000| PB 0x00000000d3e00000| Untracked 
|1343|0x00000000d3f00000, 0x00000000d3f00000, 0x00000000d4000000|  0%| F|  |TAMS 0x00000000d3f00000| PB 0x00000000d3f00000| Untracked 
|1344|0x00000000d4000000, 0x00000000d4000000, 0x00000000d4100000|  0%| F|  |TAMS 0x00000000d4000000| PB 0x00000000d4000000| Untracked 
|1345|0x00000000d4100000, 0x00000000d4100000, 0x00000000d4200000|  0%| F|  |TAMS 0x00000000d4100000| PB 0x00000000d4100000| Untracked 
|1346|0x00000000d4200000, 0x00000000d4200000, 0x00000000d4300000|  0%| F|  |TAMS 0x00000000d4200000| PB 0x00000000d4200000| Untracked 
|1347|0x00000000d4300000, 0x00000000d4300000, 0x00000000d4400000|  0%| F|  |TAMS 0x00000000d4300000| PB 0x00000000d4300000| Untracked 
|1348|0x00000000d4400000, 0x00000000d4400000, 0x00000000d4500000|  0%| F|  |TAMS 0x00000000d4400000| PB 0x00000000d4400000| Untracked 
|1349|0x00000000d4500000, 0x00000000d4500000, 0x00000000d4600000|  0%| F|  |TAMS 0x00000000d4500000| PB 0x00000000d4500000| Untracked 
|1350|0x00000000d4600000, 0x00000000d4600000, 0x00000000d4700000|  0%| F|  |TAMS 0x00000000d4600000| PB 0x00000000d4600000| Untracked 
|1351|0x00000000d4700000, 0x00000000d4700000, 0x00000000d4800000|  0%| F|  |TAMS 0x00000000d4700000| PB 0x00000000d4700000| Untracked 
|1352|0x00000000d4800000, 0x00000000d4800000, 0x00000000d4900000|  0%| F|  |TAMS 0x00000000d4800000| PB 0x00000000d4800000| Untracked 
|1353|0x00000000d4900000, 0x00000000d4900000, 0x00000000d4a00000|  0%| F|  |TAMS 0x00000000d4900000| PB 0x00000000d4900000| Untracked 
|1354|0x00000000d4a00000, 0x00000000d4a00000, 0x00000000d4b00000|  0%| F|  |TAMS 0x00000000d4a00000| PB 0x00000000d4a00000| Untracked 
|1355|0x00000000d4b00000, 0x00000000d4b00000, 0x00000000d4c00000|  0%| F|  |TAMS 0x00000000d4b00000| PB 0x00000000d4b00000| Untracked 
|1356|0x00000000d4c00000, 0x00000000d4c00000, 0x00000000d4d00000|  0%| F|  |TAMS 0x00000000d4c00000| PB 0x00000000d4c00000| Untracked 
|1357|0x00000000d4d00000, 0x00000000d4d00000, 0x00000000d4e00000|  0%| F|  |TAMS 0x00000000d4d00000| PB 0x00000000d4d00000| Untracked 
|1358|0x00000000d4e00000, 0x00000000d4e00000, 0x00000000d4f00000|  0%| F|  |TAMS 0x00000000d4e00000| PB 0x00000000d4e00000| Untracked 
|1359|0x00000000d4f00000, 0x00000000d4f00000, 0x00000000d5000000|  0%| F|  |TAMS 0x00000000d4f00000| PB 0x00000000d4f00000| Untracked 
|1360|0x00000000d5000000, 0x00000000d5000000, 0x00000000d5100000|  0%| F|  |TAMS 0x00000000d5000000| PB 0x00000000d5000000| Untracked 
|1361|0x00000000d5100000, 0x00000000d5100000, 0x00000000d5200000|  0%| F|  |TAMS 0x00000000d5100000| PB 0x00000000d5100000| Untracked 
|1362|0x00000000d5200000, 0x00000000d5200000, 0x00000000d5300000|  0%| F|  |TAMS 0x00000000d5200000| PB 0x00000000d5200000| Untracked 
|1363|0x00000000d5300000, 0x00000000d5300000, 0x00000000d5400000|  0%| F|  |TAMS 0x00000000d5300000| PB 0x00000000d5300000| Untracked 
|1364|0x00000000d5400000, 0x00000000d5400000, 0x00000000d5500000|  0%| F|  |TAMS 0x00000000d5400000| PB 0x00000000d5400000| Untracked 
|1365|0x00000000d5500000, 0x00000000d5500000, 0x00000000d5600000|  0%| F|  |TAMS 0x00000000d5500000| PB 0x00000000d5500000| Untracked 
|1366|0x00000000d5600000, 0x00000000d5600000, 0x00000000d5700000|  0%| F|  |TAMS 0x00000000d5600000| PB 0x00000000d5600000| Untracked 
|1367|0x00000000d5700000, 0x00000000d5700000, 0x00000000d5800000|  0%| F|  |TAMS 0x00000000d5700000| PB 0x00000000d5700000| Untracked 
|1368|0x00000000d5800000, 0x00000000d5800000, 0x00000000d5900000|  0%| F|  |TAMS 0x00000000d5800000| PB 0x00000000d5800000| Untracked 
|1369|0x00000000d5900000, 0x00000000d5900000, 0x00000000d5a00000|  0%| F|  |TAMS 0x00000000d5900000| PB 0x00000000d5900000| Untracked 
|1370|0x00000000d5a00000, 0x00000000d5a00000, 0x00000000d5b00000|  0%| F|  |TAMS 0x00000000d5a00000| PB 0x00000000d5a00000| Untracked 
|1371|0x00000000d5b00000, 0x00000000d5b00000, 0x00000000d5c00000|  0%| F|  |TAMS 0x00000000d5b00000| PB 0x00000000d5b00000| Untracked 
|1372|0x00000000d5c00000, 0x00000000d5c00000, 0x00000000d5d00000|  0%| F|  |TAMS 0x00000000d5c00000| PB 0x00000000d5c00000| Untracked 
|1373|0x00000000d5d00000, 0x00000000d5d00000, 0x00000000d5e00000|  0%| F|  |TAMS 0x00000000d5d00000| PB 0x00000000d5d00000| Untracked 
|1374|0x00000000d5e00000, 0x00000000d5e00000, 0x00000000d5f00000|  0%| F|  |TAMS 0x00000000d5e00000| PB 0x00000000d5e00000| Untracked 
|1375|0x00000000d5f00000, 0x00000000d5f00000, 0x00000000d6000000|  0%| F|  |TAMS 0x00000000d5f00000| PB 0x00000000d5f00000| Untracked 
|1376|0x00000000d6000000, 0x00000000d6000000, 0x00000000d6100000|  0%| F|  |TAMS 0x00000000d6000000| PB 0x00000000d6000000| Untracked 
|1377|0x00000000d6100000, 0x00000000d6100000, 0x00000000d6200000|  0%| F|  |TAMS 0x00000000d6100000| PB 0x00000000d6100000| Untracked 
|1378|0x00000000d6200000, 0x00000000d6200000, 0x00000000d6300000|  0%| F|  |TAMS 0x00000000d6200000| PB 0x00000000d6200000| Untracked 
|1379|0x00000000d6300000, 0x00000000d6300000, 0x00000000d6400000|  0%| F|  |TAMS 0x00000000d6300000| PB 0x00000000d6300000| Untracked 
|1380|0x00000000d6400000, 0x00000000d6400000, 0x00000000d6500000|  0%| F|  |TAMS 0x00000000d6400000| PB 0x00000000d6400000| Untracked 
|1381|0x00000000d6500000, 0x00000000d6500000, 0x00000000d6600000|  0%| F|  |TAMS 0x00000000d6500000| PB 0x00000000d6500000| Untracked 
|1382|0x00000000d6600000, 0x00000000d6600000, 0x00000000d6700000|  0%| F|  |TAMS 0x00000000d6600000| PB 0x00000000d6600000| Untracked 
|1383|0x00000000d6700000, 0x00000000d6700000, 0x00000000d6800000|  0%| F|  |TAMS 0x00000000d6700000| PB 0x00000000d6700000| Untracked 
|1384|0x00000000d6800000, 0x00000000d6800000, 0x00000000d6900000|  0%| F|  |TAMS 0x00000000d6800000| PB 0x00000000d6800000| Untracked 
|1385|0x00000000d6900000, 0x00000000d6900000, 0x00000000d6a00000|  0%| F|  |TAMS 0x00000000d6900000| PB 0x00000000d6900000| Untracked 
|1386|0x00000000d6a00000, 0x00000000d6a00000, 0x00000000d6b00000|  0%| F|  |TAMS 0x00000000d6a00000| PB 0x00000000d6a00000| Untracked 
|1387|0x00000000d6b00000, 0x00000000d6b00000, 0x00000000d6c00000|  0%| F|  |TAMS 0x00000000d6b00000| PB 0x00000000d6b00000| Untracked 
|1388|0x00000000d6c00000, 0x00000000d6c00000, 0x00000000d6d00000|  0%| F|  |TAMS 0x00000000d6c00000| PB 0x00000000d6c00000| Untracked 
|1389|0x00000000d6d00000, 0x00000000d6d00000, 0x00000000d6e00000|  0%| F|  |TAMS 0x00000000d6d00000| PB 0x00000000d6d00000| Untracked 
|1390|0x00000000d6e00000, 0x00000000d6e00000, 0x00000000d6f00000|  0%| F|  |TAMS 0x00000000d6e00000| PB 0x00000000d6e00000| Untracked 
|1391|0x00000000d6f00000, 0x00000000d6f00000, 0x00000000d7000000|  0%| F|  |TAMS 0x00000000d6f00000| PB 0x00000000d6f00000| Untracked 
|1392|0x00000000d7000000, 0x00000000d7000000, 0x00000000d7100000|  0%| F|  |TAMS 0x00000000d7000000| PB 0x00000000d7000000| Untracked 
|1393|0x00000000d7100000, 0x00000000d7100000, 0x00000000d7200000|  0%| F|  |TAMS 0x00000000d7100000| PB 0x00000000d7100000| Untracked 
|1394|0x00000000d7200000, 0x00000000d7200000, 0x00000000d7300000|  0%| F|  |TAMS 0x00000000d7200000| PB 0x00000000d7200000| Untracked 
|1395|0x00000000d7300000, 0x00000000d7300000, 0x00000000d7400000|  0%| F|  |TAMS 0x00000000d7300000| PB 0x00000000d7300000| Untracked 
|1396|0x00000000d7400000, 0x00000000d7400000, 0x00000000d7500000|  0%| F|  |TAMS 0x00000000d7400000| PB 0x00000000d7400000| Untracked 
|1397|0x00000000d7500000, 0x00000000d7500000, 0x00000000d7600000|  0%| F|  |TAMS 0x00000000d7500000| PB 0x00000000d7500000| Untracked 
|1398|0x00000000d7600000, 0x00000000d7600000, 0x00000000d7700000|  0%| F|  |TAMS 0x00000000d7600000| PB 0x00000000d7600000| Untracked 
|1399|0x00000000d7700000, 0x00000000d7700000, 0x00000000d7800000|  0%| F|  |TAMS 0x00000000d7700000| PB 0x00000000d7700000| Untracked 
|1400|0x00000000d7800000, 0x00000000d7800000, 0x00000000d7900000|  0%| F|  |TAMS 0x00000000d7800000| PB 0x00000000d7800000| Untracked 
|1401|0x00000000d7900000, 0x00000000d7900000, 0x00000000d7a00000|  0%| F|  |TAMS 0x00000000d7900000| PB 0x00000000d7900000| Untracked 
|1402|0x00000000d7a00000, 0x00000000d7a00000, 0x00000000d7b00000|  0%| F|  |TAMS 0x00000000d7a00000| PB 0x00000000d7a00000| Untracked 
|1403|0x00000000d7b00000, 0x00000000d7b00000, 0x00000000d7c00000|  0%| F|  |TAMS 0x00000000d7b00000| PB 0x00000000d7b00000| Untracked 
|1404|0x00000000d7c00000, 0x00000000d7c00000, 0x00000000d7d00000|  0%| F|  |TAMS 0x00000000d7c00000| PB 0x00000000d7c00000| Untracked 
|1405|0x00000000d7d00000, 0x00000000d7d00000, 0x00000000d7e00000|  0%| F|  |TAMS 0x00000000d7d00000| PB 0x00000000d7d00000| Untracked 
|1406|0x00000000d7e00000, 0x00000000d7e00000, 0x00000000d7f00000|  0%| F|  |TAMS 0x00000000d7e00000| PB 0x00000000d7e00000| Untracked 
|1407|0x00000000d7f00000, 0x00000000d7f00000, 0x00000000d8000000|  0%| F|  |TAMS 0x00000000d7f00000| PB 0x00000000d7f00000| Untracked 
|1408|0x00000000d8000000, 0x00000000d8000000, 0x00000000d8100000|  0%| F|  |TAMS 0x00000000d8000000| PB 0x00000000d8000000| Untracked 
|1409|0x00000000d8100000, 0x00000000d8100000, 0x00000000d8200000|  0%| F|  |TAMS 0x00000000d8100000| PB 0x00000000d8100000| Untracked 
|1410|0x00000000d8200000, 0x00000000d8200000, 0x00000000d8300000|  0%| F|  |TAMS 0x00000000d8200000| PB 0x00000000d8200000| Untracked 
|1411|0x00000000d8300000, 0x00000000d8300000, 0x00000000d8400000|  0%| F|  |TAMS 0x00000000d8300000| PB 0x00000000d8300000| Untracked 
|1412|0x00000000d8400000, 0x00000000d8400000, 0x00000000d8500000|  0%| F|  |TAMS 0x00000000d8400000| PB 0x00000000d8400000| Untracked 
|1413|0x00000000d8500000, 0x00000000d8500000, 0x00000000d8600000|  0%| F|  |TAMS 0x00000000d8500000| PB 0x00000000d8500000| Untracked 
|1414|0x00000000d8600000, 0x00000000d8600000, 0x00000000d8700000|  0%| F|  |TAMS 0x00000000d8600000| PB 0x00000000d8600000| Untracked 
|1415|0x00000000d8700000, 0x00000000d87f8028, 0x00000000d8800000| 96%| E|  |TAMS 0x00000000d8700000| PB 0x00000000d8700000| Complete 
|1416|0x00000000d8800000, 0x00000000d8900000, 0x00000000d8900000|100%| E|CS|TAMS 0x00000000d8800000| PB 0x00000000d8800000| Complete 
|1417|0x00000000d8900000, 0x00000000d8a00000, 0x00000000d8a00000|100%| E|CS|TAMS 0x00000000d8900000| PB 0x00000000d8900000| Complete 
|1418|0x00000000d8a00000, 0x00000000d8b00000, 0x00000000d8b00000|100%| E|CS|TAMS 0x00000000d8a00000| PB 0x00000000d8a00000| Complete 
|1419|0x00000000d8b00000, 0x00000000d8c00000, 0x00000000d8c00000|100%| E|CS|TAMS 0x00000000d8b00000| PB 0x00000000d8b00000| Complete 
|2036|0x00000000ff400000, 0x00000000ff500000, 0x00000000ff500000|100%| E|CS|TAMS 0x00000000ff400000| PB 0x00000000ff400000| Complete 
|2037|0x00000000ff500000, 0x00000000ff600000, 0x00000000ff600000|100%| O|  |TAMS 0x00000000ff500000| PB 0x00000000ff500000| Untracked 
|2038|0x00000000ff600000, 0x00000000ff700000, 0x00000000ff700000|100%| E|CS|TAMS 0x00000000ff600000| PB 0x00000000ff600000| Complete 
|2039|0x00000000ff700000, 0x00000000ff800000, 0x00000000ff800000|100%| O|  |TAMS 0x00000000ff700000| PB 0x00000000ff700000| Untracked 
|2040|0x00000000ff800000, 0x00000000ff900000, 0x00000000ff900000|100%| O|  |TAMS 0x00000000ff800000| PB 0x00000000ff800000| Untracked 
|2041|0x00000000ff900000, 0x00000000ffa00000, 0x00000000ffa00000|100%| E|CS|TAMS 0x00000000ff900000| PB 0x00000000ff900000| Complete 
|2042|0x00000000ffa00000, 0x00000000ffb00000, 0x00000000ffb00000|100%| E|CS|TAMS 0x00000000ffa00000| PB 0x00000000ffa00000| Complete 
|2043|0x00000000ffb00000, 0x00000000ffc00000, 0x00000000ffc00000|100%| E|CS|TAMS 0x00000000ffb00000| PB 0x00000000ffb00000| Complete 
|2044|0x00000000ffc00000, 0x00000000ffd00000, 0x00000000ffd00000|100%| E|CS|TAMS 0x00000000ffc00000| PB 0x00000000ffc00000| Complete 
|2045|0x00000000ffd00000, 0x00000000ffe00000, 0x00000000ffe00000|100%| E|CS|TAMS 0x00000000ffd00000| PB 0x00000000ffd00000| Complete 
|2046|0x00000000ffe00000, 0x00000000fff00000, 0x00000000fff00000|100%| O|  |TAMS 0x00000000ffe00000| PB 0x00000000ffe00000| Untracked 
|2047|0x00000000fff00000, 0x0000000100000000, 0x0000000100000000|100%| E|CS|TAMS 0x00000000fff00000| PB 0x00000000fff00000| Complete 

Card table byte_map: [0x0000021ca7d80000,0x0000021ca8180000] _byte_map_base: 0x0000021ca7980000

Marking Bits: (CMBitMap*) 0x0000021c835373d0
 Bits: [0x0000021ca8180000, 0x0000021caa180000)

Polling page: 0x0000021c81080000

Metaspace:

Usage:
  Non-class:    380.00 MB used.
      Class:     51.48 MB used.
       Both:    431.48 MB used.

Virtual space:
  Non-class space:      384.00 MB reserved,     382.38 MB (>99%) committed,  6 nodes.
      Class space:        1.00 GB reserved,      53.81 MB (  5%) committed,  1 nodes.
             Both:        1.38 GB reserved,     436.19 MB ( 31%) committed. 

Chunk freelists:
   Non-Class:  1.66 MB
       Class:  10.53 MB
        Both:  12.19 MB

MaxMetaspaceSize: unlimited
CompressedClassSpaceSize: 1.00 GB
Initial GC threshold: 21.00 MB
Current GC threshold: 727.00 MB
CDS: on
 - commit_granule_bytes: 65536.
 - commit_granule_words: 8192.
 - virtual_space_node_default_size: 8388608.
 - enlarge_chunks_in_place: 1.
 - use_allocation_guard: 0.


Internal statistics:

num_allocs_failed_limit: 96.
num_arena_births: 15834.
num_arena_deaths: 10032.
num_vsnodes_births: 7.
num_vsnodes_deaths: 0.
num_space_committed: 7054.
num_space_uncommitted: 40.
num_chunks_returned_to_freelist: 13724.
num_chunks_taken_from_freelist: 43766.
num_chunk_merges: 4523.
num_chunk_splits: 22647.
num_chunks_enlarged: 10542.
num_inconsistent_stats: 0.

CodeHeap 'non-profiled nmethods': size=259328Kb used=36447Kb max_used=47132Kb free=222880Kb
 bounds [0x0000021c976f0000, 0x0000021c9a500000, 0x0000021ca7430000]
CodeHeap 'profiled nmethods': size=259264Kb used=47418Kb max_used=87959Kb free=211845Kb
 bounds [0x0000021c87430000, 0x0000021c8ca20000, 0x0000021c97160000]
CodeHeap 'non-nmethods': size=5696Kb used=4137Kb max_used=4202Kb free=1558Kb
 bounds [0x0000021c97160000, 0x0000021c975b0000, 0x0000021c976f0000]
 total_blobs=29509 nmethods=27364 adapters=2043
 compilation: enabled
              stopped_count=0, restarted_count=0
 full_count=0

Compilation events (20 events):
Event: 1108715.160 Thread 0x0000021cf200e110 220856   !   4       sun.security.ssl.Finished$T13FinishedConsumer::onConsumeFinished (645 bytes)
Event: 1108715.323 Thread 0x0000021cf200e110 nmethod 220856 0x0000021c98b44290 code [0x0000021c98b44a60, 0x0000021c98b49de0]
Event: 1108715.382 Thread 0x0000021cf200eba0 220857       3       kotlin.reflect.jvm.internal.UtilKt::toJavaClass (105 bytes)
Event: 1108715.386 Thread 0x0000021cf200eba0 nmethod 220857 0x0000021c8a4b7910 code [0x0000021c8a4b7da0, 0x0000021c8a4b9d00]
Event: 1108715.388 Thread 0x0000021cf200eba0 220858       3       kotlin.reflect.jvm.internal.KTypeImpl$$Lambda$0::invoke (8 bytes)
Event: 1108715.388 Thread 0x0000021cf200eba0 nmethod 220858 0x0000021c87669990 code [0x0000021c87669b40, 0x0000021c87669d40]
Event: 1108715.388 Thread 0x0000021cf200eba0 220860       3       kotlin.reflect.jvm.internal.KTypeImpl::classifier_delegate$lambda$0 (9 bytes)
Event: 1108715.388 Thread 0x0000021cf200eba0 nmethod 220860 0x0000021c877fcb10 code [0x0000021c877fccc0, 0x0000021c877fcde0]
Event: 1108715.388 Thread 0x0000021cf200eba0 220859       3       kotlin.reflect.jvm.internal.KTypeImpl::accessor$KTypeImpl$lambda0 (5 bytes)
Event: 1108715.389 Thread 0x0000021cf200eba0 nmethod 220859 0x0000021c8750ad90 code [0x0000021c8750af40, 0x0000021c8750b0c0]
Event: 1108715.560 Thread 0x0000021cf200eba0 220861       3       sun.security.rsa.RSAPublicKeyImpl::parseASN1 (75 bytes)
Event: 1108715.561 Thread 0x0000021cf200e110 220862       4       sun.security.util.DerValue::isPrintableStringChar (184 bytes)
Event: 1108715.561 Thread 0x0000021cf200eba0 nmethod 220861 0x0000021c88ba3990 code [0x0000021c88ba3c20, 0x0000021c88ba46c8]
Event: 1108715.562 Thread 0x0000021cf200e110 nmethod 220862 0x0000021c98965010 code [0x0000021c989651a0, 0x0000021c98965290]
Event: 1108715.564 Thread 0x0000021cf200eba0 220863       3       java.math.BigInteger::stripLeadingZeroInts (29 bytes)
Event: 1108715.565 Thread 0x0000021cf200eba0 nmethod 220863 0x0000021c87ec3690 code [0x0000021c87ec3940, 0x0000021c87ec4608]
Event: 1109015.131 Thread 0x0000021cf200e110 220864   !   4       java.net.HttpURLConnection::getResponseCode (152 bytes)
Event: 1109015.206 Thread 0x0000021cf200e110 nmethod 220864 0x0000021c99806410 code [0x0000021c998068e0, 0x0000021c99809ed8]
Event: 1109747.935 Thread 0x0000021cf200eba0 220865       3       java.lang.invoke.LambdaForm$MH/0x0000021cb0fb4c00::invoke (42 bytes)
Event: 1109747.937 Thread 0x0000021cf200eba0 nmethod 220865 0x0000021c892c8990 code [0x0000021c892c8be0, 0x0000021c892c9648]

GC Heap History (20 events):
Event: 1067657.030 GC heap before
{Heap before GC invocations=977 (full 0):
 garbage-first heap   total 1466368K, used 1389440K [0x0000000080000000, 0x0000000100000000)
  region size 1024K, 851 young (871424K), 1 survivors (1024K)
 Metaspace       used 441720K, committed 446592K, reserved 1441792K
  class space    used 52705K, committed 55104K, reserved 1048576K
}
Event: 1067657.035 GC heap after
{Heap after GC invocations=978 (full 0):
 garbage-first heap   total 1466368K, used 518962K [0x0000000080000000, 0x0000000100000000)
  region size 1024K, 1 young (1024K), 1 survivors (1024K)
 Metaspace       used 441720K, committed 446592K, reserved 1441792K
  class space    used 52705K, committed 55104K, reserved 1048576K
}
Event: 1069051.746 GC heap before
{Heap before GC invocations=978 (full 0):
 garbage-first heap   total 1466368K, used 1388338K [0x0000000080000000, 0x0000000100000000)
  region size 1024K, 851 young (871424K), 1 survivors (1024K)
 Metaspace       used 441720K, committed 446592K, reserved 1441792K
  class space    used 52705K, committed 55104K, reserved 1048576K
}
Event: 1069051.753 GC heap after
{Heap after GC invocations=979 (full 0):
 garbage-first heap   total 1466368K, used 518853K [0x0000000080000000, 0x0000000100000000)
  region size 1024K, 1 young (1024K), 1 survivors (1024K)
 Metaspace       used 441720K, committed 446592K, reserved 1441792K
  class space    used 52705K, committed 55104K, reserved 1048576K
}
Event: 1107833.066 GC heap before
{Heap before GC invocations=979 (full 0):
 garbage-first heap   total 1466368K, used 1388229K [0x0000000080000000, 0x0000000100000000)
  region size 1024K, 851 young (871424K), 1 survivors (1024K)
 Metaspace       used 441882K, committed 446656K, reserved 1441792K
  class space    used 52723K, committed 55104K, reserved 1048576K
}
Event: 1107833.088 GC heap after
{Heap after GC invocations=980 (full 0):
 garbage-first heap   total 1466368K, used 534074K [0x0000000080000000, 0x0000000100000000)
  region size 1024K, 16 young (16384K), 16 survivors (16384K)
 Metaspace       used 441882K, committed 446656K, reserved 1441792K
  class space    used 52723K, committed 55104K, reserved 1048576K
}
Event: 1107839.470 GC heap before
{Heap before GC invocations=981 (full 0):
 garbage-first heap   total 1466368K, used 1372730K [0x0000000080000000, 0x0000000100000000)
  region size 1024K, 836 young (856064K), 16 survivors (16384K)
 Metaspace       used 441833K, committed 446656K, reserved 1441792K
  class space    used 52713K, committed 55104K, reserved 1048576K
}
Event: 1107839.479 GC heap after
{Heap after GC invocations=982 (full 0):
 garbage-first heap   total 1466368K, used 521474K [0x0000000080000000, 0x0000000100000000)
  region size 1024K, 4 young (4096K), 4 survivors (4096K)
 Metaspace       used 441833K, committed 446656K, reserved 1441792K
  class space    used 52713K, committed 55104K, reserved 1048576K
}
Event: 1107878.227 GC heap before
{Heap before GC invocations=982 (full 0):
 garbage-first heap   total 1466368K, used 1386754K [0x0000000080000000, 0x0000000100000000)
  region size 1024K, 849 young (869376K), 4 survivors (4096K)
 Metaspace       used 441842K, committed 446656K, reserved 1441792K
  class space    used 52714K, committed 55104K, reserved 1048576K
}
Event: 1107878.233 GC heap after
{Heap after GC invocations=983 (full 0):
 garbage-first heap   total 1466368K, used 521619K [0x0000000080000000, 0x0000000100000000)
  region size 1024K, 5 young (5120K), 5 survivors (5120K)
 Metaspace       used 441842K, committed 446656K, reserved 1441792K
  class space    used 52714K, committed 55104K, reserved 1048576K
}
Event: 1107878.778 GC heap before
{Heap before GC invocations=983 (full 0):
 garbage-first heap   total 1466368K, used 757139K [0x0000000080000000, 0x0000000100000000)
  region size 1024K, 237 young (242688K), 5 survivors (5120K)
 Metaspace       used 441842K, committed 446656K, reserved 1441792K
  class space    used 52714K, committed 55104K, reserved 1048576K
}
Event: 1107878.784 GC heap after
{Heap after GC invocations=984 (full 0):
 garbage-first heap   total 1466368K, used 521423K [0x0000000080000000, 0x0000000100000000)
  region size 1024K, 5 young (5120K), 5 survivors (5120K)
 Metaspace       used 441842K, committed 446656K, reserved 1441792K
  class space    used 52714K, committed 55104K, reserved 1048576K
}
Event: 1109258.123 GC heap before
{Heap before GC invocations=985 (full 0):
 garbage-first heap   total 1466368K, used 1385679K [0x0000000080000000, 0x0000000100000000)
  region size 1024K, 849 young (869376K), 5 survivors (5120K)
 Metaspace       used 441833K, committed 446656K, reserved 1441792K
  class space    used 52712K, committed 55104K, reserved 1048576K
}
Event: 1109258.131 GC heap after
{Heap after GC invocations=986 (full 0):
 garbage-first heap   total 1466368K, used 521460K [0x0000000080000000, 0x0000000100000000)
  region size 1024K, 5 young (5120K), 5 survivors (5120K)
 Metaspace       used 441833K, committed 446656K, reserved 1441792K
  class space    used 52712K, committed 55104K, reserved 1048576K
}
Event: 1110571.579 GC heap before
{Heap before GC invocations=986 (full 0):
 garbage-first heap   total 1466368K, used 1385716K [0x0000000080000000, 0x0000000100000000)
  region size 1024K, 849 young (869376K), 5 survivors (5120K)
 Metaspace       used 441835K, committed 446656K, reserved 1441792K
  class space    used 52712K, committed 55104K, reserved 1048576K
}
Event: 1110571.588 GC heap after
{Heap after GC invocations=987 (full 0):
 garbage-first heap   total 1466368K, used 520395K [0x0000000080000000, 0x0000000100000000)
  region size 1024K, 5 young (5120K), 5 survivors (5120K)
 Metaspace       used 441835K, committed 446656K, reserved 1441792K
  class space    used 52712K, committed 55104K, reserved 1048576K
}
Event: 1111998.771 GC heap before
{Heap before GC invocations=987 (full 0):
 garbage-first heap   total 1466368K, used 1385675K [0x0000000080000000, 0x0000000100000000)
  region size 1024K, 850 young (870400K), 5 survivors (5120K)
 Metaspace       used 441835K, committed 446656K, reserved 1441792K
  class space    used 52712K, committed 55104K, reserved 1048576K
}
Event: 1111998.787 GC heap after
{Heap after GC invocations=988 (full 0):
 garbage-first heap   total 1466368K, used 520118K [0x0000000080000000, 0x0000000100000000)
  region size 1024K, 5 young (5120K), 5 survivors (5120K)
 Metaspace       used 441835K, committed 446656K, reserved 1441792K
  class space    used 52712K, committed 55104K, reserved 1048576K
}
Event: 1113284.075 GC heap before
{Heap before GC invocations=989 (full 0):
 garbage-first heap   total 1466368K, used 1385398K [0x0000000080000000, 0x0000000100000000)
  region size 1024K, 850 young (870400K), 5 survivors (5120K)
 Metaspace       used 441835K, committed 446656K, reserved 1441792K
  class space    used 52712K, committed 55104K, reserved 1048576K
}
Event: 1113284.085 GC heap after
{Heap after GC invocations=990 (full 0):
 garbage-first heap   total 1466368K, used 520405K [0x0000000080000000, 0x0000000100000000)
  region size 1024K, 5 young (5120K), 5 survivors (5120K)
 Metaspace       used 441835K, committed 446656K, reserved 1441792K
  class space    used 52712K, committed 55104K, reserved 1048576K
}

Dll operation events (3 events):
Event: 0.005 Loaded shared library C:\Program Files\JetBrains\IntelliJ IDEA Community Edition 2024.3.1.1\jbr\bin\java.dll
Event: 0.021 Loaded shared library C:\Program Files\JetBrains\IntelliJ IDEA Community Edition 2024.3.1.1\jbr\bin\zip.dll
Event: 0.211 Loaded shared library C:\Program Files\JetBrains\IntelliJ IDEA Community Edition 2024.3.1.1\jbr\bin\verify.dll

Deoptimization events (20 events):
Event: 1107821.578 Thread 0x0000021e024b6420 Uncommon trap: trap_request=0xfffffff7 fr.pc=0x0000021c983779c0 relative=0x0000000000001da0
Event: 1107821.578 Thread 0x0000021e024b6420 Uncommon trap: reason=null_check action=none pc=0x0000021c983779c0 method=sun.security.x509.X509CertImpl.getExtensionValue(Ljava/lang/String;)[B @ 104 c2
Event: 1107821.578 Thread 0x0000021e024b6420 DEOPT PACKING pc=0x0000021c983779c0 sp=0x000000413f9fc0a0
Event: 1107821.578 Thread 0x0000021e024b6420 DEOPT UNPACKING pc=0x0000021c971b7da2 sp=0x000000413f9fc050 mode 2
Event: 1107821.882 Thread 0x0000021e024b6420 Uncommon trap: trap_request=0xffffffde fr.pc=0x0000021c97cb2d60 relative=0x00000000000027c0
Event: 1107821.882 Thread 0x0000021e024b6420 Uncommon trap: reason=class_check action=maybe_recompile pc=0x0000021c97cb2d60 method=com.fasterxml.jackson.databind.deser.std.CollectionDeserializer._deserializeFromArray(Lcom/fasterxml/jackson/core/JsonParser;Lcom/fasterxml/jackson/databind/Deserializat
Event: 1107821.882 Thread 0x0000021e024b6420 DEOPT PACKING pc=0x0000021c97cb2d60 sp=0x000000413f9fd250
Event: 1107821.882 Thread 0x0000021e024b6420 DEOPT UNPACKING pc=0x0000021c971b7da2 sp=0x000000413f9fd258 mode 2
Event: 1107822.223 Thread 0x0000021e024b77d0 Uncommon trap: trap_request=0xfffffff7 fr.pc=0x0000021c983779c0 relative=0x0000000000001da0
Event: 1107822.223 Thread 0x0000021e024b77d0 Uncommon trap: reason=null_check action=none pc=0x0000021c983779c0 method=sun.security.x509.X509CertImpl.getExtensionValue(Ljava/lang/String;)[B @ 104 c2
Event: 1107822.223 Thread 0x0000021e024b77d0 DEOPT PACKING pc=0x0000021c983779c0 sp=0x000000413e3fc490
Event: 1107822.223 Thread 0x0000021e024b77d0 DEOPT UNPACKING pc=0x0000021c971b7da2 sp=0x000000413e3fc440 mode 2
Event: 1108414.892 Thread 0x0000021e024cac40 Uncommon trap: trap_request=0xfffffff7 fr.pc=0x0000021c983779c0 relative=0x0000000000001da0
Event: 1108414.892 Thread 0x0000021e024cac40 Uncommon trap: reason=null_check action=none pc=0x0000021c983779c0 method=sun.security.x509.X509CertImpl.getExtensionValue(Ljava/lang/String;)[B @ 104 c2
Event: 1108414.892 Thread 0x0000021e024cac40 DEOPT PACKING pc=0x0000021c983779c0 sp=0x00000041437fcfc0
Event: 1108414.892 Thread 0x0000021e024cac40 DEOPT UNPACKING pc=0x0000021c971b7da2 sp=0x00000041437fcf70 mode 2
Event: 1108715.562 Thread 0x0000021e024c1be0 Uncommon trap: trap_request=0xfffffff7 fr.pc=0x0000021c983779c0 relative=0x0000000000001da0
Event: 1108715.562 Thread 0x0000021e024c1be0 Uncommon trap: reason=null_check action=none pc=0x0000021c983779c0 method=sun.security.x509.X509CertImpl.getExtensionValue(Ljava/lang/String;)[B @ 104 c2
Event: 1108715.562 Thread 0x0000021e024c1be0 DEOPT PACKING pc=0x0000021c983779c0 sp=0x00000041401fe510
Event: 1108715.562 Thread 0x0000021e024c1be0 DEOPT UNPACKING pc=0x0000021c971b7da2 sp=0x00000041401fe4c0 mode 2

Classes loaded (20 events):
Event: 296642.951 Loading class sun/font/SunLayoutEngine$FaceRef
Event: 296642.951 Loading class sun/font/SunLayoutEngine$FaceRef done
Event: 296642.959 Loading class java/awt/font/TextLine$TextLineMetrics
Event: 296642.959 Loading class java/awt/font/TextLine$TextLineMetrics done
Event: 722024.496 Loading class sun/awt/windows/WComponentPeer$1
Event: 722024.500 Loading class sun/awt/windows/WComponentPeer$1 done
Event: 722024.526 Loading class sun/java2d/d3d/D3DSurfaceData$D3DWindowSurfaceData
Event: 722024.526 Loading class sun/java2d/d3d/D3DSurfaceData
Event: 722024.528 Loading class sun/java2d/pipe/hw/AccelSurface
Event: 722024.528 Loading class sun/java2d/pipe/hw/AccelSurface done
Event: 722024.528 Loading class sun/java2d/d3d/D3DSurfaceData done
Event: 722024.528 Loading class sun/java2d/d3d/D3DSurfaceData$D3DWindowSurfaceData done
Event: 722024.528 Loading class sun/java2d/opengl/OGLSurfaceData
Event: 722024.530 Loading class sun/java2d/opengl/OGLSurfaceData done
Event: 722024.643 Loading class java/awt/geom/Arc2D$Double
Event: 722024.644 Loading class java/awt/geom/Arc2D
Event: 722024.645 Loading class java/awt/geom/Arc2D done
Event: 722024.645 Loading class java/awt/geom/Arc2D$Double done
Event: 722024.646 Loading class java/awt/geom/ArcIterator
Event: 722024.646 Loading class java/awt/geom/ArcIterator done

Classes unloaded (20 events):
Event: 1107834.434 Thread 0x0000021cac7b9a00 Unloading class 0x0000021cb1549800 'java/lang/invoke/LambdaForm$MH+0x0000021cb1549800'
Event: 1107834.434 Thread 0x0000021cac7b9a00 Unloading class 0x0000021cb1445400 'java/lang/invoke/LambdaForm$MH+0x0000021cb1445400'
Event: 1107834.434 Thread 0x0000021cac7b9a00 Unloading class 0x0000021cafc20000 'java/lang/invoke/LambdaForm$MH+0x0000021cafc20000'
Event: 1107834.434 Thread 0x0000021cac7b9a00 Unloading class 0x0000021cb1444800 'java/lang/invoke/LambdaForm$MH+0x0000021cb1444800'
Event: 1107834.434 Thread 0x0000021cac7b9a00 Unloading class 0x0000021caf9c1000 'java/lang/invoke/LambdaForm$MH+0x0000021caf9c1000'
Event: 1107834.434 Thread 0x0000021cac7b9a00 Unloading class 0x0000021cb1081800 'java/lang/invoke/LambdaForm$MH+0x0000021cb1081800'
Event: 1107834.434 Thread 0x0000021cac7b9a00 Unloading class 0x0000021cb1564c00 'java/lang/invoke/LambdaForm$MH+0x0000021cb1564c00'
Event: 1107834.434 Thread 0x0000021cac7b9a00 Unloading class 0x0000021cb14c9400 'java/lang/invoke/LambdaForm$MH+0x0000021cb14c9400'
Event: 1107834.434 Thread 0x0000021cac7b9a00 Unloading class 0x0000021cb0fb8c00 'java/lang/invoke/LambdaForm$MH+0x0000021cb0fb8c00'
Event: 1107834.434 Thread 0x0000021cac7b9a00 Unloading class 0x0000021cb0559400 'java/lang/invoke/LambdaForm$MH+0x0000021cb0559400'
Event: 1107834.434 Thread 0x0000021cac7b9a00 Unloading class 0x0000021cb12b8800 'java/lang/invoke/LambdaForm$MH+0x0000021cb12b8800'
Event: 1107834.434 Thread 0x0000021cac7b9a00 Unloading class 0x0000021cb1535c00 'java/lang/invoke/LambdaForm$MH+0x0000021cb1535c00'
Event: 1107834.434 Thread 0x0000021cac7b9a00 Unloading class 0x0000021cb157f400 'java/lang/invoke/LambdaForm$MH+0x0000021cb157f400'
Event: 1107879.321 Thread 0x0000021cac7b9a00 Unloading class 0x0000021cb1384800 'java/lang/invoke/LambdaForm$MH+0x0000021cb1384800'
Event: 1107879.321 Thread 0x0000021cac7b9a00 Unloading class 0x0000021cb0fb4c00 'java/lang/invoke/LambdaForm$MH+0x0000021cb0fb4c00'
Event: 1107879.321 Thread 0x0000021cac7b9a00 Unloading class 0x0000021cb15f8800 'java/lang/invoke/LambdaForm$MH+0x0000021cb15f8800'
Event: 1107879.321 Thread 0x0000021cac7b9a00 Unloading class 0x0000021cb15d3c00 'java/lang/invoke/LambdaForm$MH+0x0000021cb15d3c00'
Event: 1107879.321 Thread 0x0000021cac7b9a00 Unloading class 0x0000021cb115d000 'java/lang/invoke/LambdaForm$MH+0x0000021cb115d000'
Event: 1107879.321 Thread 0x0000021cac7b9a00 Unloading class 0x0000021cb1518800 'java/lang/invoke/LambdaForm$MH+0x0000021cb1518800'
Event: 1107879.321 Thread 0x0000021cac7b9a00 Unloading class 0x0000021cb14fc800 'java/lang/invoke/LambdaForm$MH+0x0000021cb14fc800'

Classes redefined (0 events):
No events

Internal exceptions (20 events):
Event: 1113284.137 Thread 0x0000021de9c6b4a0 Exception <a 'sun/nio/fs/WindowsException'{0x00000000ff65e768}> (0x00000000ff65e768) 
thrown [s\src\hotspot\share\prims\jni.cpp, line 535]
Event: 1113284.137 Thread 0x0000021de9c6b4a0 Exception <a 'sun/nio/fs/WindowsException'{0x00000000ff65f328}> (0x00000000ff65f328) 
thrown [s\src\hotspot\share\prims\jni.cpp, line 535]
Event: 1113284.137 Thread 0x0000021de9c6b4a0 Exception <a 'sun/nio/fs/WindowsException'{0x00000000ff65fd70}> (0x00000000ff65fd70) 
thrown [s\src\hotspot\share\prims\jni.cpp, line 535]
Event: 1113284.138 Thread 0x0000021de9c6b4a0 Exception <a 'sun/nio/fs/WindowsException'{0x00000000ff666c88}> (0x00000000ff666c88) 
thrown [s\src\hotspot\share\prims\jni.cpp, line 535]
Event: 1113284.138 Thread 0x0000021de9c6b4a0 Exception <a 'sun/nio/fs/WindowsException'{0x00000000ff667588}> (0x00000000ff667588) 
thrown [s\src\hotspot\share\prims\jni.cpp, line 535]
Event: 1113284.138 Thread 0x0000021de9c6b4a0 Exception <a 'sun/nio/fs/WindowsException'{0x00000000ff668070}> (0x00000000ff668070) 
thrown [s\src\hotspot\share\prims\jni.cpp, line 535]
Event: 1113284.138 Thread 0x0000021de9c6b4a0 Exception <a 'sun/nio/fs/WindowsException'{0x00000000ff6689b0}> (0x00000000ff6689b0) 
thrown [s\src\hotspot\share\prims\jni.cpp, line 535]
Event: 1113284.138 Thread 0x0000021de9c6b4a0 Exception <a 'sun/nio/fs/WindowsException'{0x00000000ff66de50}> (0x00000000ff66de50) 
thrown [s\src\hotspot\share\prims\jni.cpp, line 535]
Event: 1113284.138 Thread 0x0000021de9c6b4a0 Exception <a 'sun/nio/fs/WindowsException'{0x00000000ff66e838}> (0x00000000ff66e838) 
thrown [s\src\hotspot\share\prims\jni.cpp, line 535]
Event: 1113284.138 Thread 0x0000021de9c6b4a0 Exception <a 'sun/nio/fs/WindowsException'{0x00000000ff66f3e0}> (0x00000000ff66f3e0) 
thrown [s\src\hotspot\share\prims\jni.cpp, line 535]
Event: 1113284.138 Thread 0x0000021de9c6b4a0 Exception <a 'sun/nio/fs/WindowsException'{0x00000000ff66fe00}> (0x00000000ff66fe00) 
thrown [s\src\hotspot\share\prims\jni.cpp, line 535]
Event: 1113284.139 Thread 0x0000021de9c6b4a0 Exception <a 'sun/nio/fs/WindowsException'{0x00000000ff676940}> (0x00000000ff676940) 
thrown [s\src\hotspot\share\prims\jni.cpp, line 535]
Event: 1113284.139 Thread 0x0000021de9c6b4a0 Exception <a 'sun/nio/fs/WindowsException'{0x00000000ff677268}> (0x00000000ff677268) 
thrown [s\src\hotspot\share\prims\jni.cpp, line 535]
Event: 1113284.139 Thread 0x0000021de9c6b4a0 Exception <a 'sun/nio/fs/WindowsException'{0x00000000ff677d60}> (0x00000000ff677d60) 
thrown [s\src\hotspot\share\prims\jni.cpp, line 535]
Event: 1113284.139 Thread 0x0000021de9c6b4a0 Exception <a 'sun/nio/fs/WindowsException'{0x00000000ff6786c8}> (0x00000000ff6786c8) 
thrown [s\src\hotspot\share\prims\jni.cpp, line 535]
Event: 1113284.139 Thread 0x0000021de9c6b4a0 Exception <a 'sun/nio/fs/WindowsException'{0x00000000ff67ded8}> (0x00000000ff67ded8) 
thrown [s\src\hotspot\share\prims\jni.cpp, line 535]
Event: 1113284.139 Thread 0x0000021de9c6b4a0 Exception <a 'sun/nio/fs/WindowsException'{0x00000000ff67e7d8}> (0x00000000ff67e7d8) 
thrown [s\src\hotspot\share\prims\jni.cpp, line 535]
Event: 1113284.139 Thread 0x0000021de9c6b4a0 Exception <a 'sun/nio/fs/WindowsException'{0x00000000ff67f2c0}> (0x00000000ff67f2c0) 
thrown [s\src\hotspot\share\prims\jni.cpp, line 535]
Event: 1113284.139 Thread 0x0000021de9c6b4a0 Exception <a 'sun/nio/fs/WindowsException'{0x00000000ff67fc00}> (0x00000000ff67fc00) 
thrown [s\src\hotspot\share\prims\jni.cpp, line 535]
Event: 1113284.140 Thread 0x0000021de9c6b4a0 Exception <a 'sun/nio/fs/WindowsException'{0x00000000ff6bd1d0}> (0x00000000ff6bd1d0) 
thrown [s\src\hotspot\share\prims\jni.cpp, line 535]

ZGC Phase Switch (0 events):
No events

VM Operations (20 events):
Event: 1113047.502 Executing VM operation: RendezvousGCThreads
Event: 1113047.502 Executing VM operation: RendezvousGCThreads done
Event: 1113107.667 Executing VM operation: HandshakeAllThreads (HandshakeForDeflation)
Event: 1113107.667 Executing VM operation: HandshakeAllThreads (HandshakeForDeflation) done
Event: 1113107.667 Executing VM operation: RendezvousGCThreads
Event: 1113107.667 Executing VM operation: RendezvousGCThreads done
Event: 1113167.754 Executing VM operation: HandshakeAllThreads (HandshakeForDeflation)
Event: 1113167.754 Executing VM operation: HandshakeAllThreads (HandshakeForDeflation) done
Event: 1113167.754 Executing VM operation: RendezvousGCThreads
Event: 1113167.754 Executing VM operation: RendezvousGCThreads done
Event: 1113227.920 Executing VM operation: HandshakeAllThreads (HandshakeForDeflation)
Event: 1113227.920 Executing VM operation: HandshakeAllThreads (HandshakeForDeflation) done
Event: 1113227.920 Executing VM operation: RendezvousGCThreads
Event: 1113227.920 Executing VM operation: RendezvousGCThreads done
Event: 1113284.075 Executing VM operation: G1CollectForAllocation (G1 Evacuation Pause)
Event: 1113284.085 Executing VM operation: G1CollectForAllocation (G1 Evacuation Pause) done
Event: 1113288.127 Executing VM operation: HandshakeAllThreads (HandshakeForDeflation)
Event: 1113288.127 Executing VM operation: HandshakeAllThreads (HandshakeForDeflation) done
Event: 1113288.127 Executing VM operation: RendezvousGCThreads
Event: 1113288.127 Executing VM operation: RendezvousGCThreads done

Memory protections (0 events):
No events

Nmethod flushes (20 events):
Event: 1107879.354 Thread 0x0000021cac7b9a00 flushing  nmethod 0x0000021c87ed4b10
Event: 1107879.354 Thread 0x0000021cac7b9a00 flushing  nmethod 0x0000021c87f59890
Event: 1107879.354 Thread 0x0000021cac7b9a00 flushing  nmethod 0x0000021c880c7b10
Event: 1107879.354 Thread 0x0000021cac7b9a00 flushing  nmethod 0x0000021c88352610
Event: 1107879.354 Thread 0x0000021cac7b9a00 flushing  nmethod 0x0000021c88353c10
Event: 1107879.354 Thread 0x0000021cac7b9a00 flushing  nmethod 0x0000021c8850d610
Event: 1107879.354 Thread 0x0000021cac7b9a00 flushing  nmethod 0x0000021c8850e190
Event: 1107879.354 Thread 0x0000021cac7b9a00 flushing  nmethod 0x0000021c885f1790
Event: 1107879.354 Thread 0x0000021cac7b9a00 flushing  nmethod 0x0000021c885f4990
Event: 1107879.354 Thread 0x0000021cac7b9a00 flushing  nmethod 0x0000021c88cc6190
Event: 1107879.354 Thread 0x0000021cac7b9a00 flushing  nmethod 0x0000021c892d0290
Event: 1107879.354 Thread 0x0000021cac7b9a00 flushing  nmethod 0x0000021c89610710
Event: 1107879.354 Thread 0x0000021cac7b9a00 flushing  nmethod 0x0000021c89611b10
Event: 1107879.355 Thread 0x0000021cac7b9a00 flushing  nmethod 0x0000021c89614190
Event: 1107879.355 Thread 0x0000021cac7b9a00 flushing  nmethod 0x0000021c8a17ca10
Event: 1107879.355 Thread 0x0000021cac7b9a00 flushing  nmethod 0x0000021c8a27b810
Event: 1107879.355 Thread 0x0000021cac7b9a00 flushing  nmethod 0x0000021c8a2e0e90
Event: 1107879.355 Thread 0x0000021cac7b9a00 flushing  nmethod 0x0000021c8a39bf10
Event: 1111999.863 Thread 0x0000021cac7b9a00 flushing  nmethod 0x0000021c88a21a90
Event: 1111999.863 Thread 0x0000021cac7b9a00 flushing  nmethod 0x0000021c8a1c4f10

Events (20 events):
Event: 1113070.831 Thread 0x0000021de9c6b4a0 Thread added: 0x0000021de9c665e0
Event: 1113130.844 Thread 0x0000021de9c6e920 Thread exited: 0x0000021de9c6e920
Event: 1113216.693 Thread 0x0000021de9c68d40 Thread added: 0x0000021de9c6cee0
Event: 1113216.693 Thread 0x0000021de9c6cee0 Thread exited: 0x0000021de9c6cee0
Event: 1113216.737 Thread 0x0000021de9c68d40 Thread added: 0x0000021de9c6cee0
Event: 1113216.737 Thread 0x0000021de9c68d40 Thread added: 0x0000021de9c6a0f0
Event: 1113218.202 Thread 0x0000021de9c68d40 Thread added: 0x0000021de9c71080
Event: 1113218.363 Thread 0x0000021de9c63160 Thread added: 0x0000021de9c6efb0
Event: 1113218.364 Thread 0x0000021de9c6ae10 Thread added: 0x0000021de9c70360
Event: 1113218.364 Thread 0x0000021de9c6efb0 Thread added: 0x0000021de9c6e920
Event: 1113218.364 Thread 0x0000021de9c6dc00 Thread added: 0x0000021de9c71710
Event: 1113226.773 Thread 0x0000021de9c6cee0 Thread exited: 0x0000021de9c6cee0
Event: 1113227.341 Thread 0x0000021de9c6a0f0 Thread exited: 0x0000021de9c6a0f0
Event: 1113278.378 Thread 0x0000021de9c6ae10 Thread exited: 0x0000021de9c6ae10
Event: 1113278.769 Thread 0x0000021de9c6dc00 Thread exited: 0x0000021de9c6dc00
Event: 1113278.769 Thread 0x0000021de9c68d40 Thread exited: 0x0000021de9c68d40
Event: 1113278.785 Thread 0x0000021de9c63160 Thread exited: 0x0000021de9c63160
Event: 1113284.085 Thread 0x0000021de9c71080 Thread exited: 0x0000021de9c71080
Event: 1113284.085 Thread 0x0000021de9c6f640 Thread exited: 0x0000021de9c6f640
Event: 1113286.268 Thread 0x0000021de9c6b4a0 Thread added: 0x0000021de9c63160


Dynamic libraries:
0x00007ff6e0440000 - 0x00007ff6e05af000 	C:\Program Files\JetBrains\IntelliJ IDEA Community Edition 2024.3.1.1\bin\idea64.exe
0x00007ffcc5e60000 - 0x00007ffcc60c7000 	C:\WINDOWS\SYSTEM32\ntdll.dll
0x00007ffcc52e0000 - 0x00007ffcc53a9000 	C:\WINDOWS\System32\KERNEL32.DLL
0x00007ffcc3620000 - 0x00007ffcc3a0f000 	C:\WINDOWS\System32\KERNELBASE.dll
0x00007ffcc4400000 - 0x00007ffcc44b4000 	C:\WINDOWS\System32\ADVAPI32.dll
0x00007ffcc5ac0000 - 0x00007ffcc5b69000 	C:\WINDOWS\System32\msvcrt.dll
0x00007ffcc5d70000 - 0x00007ffcc5e16000 	C:\WINDOWS\System32\sechost.dll
0x00007ffcc5b80000 - 0x00007ffcc5c98000 	C:\WINDOWS\System32\RPCRT4.dll
0x00007ffcc4f30000 - 0x00007ffcc5006000 	C:\WINDOWS\System32\OLEAUT32.dll
0x00007ffcc33f0000 - 0x00007ffcc3493000 	C:\WINDOWS\System32\msvcp_win.dll
0x00007ffcc3a20000 - 0x00007ffcc3b6b000 	C:\WINDOWS\System32\ucrtbase.dll
0x00007ffcc03c0000 - 0x00007ffcc0602000 	C:\WINDOWS\SYSTEM32\dbghelp.dll
0x00007ffcc3eb0000 - 0x00007ffcc4236000 	C:\WINDOWS\System32\combase.dll
0x00007ffcc46d0000 - 0x00007ffcc4e23000 	C:\WINDOWS\System32\SHELL32.dll
0x00007ffcc5010000 - 0x00007ffcc51d5000 	C:\WINDOWS\System32\USER32.dll
0x00007ffcc3190000 - 0x00007ffcc31b7000 	C:\WINDOWS\System32\win32u.dll
0x00007ffcc43d0000 - 0x00007ffcc43fb000 	C:\WINDOWS\System32\GDI32.dll
0x00007ffcc3060000 - 0x00007ffcc318c000 	C:\WINDOWS\System32\gdi32full.dll
0x00007ffcc31c0000 - 0x00007ffcc332a000 	C:\WINDOWS\System32\wintypes.dll
0x00007ffcb10c0000 - 0x00007ffcb10f5000 	C:\WINDOWS\SYSTEM32\WINMM.dll
0x00007ffcc24a0000 - 0x00007ffcc24cb000 	C:\WINDOWS\SYSTEM32\USERENV.dll
0x00007ffcc2ea0000 - 0x00007ffcc2eca000 	C:\WINDOWS\SYSTEM32\bcrypt.dll
0x00007ffcc26d0000 - 0x00007ffcc26dc000 	C:\WINDOWS\SYSTEM32\CRYPTBASE.DLL
0x00007ffcc5d30000 - 0x00007ffcc5d61000 	C:\WINDOWS\System32\IMM32.DLL
0x00007ffcc0940000 - 0x00007ffcc119e000 	C:\WINDOWS\SYSTEM32\windows.storage.dll
0x00007ffcc42d0000 - 0x00007ffcc43c5000 	C:\WINDOWS\System32\SHCORE.dll
0x00007ffcc4660000 - 0x00007ffcc46c6000 	C:\WINDOWS\System32\shlwapi.dll
0x00007ffcc2ed0000 - 0x00007ffcc2ef9000 	C:\WINDOWS\SYSTEM32\profapi.dll
0x00007ffcc1fa0000 - 0x00007ffcc1fd6000 	C:\WINDOWS\SYSTEM32\ntmarta.dll
0x00007ffc25d60000 - 0x00007ffc26b21000 	C:\Program Files\JetBrains\IntelliJ IDEA Community Edition 2024.3.1.1\jbr\bin\server\jvm.dll
0x00007ffcc51e0000 - 0x00007ffcc5254000 	C:\WINDOWS\System32\WS2_32.dll
0x00007ffcc1c40000 - 0x00007ffcc1c9e000 	C:\WINDOWS\SYSTEM32\POWRPROF.dll
0x00007ffcc19a0000 - 0x00007ffcc19ab000 	C:\WINDOWS\SYSTEM32\VERSION.dll
0x00007ffcb8be0000 - 0x00007ffcb8bfb000 	C:\Program Files\JetBrains\IntelliJ IDEA Community Edition 2024.3.1.1\jbr\bin\VCRUNTIME140.dll
0x00007ffcb8e00000 - 0x00007ffcb8e0c000 	C:\Program Files\JetBrains\IntelliJ IDEA Community Edition 2024.3.1.1\jbr\bin\VCRUNTIME140_1.dll
0x00007ffcc1bc0000 - 0x00007ffcc1bd4000 	C:\WINDOWS\SYSTEM32\UMPDC.dll
0x00007ffcb8bd0000 - 0x00007ffcb8bda000 	C:\Program Files\JetBrains\IntelliJ IDEA Community Edition 2024.3.1.1\jbr\bin\jimage.dll
0x00007ffca57a0000 - 0x00007ffca57dc000 	C:\WINDOWS\SYSTEM32\dbgcore.DLL
0x00007ffcc2fb0000 - 0x00007ffcc3055000 	C:\WINDOWS\System32\bcryptPrimitives.dll
0x00007ffcb70f0000 - 0x00007ffcb7110000 	C:\Program Files\JetBrains\IntelliJ IDEA Community Edition 2024.3.1.1\jbr\bin\java.dll
0x00007ffcc1de0000 - 0x00007ffcc1dfb000 	C:\WINDOWS\SYSTEM32\kernel.appcore.dll
0x00007ffcb6850000 - 0x00007ffcb6868000 	C:\Program Files\JetBrains\IntelliJ IDEA Community Edition 2024.3.1.1\jbr\bin\zip.dll
0x00007ffcb8bc0000 - 0x00007ffcb8bd0000 	C:\Program Files\JetBrains\IntelliJ IDEA Community Edition 2024.3.1.1\jbr\bin\net.dll
0x00007ffcb8880000 - 0x00007ffcb89a8000 	C:\WINDOWS\SYSTEM32\WINHTTP.dll
0x00007ffcc23f0000 - 0x00007ffcc245b000 	C:\WINDOWS\system32\mswsock.dll
0x00007ffcb6220000 - 0x00007ffcb6236000 	C:\Program Files\JetBrains\IntelliJ IDEA Community Edition 2024.3.1.1\jbr\bin\nio.dll
0x00007ffcb7ab0000 - 0x00007ffcb7ac0000 	C:\Program Files\JetBrains\IntelliJ IDEA Community Edition 2024.3.1.1\jbr\bin\verify.dll
0x00007ffc5e740000 - 0x00007ffc5e8d8000 	C:\Program Files\JetBrains\IntelliJ IDEA Community Edition 2024.3.1.1\jbr\bin\awt.dll
0x00007ffcbd1a0000 - 0x00007ffcbd1d0000 	C:\WINDOWS\SYSTEM32\dwmapi.dll
0x00007ffcb3ad0000 - 0x00007ffcb3b14000 	C:\Program Files\JetBrains\IntelliJ IDEA Community Edition 2024.3.1.1\jbr\bin\nvdaControllerClient64.dll
0x00007ffca5ed0000 - 0x00007ffca5f5d000 	C:\Program Files\JetBrains\IntelliJ IDEA Community Edition 2024.3.1.1\bin\MSVCP140.dll
0x00007ffcbce30000 - 0x00007ffcbcecf000 	C:\WINDOWS\SYSTEM32\apphelp.dll
0x00007ffcb7a10000 - 0x00007ffcb7a19000 	C:\Program Files\JetBrains\IntelliJ IDEA Community Edition 2024.3.1.1\jbr\bin\prefs.dll
0x00007ffcb7980000 - 0x00007ffcb798e000 	C:\Program Files\JetBrains\IntelliJ IDEA Community Edition 2024.3.1.1\jbr\bin\sunmscapi.dll
0x00007ffcc34a0000 - 0x00007ffcc3617000 	C:\WINDOWS\System32\CRYPT32.dll
0x00007ffcc28d0000 - 0x00007ffcc2900000 	C:\WINDOWS\SYSTEM32\ncrypt.dll
0x00007ffcc2880000 - 0x00007ffcc28bf000 	C:\WINDOWS\SYSTEM32\NTASN1.dll
0x00007ffc675e0000 - 0x00007ffc67694000 	C:\WINDOWS\WinSxS\amd64_microsoft.windows.common-controls_6595b64144ccf1df_5.82.26100.7309_none_87ef0e2f7a2c9771\COMCTL32.dll
0x00007ffcbcf10000 - 0x00007ffcbcfbb000 	C:\WINDOWS\system32\uxtheme.dll
0x00007ffcb4b30000 - 0x00007ffcb4b38000 	C:\WINDOWS\system32\wshunix.dll
0x00007ffcc5460000 - 0x00007ffcc55be000 	C:\WINDOWS\System32\MSCTF.dll
0x00007ffcc44c0000 - 0x00007ffcc4657000 	C:\WINDOWS\System32\ole32.dll
0x00007ffcc26b0000 - 0x00007ffcc26cb000 	C:\WINDOWS\SYSTEM32\CRYPTSP.dll
0x00007ffcc1e00000 - 0x00007ffcc1e3a000 	C:\WINDOWS\system32\rsaenh.dll
0x00007ffcc14b0000 - 0x00007ffcc14e4000 	C:\WINDOWS\SYSTEM32\IPHLPAPI.DLL
0x00007ffcc5ca0000 - 0x00007ffcc5caa000 	C:\WINDOWS\System32\NSI.dll
0x00007ffca5e40000 - 0x00007ffca5ec7000 	C:\Program Files\JetBrains\IntelliJ IDEA Community Edition 2024.3.1.1\jbr\bin\freetype.dll
0x00007ffc8df50000 - 0x00007ffc8e02e000 	C:\Program Files\JetBrains\IntelliJ IDEA Community Edition 2024.3.1.1\jbr\bin\fontmanager.dll
0x00007ffcb5b20000 - 0x00007ffcb5b29000 	C:\Program Files\JetBrains\IntelliJ IDEA Community Edition 2024.3.1.1\jbr\bin\extnet.dll
0x00007ffcc19b0000 - 0x00007ffcc19d9000 	C:\WINDOWS\system32\Wtsapi32.dll
0x00007ffcc2120000 - 0x00007ffcc2169000 	C:\WINDOWS\SYSTEM32\SspiCli.dll
0x00007ffcc16d0000 - 0x00007ffcc1734000 	C:\WINDOWS\SYSTEM32\WINSTA.dll
0x00007ffc86bf0000 - 0x00007ffc86d00000 	C:\WINDOWS\system32\opengl32.dll
0x00007ffc87130000 - 0x00007ffc8715d000 	C:\WINDOWS\SYSTEM32\GLU32.dll
0x00007ffcbcff0000 - 0x00007ffcbd034000 	C:\WINDOWS\SYSTEM32\dxcore.dll
0x00007ffc9d2e0000 - 0x00007ffc9d325000 	C:\Program Files\JetBrains\IntelliJ IDEA Community Edition 2024.3.1.1\lib\jna\amd64\jnidispatch.dll
0x00007ffcc3cc0000 - 0x00007ffcc3cc8000 	C:\WINDOWS\System32\PSAPI.DLL
0x00007ffcb5b10000 - 0x00007ffcb5b19000 	C:\Program Files\JetBrains\IntelliJ IDEA Community Edition 2024.3.1.1\jbr\bin\management.dll
0x00007ffcb3990000 - 0x00007ffcb399b000 	C:\Program Files\JetBrains\IntelliJ IDEA Community Edition 2024.3.1.1\jbr\bin\management_ext.dll
0x00007ffcc27e0000 - 0x00007ffcc27f3000 	C:\WINDOWS\SYSTEM32\MSASN1.dll
0x00007ffcb98c0000 - 0x00007ffcb98de000 	C:\WINDOWS\SYSTEM32\dhcpcsvc6.DLL
0x00007ffcb97e0000 - 0x00007ffcb9803000 	C:\WINDOWS\SYSTEM32\dhcpcsvc.DLL
0x00007ffcc15a0000 - 0x00007ffcc16cc000 	C:\WINDOWS\SYSTEM32\DNSAPI.dll
0x00007ffcb8ab0000 - 0x00007ffcb8abb000 	C:\Windows\System32\rasadhlp.dll
0x00007ffcb9d90000 - 0x00007ffcb9e16000 	C:\WINDOWS\System32\fwpuclnt.dll
0x00007ffc66ed0000 - 0x00007ffc670a9000 	C:\WINDOWS\WinSxS\amd64_microsoft.windows.gdiplus_6595b64144ccf1df_1.1.26100.7309_none_6ef0f1d03dc91a12\gdiplus.dll
0x00007ffc98670000 - 0x00007ffc987b8000 	C:\WINDOWS\SYSTEM32\textinputframework.dll
0x00007ffcbcb80000 - 0x00007ffcbcca7000 	C:\WINDOWS\SYSTEM32\CoreMessaging.dll
0x00007ffcb2ec0000 - 0x00007ffcb31a2000 	C:\WINDOWS\SYSTEM32\CoreUIComponents.dll
0x00007ffcc3c00000 - 0x00007ffcc3cb0000 	C:\WINDOWS\System32\clbcatq.dll
0x00007ffca9870000 - 0x00007ffca9b03000 	C:\WINDOWS\WinSxS\amd64_microsoft.windows.common-controls_6595b64144ccf1df_6.0.26100.7309_none_3e05feeae336a044\comctl32.dll
0x00007ffcbb7b0000 - 0x00007ffcbb9e0000 	C:\WINDOWS\SYSTEM32\WindowsCodecs.dll
0x00007ffc87340000 - 0x00007ffc8739a000 	C:\WINDOWS\system32\dataexchange.dll
0x00007ffcaa600000 - 0x00007ffcaa844000 	C:\WINDOWS\system32\twinapi.appcore.dll
0x00007ffc9cb90000 - 0x00007ffc9cba8000 	C:\WINDOWS\system32\napinsp.dll
0x00007ffc9cb70000 - 0x00007ffc9cb82000 	C:\WINDOWS\System32\winrnr.dll
0x00007ffc9cb40000 - 0x00007ffc9cb62000 	C:\WINDOWS\system32\nlansp_c.dll
0x00007ffcb6a40000 - 0x00007ffcb6a56000 	C:\WINDOWS\system32\wshbth.dll
0x00007ffca4ec0000 - 0x00007ffca4ed2000 	C:\WINDOWS\system32\wbem\wbemprox.dll
0x00007ffca1da0000 - 0x00007ffca1e1a000 	C:\WINDOWS\SYSTEM32\wbemcomn.dll
0x00007ffc9dcf0000 - 0x00007ffc9dd05000 	C:\WINDOWS\system32\wbem\wbemsvc.dll
0x00007ffc9de80000 - 0x00007ffc9df72000 	C:\WINDOWS\system32\wbem\fastprox.dll
0x00007ffc9d880000 - 0x00007ffc9d89d000 	C:\WINDOWS\SYSTEM32\amsi.dll
0x00007ffc9d6e0000 - 0x00007ffc9d782000 	C:\ProgramData\Microsoft\Windows Defender\Platform\4.18.25110.6-0\MpOav.dll
0x00007ffca5830000 - 0x00007ffca5886000 	C:\WINDOWS\SYSTEM32\pdh.dll
0x00007ffc99c00000 - 0x00007ffc99c11000 	C:\WINDOWS\System32\perfos.dll
0x00007ffcc11d0000 - 0x00007ffcc11e2000 	C:\WINDOWS\SYSTEM32\pfclient.dll
0x00007ffc84780000 - 0x00007ffc847fe000 	C:\WINDOWS\system32\Ninput.dll
0x00007ffc9aba0000 - 0x00007ffc9abc2000 	C:\Users\Administrator\AppData\Local\JetBrains\IdeaIC2024.3\tmp\winp.x64.ED366E931B6A01754199EC7946DFE908.dll
0x00007ffcb8e30000 - 0x00007ffcb8e3b000 	C:\Program Files\JetBrains\IntelliJ IDEA Community Edition 2024.3.1.1\jbr\bin\dt_shmem.dll
0x00007ffc6b5b0000 - 0x00007ffc6b86d000 	C:\WINDOWS\system32\explorerframe.dll
0x00007ffcb8ba0000 - 0x00007ffcb8bb1000 	C:\WINDOWS\SYSTEM32\wtdccm.dll
0x00007ffc9a8c0000 - 0x00007ffc9a8f8000 	C:\Program Files\JetBrains\IntelliJ IDEA Community Edition 2024.3.1.1\bin\WinShellIntegrationBridge.dll
0x00007ffc85af0000 - 0x00007ffc85b9d000 	C:\Windows\System32\appresolver.dll
0x00007ffcc0000000 - 0x00007ffcc0103000 	C:\WINDOWS\SYSTEM32\PROPSYS.dll
0x00007ffc99af0000 - 0x00007ffc99b4e000 	C:\Windows\System32\Bcp47Langs.dll
0x00007ffcc5cb0000 - 0x00007ffcc5d2c000 	C:\WINDOWS\System32\coml2.dll
0x00007ffcc2c10000 - 0x00007ffcc2c67000 	C:\WINDOWS\SYSTEM32\CFGMGR32.dll
0x00007ffc81940000 - 0x00007ffc8194f000 	C:\WINDOWS\SYSTEM32\LINKINFO.dll
0x00007ffc8d100000 - 0x00007ffc8d1a7000 	C:\WINDOWS\SYSTEM32\ntshrui.dll
0x00007ffca81f0000 - 0x00007ffca8219000 	C:\WINDOWS\SYSTEM32\srvcli.dll
0x00007ffc9ca80000 - 0x00007ffc9ca93000 	C:\WINDOWS\SYSTEM32\cscapi.dll
0x00007ffcbaa50000 - 0x00007ffcbab04000 	C:\WINDOWS\SYSTEM32\policymanager.dll

dbghelp: loaded successfully - version: 4.0.5 - missing functions: none
symbol engine: initialized successfully - sym options: 0x614 - pdb path: .;C:\Program Files\JetBrains\IntelliJ IDEA Community Edition 2024.3.1.1\bin;C:\WINDOWS\SYSTEM32;C:\Program Files\JetBrains\IntelliJ IDEA Community Edition 2024.3.1.1\jbr\bin\server;C:\Program Files\JetBrains\IntelliJ IDEA Community Edition 2024.3.1.1\jbr\bin;C:\WINDOWS\WinSxS\amd64_microsoft.windows.common-controls_6595b64144ccf1df_5.82.26100.7309_none_87ef0e2f7a2c9771;C:\Program Files\JetBrains\IntelliJ IDEA Community Edition 2024.3.1.1\lib\jna\amd64;C:\WINDOWS\WinSxS\amd64_microsoft.windows.gdiplus_6595b64144ccf1df_1.1.26100.7309_none_6ef0f1d03dc91a12;C:\WINDOWS\WinSxS\amd64_microsoft.windows.common-controls_6595b64144ccf1df_6.0.26100.7309_none_3e05feeae336a044;C:\WINDOWS\system32\wbem;C:\ProgramData\Microsoft\Windows Defender\Platform\4.18.25110.6-0;C:\Users\Administrator\AppData\Local\JetBrains\IdeaIC2024.3\tmp

VM Arguments:
jvm_args: abort vfprintf -XX:ErrorFile=C:\Users\Administrator\java_error_in_idea_%p.log -XX:HeapDumpPath=C:\Users\Administrator\java_error_in_idea.hprof -Xms128m -Xmx2048m -XX:ReservedCodeCacheSize=512m -XX:+HeapDumpOnOutOfMemoryError -XX:-OmitStackTraceInFastThrow -XX:CICompilerCount=2 -XX:+IgnoreUnrecognizedVMOptions -ea -Dsun.io.useCanonCaches=false -Dsun.java2d.metal=true -Djbr.catch.SIGABRT=true -Djdk.http.auth.tunneling.disabledSchemes="" -Djdk.attach.allowAttachSelf=true -Djdk.module.illegalAccess.silent=true -Djdk.nio.maxCachedBufferSize=2097152 -Djava.util.zip.use.nio.for.zip.file.access=true -Dkotlinx.coroutines.debug=off -XX:+UnlockDiagnosticVMOptions -XX:TieredOldPercentage=100000 -Dllm.show.ai.promotion.window.on.start=false -Dwsl.use.remote.agent.for.nio.filesystem=true -Djava.nio.file.spi.DefaultFileSystemProvider=com.intellij.platform.core.nio.fs.MultiRoutingFileSystemProvider -Djava.security.manager=com.intellij.platform.core.nio.fs.CoreBootstrapSecurityManager -Djb.vmOptionsFile=C:\Program Files\JetBrains\IntelliJ IDEA Community Edition 2024.3.1.1\bin/idea64.exe.vmoptions -Djava.system.class.loader=com.intellij.util.lang.PathClassLoader -Didea.vendor.name=JetBrains -Didea.paths.selector=IdeaIC2024.3 -Djna.boot.library.path=C:\Program Files\JetBrains\IntelliJ IDEA Community Edition 2024.3.1.1/lib/jna/amd64 -Dpty4j.preferred.native.folder=C:\Program Files\JetBrains\IntelliJ IDEA Community Edition 2024.3.1.1/lib/pty4j -Djna.nosys=true -Djna.noclasspath=true -Dintellij.platform.runtime.repository.path=C:\Program Files\JetBrains\IntelliJ IDEA Community Edition 2024.3.1.1/modules/module-descriptors.jar -Didea.platform.prefix=Idea -Dsplash=true -Daether.connector.resumeDownloads=false -Dcompose.swing.render.on.graphics=true --add-opens=java.base/java.io=ALL-UNNAMED --add-opens=java.base/java.lang=ALL-UNNAMED --add-opens=java.base/java.lang.ref=ALL-UNNAMED --add-opens=java.base/java.lang.reflect=ALL-UNNAMED --add-opens=java.base/java.net=ALL-UNNAMED --add-opens=java.base/java.nio=ALL-UNNAMED --add-opens=java.base/java.nio.charset=ALL-UNNAMED --add-opens=java.base/java.text=ALL-UNNAMED --add-opens=java.base/java.time=ALL-UNNAMED --add-opens=java.base/java.util=ALL-UNNAMED --add-opens=java.base/java.util.concurrent=ALL-UNNAMED --add-opens=java.base/java.util.concurrent.atomic=ALL-UNNAMED --add-opens=java.base/java.util.concurrent.locks=ALL-UNNAMED --add-opens=java.base/jdk.internal.vm=ALL-UNNAMED --add-opens=java.base/sun.net.dns=ALL-UNNAMED --add-opens=java.base/sun.nio.ch=ALL-UNNAMED --add-opens=java.base/sun.nio.fs=ALL-UNNAMED --add-opens=java.base/sun.security.ssl=ALL-UNNAMED --add-opens=java.base/sun.security.util=ALL-UNNAMED --add-opens=java.desktop/com.sun.java.swing=ALL-UNNAMED --add-opens=java.desktop/java.awt=ALL-UNNAMED --add-opens=java.desktop/java.awt.dnd.peer=ALL-UNNAMED --add-opens=java.desktop/java.awt.event=ALL-UNNAMED --add-opens=java.desktop/java.awt.font=ALL-UNNAMED --add-opens=java.desktop/java.awt.image=ALL-UNNAMED --add-opens=java.desktop/java.awt.peer=ALL-UNNAMED --add-opens=java.desktop/javax.swing=ALL-UNNAMED --add-opens=java.desktop/javax.swing.plaf.basic=ALL-UNNAMED --add-opens=java.desktop/javax.swing.text=ALL-UNNAMED --add-opens=java.desktop/javax.swing.text.html=ALL-UNNAMED --add-opens=java.desktop/sun.awt=ALL-UNNAMED --add-opens=java.desktop/sun.awt.datatransfer=ALL-UNNAMED --add-opens=java.desktop/sun.awt.image=ALL-UNNAMED --add-opens=java.desktop/sun.awt.windows=ALL-UNNAMED --add-opens=java.desktop/sun.font=ALL-UNNAMED --add-opens=java.desktop/sun.java2d=ALL-UNNAMED --add-opens=java.desktop/sun.swing=ALL-UNNAMED --add-opens=java.management/sun.management=ALL-UNNAMED --add-opens=jdk.attach/sun.tools.attach=ALL-UNNAMED --add-opens=jdk.compiler/com.sun.tools.javac.api=ALL-UNNAMED --add-opens=jdk.internal.jvmstat/sun.jvmstat.monitor=ALL-UNNAMED --add-opens=jdk.jdi/com.sun.tools.jdi=ALL-UNNAMED -Dide.native.launcher=true -Djcef.sandbox.ptr=0000021C80E56B30 -Djcef.sandbox.cefVersion=122.1.9+gd14e051+chromium-122.0.6261.94 
java_command: com.intellij.idea.Main
java_class_path (initial): C:\Program Files\JetBrains\IntelliJ IDEA Community Edition 2024.3.1.1\lib\platform-loader.jar;C:\Program Files\JetBrains\IntelliJ IDEA Community Edition 2024.3.1.1\lib\util-8.jar;C:\Program Files\JetBrains\IntelliJ IDEA Community Edition 2024.3.1.1\lib\util.jar;C:\Program Files\JetBrains\IntelliJ IDEA Community Edition 2024.3.1.1\lib\app-client.jar;C:\Program Files\JetBrains\IntelliJ IDEA Community Edition 2024.3.1.1\lib\util_rt.jar;C:\Program Files\JetBrains\IntelliJ IDEA Community Edition 2024.3.1.1\lib\opentelemetry.jar;C:\Program Files\JetBrains\IntelliJ IDEA Community Edition 2024.3.1.1\lib\app.jar;C:\Program Files\JetBrains\IntelliJ IDEA Community Edition 2024.3.1.1\lib\lib-client.jar;C:\Program Files\JetBrains\IntelliJ IDEA Community Edition 2024.3.1.1\lib\stats.jar;C:\Program Files\JetBrains\IntelliJ IDEA Community Edition 2024.3.1.1\lib\jps-model.jar;C:\Program Files\JetBrains\IntelliJ IDEA Community Edition 2024.3.1.1\lib\external-system-rt.jar;C:\Program Files\JetBrains\IntelliJ IDEA Community Edition 2024.3.1.1\lib\rd.jar;C:\Program Files\JetBrains\IntelliJ IDEA Community Edition 2024.3.1.1\lib\bouncy-castle.jar;C:\Program Files\JetBrains\IntelliJ IDEA Community Edition 2024.3.1.1\lib\protobuf.jar;C:\Program Files\JetBrains\IntelliJ IDEA Community Edition 2024.3.1.1\lib\intellij-test-discovery.jar;C:\Program Files\JetBrains\IntelliJ IDEA Community Edition 2024.3.1.1\lib\forms_rt.jar;C:\Program Files\JetBrains\IntelliJ IDEA Community Edition 2024.3.1.1\lib\lib.jar;C:\Program Files\JetBrains\IntelliJ IDEA Community Edition 2024.3.1.1\lib\externalProcess-rt.jar;C:\Program Files\JetBrains\IntelliJ IDEA Community Edition 2024.3.1.1\lib\groovy.jar;C:\Program Files\JetBrains\IntelliJ IDEA Community Edition 2024.3.1.1\lib\annotations.jar;C:\Program Files\JetBrains\IntelliJ IDEA Community Edition 2024.3.1.1\lib\idea_rt.jar;C:\Program Files\JetBrains\IntelliJ IDEA Community Edition 2024.3.1.1\lib\jsch-agent.jar;C:\Program Files\JetBrains\IntelliJ IDEA Community Edition 2024.3.1.1\lib\kotlinx-coroutines-slf4j-1.8.0-intellij.jar;C:\Program Files\JetBrains\IntelliJ IDEA Community Edition 2024.3.1.1\lib\nio-fs.jar;C:\Program Files\JetBrains\IntelliJ IDEA Community Edition 2024.3.1.1\lib\trove.jar
Launcher Type: generic

[Global flags]
     intx CICompilerCount                          = 2                                         {product} {command line}
     uint ConcGCThreads                            = 2                                         {product} {ergonomic}
    ccstr ErrorFile                                = C:\Users\Administrator\java_error_in_idea_%p.log            {product} {command line}
     uint G1ConcRefinementThreads                  = 8                                         {product} {ergonomic}
   size_t G1HeapRegionSize                         = 1048576                                   {product} {ergonomic}
    uintx GCDrainStackTargetSize                   = 64                                        {product} {ergonomic}
     bool HeapDumpOnOutOfMemoryError               = true                                   {manageable} {command line}
    ccstr HeapDumpPath                             = C:\Users\Administrator\java_error_in_idea.hprof         {manageable} {command line}
     bool IgnoreUnrecognizedVMOptions              = true                                      {product} {command line}
   size_t InitialHeapSize                          = 134217728                                 {product} {command line}
   size_t MarkStackSize                            = 4194304                                   {product} {ergonomic}
   size_t MaxHeapSize                              = 2147483648                                {product} {command line}
   size_t MaxNewSize                               = 1287651328                                {product} {ergonomic}
   size_t MinHeapDeltaBytes                        = 1048576                                   {product} {ergonomic}
   size_t MinHeapSize                              = 134217728                                 {product} {command line}
    uintx NonNMethodCodeHeapSize                   = 5826188                                {pd product} {ergonomic}
    uintx NonProfiledCodeHeapSize                  = 265522362                              {pd product} {ergonomic}
     bool OmitStackTraceInFastThrow                = false                                     {product} {command line}
    uintx ProfiledCodeHeapSize                     = 265522362                              {pd product} {ergonomic}
    uintx ReservedCodeCacheSize                    = 536870912                              {pd product} {command line}
     bool SegmentedCodeCache                       = true                                      {product} {ergonomic}
   size_t SoftMaxHeapSize                          = 2147483648                             {manageable} {ergonomic}
     intx TieredOldPercentage                      = 100000                                 {diagnostic} {command line}
     bool UnlockDiagnosticVMOptions                = true                                   {diagnostic} {command line}
     bool UseCompressedOops                        = true                           {product lp64_product} {ergonomic}
     bool UseG1GC                                  = true                                      {product} {ergonomic}
     bool UseLargePagesIndividualAllocation        = false                                  {pd product} {ergonomic}

Logging:
Log output configuration:
 #0: stdout all=warning uptime,level,tags foldmultilines=false
 #1: stderr all=off uptime,level,tags foldmultilines=false

Environment Variables:
JAVA_HOME=C:\Program Files\Java\jdk-17
PATH=C:\Python314\Scripts\;C:\Python314\;C:\Python313\Scripts\;C:\Python313\;C:\Program Files\Common Files\Oracle\Java\javapath;C:\Windows\System32;C:\Windows;C:\Windows\System32\wbem;C:\Windows\System32\WindowsPowerShell\v1.0\;C:\Windows\System32\OpenSSH\;C:\PROGRA~1\Java\JRE18~1.0_2\bin;C:\Program Files\dotnet\;C:\Program Files\Git\cmd;C:\WINDOWS\system32;C:\WINDOWS;C:\WINDOWS\System32\Wbem;C:\WINDOWS\System32\WindowsPowerShell\v1.0\;C:\WINDOWS\System32\OpenSSH\;C:\ProgramData\chocolatey\bin;C:\Users\Administrator\Downloads\dev\flutter\bin;C:\Program Files\nodejs\;C:\Users\Administrator\AppData\Local\Microsoft\WindowsApps;C:\Program Files\Java\jdk-17\bin;;C:\Program Files\JetBrains\IntelliJ IDEA Educational Edition 2022.2.2\bin;;C:\Users\Administrator\AppData\Local\Programs\Microsoft VS Code\bin;C:\Program Files\JetBrains\IntelliJ IDEA Community Edition 2024.3.1.1\bin;;C:\Users\Administrator\AppData\Roaming\npm
USERNAME=Administrator
OS=Windows_NT
PROCESSOR_IDENTIFIER=Intel64 Family 6 Model 140 Stepping 1, GenuineIntel
TMP=C:\Users\ADMINI~1\AppData\Local\Temp
TEMP=C:\Users\ADMINI~1\AppData\Local\Temp




Periodic native trim disabled

JNI global refs:
JNI global refs: 137, weak refs: 177

JNI global refs memory usage: 2099, weak refs: 23193

Process memory usage:
Resident Set Size: 1658968K (10% of 16497028K total physical memory with 3590728K free physical memory)

OOME stack traces (most recent first):
Classloader memory used:
Loader com.intellij.util.lang.PathClassLoader                                          : 224M
Loader com.intellij.ide.plugins.cl.PluginClassLoader                                   : 153M
Loader bootstrap                                                                       : 50025K
Loader jdk.internal.loader.ClassLoaders$PlatformClassLoader                            : 3354K
Loader jdk.internal.loader.ClassLoaders$AppClassLoader                                 : 1160K
Loader java.net.URLClassLoader                                                         : 160K
Loader sun.reflect.misc.MethodUtil                                                     : 4216B

Classes loaded by more than one classloader:
Class ai.grazie.DataHolder$data$2                                                     : loaded 3 times (x 74B)
Class ai.grazie.DataHolder                                                            : loaded 3 times (x 68B)
Class kotlin.ULong                                                                    : loaded 2 times (x 70B)
Class com.fasterxml.jackson.module.kotlin.ReflectionCache$BooleanTriState$True        : loaded 2 times (x 68B)
Class com.fasterxml.jackson.databind.introspect.AnnotationCollector                   : loaded 2 times (x 73B)
Class com.fasterxml.jackson.core.json.JsonGeneratorImpl                               : loaded 2 times (x 221B)
Class com.fasterxml.jackson.annotation.JsonView                                       : loaded 2 times (x 66B)
Class kotlin.sequences.FlatteningSequence                                             : loaded 2 times (x 71B)
Class kotlin.sequences.DropTakeSequence                                               : loaded 2 times (x 66B)
Class kotlin.text.MatchGroupCollection                                                : loaded 2 times (x 66B)
Class kotlin.text.MatcherMatchResult                                                  : loaded 2 times (x 76B)
Class org.h2.mvstore.MVMap$MapBuilder                                                 : loaded 2 times (x 66B)
Class kotlin.io.TextStreamsKt                                                         : loaded 2 times (x 67B)
Class kotlin.text.StringsKt__StringsKt                                                : loaded 2 times (x 67B)
Class kotlin.NotImplementedError                                                      : loaded 2 times (x 78B)
Class com.fasterxml.jackson.annotation.JsonAlias                                      : loaded 2 times (x 66B)
Class com.fasterxml.jackson.databind.ser.std.NullSerializer                           : loaded 2 times (x 110B)
Class com.fasterxml.jackson.databind.BeanDescription                                  : loaded 2 times (x 108B)
Class com.fasterxml.jackson.databind.introspect.DefaultAccessorNamingStrategy         : loaded 2 times (x 76B)
Class com.fasterxml.jackson.databind.cfg.BaseSettings                                 : loaded 2 times (x 68B)
Class kotlin.sequences.FilteringSequence$iterator$1                                   : loaded 2 times (x 75B)
Class kotlin.sequences.SequencesKt__SequenceBuilderKt                                 : loaded 2 times (x 67B)
Class org.h2.store.fs.disk.FilePathDisk                                               : loaded 2 times (x 93B)
Class com.fasterxml.jackson.databind.module.SimpleModule                              : loaded 2 times (x 97B)
Class kotlin.io.FilesKt__FileTreeWalkKt                                               : loaded 2 times (x 67B)
Class kotlinx.html.HTMLTag$attributes$1                                               : loaded 2 times (x 75B)
Class kotlin.jvm.internal.CollectionToArray                                           : loaded 2 times (x 67B)
Class kotlin.collections.CollectionsKt__ReversedViewsKt                               : loaded 2 times (x 67B)
Class ai.grazie.nlp.patterns.standard.LikelyPatterns$ActionNameEllipsis$1             : loaded 2 times (x 91B)
Class org.jsoup.parser.HtmlTreeBuilderState$Constants                                 : loaded 2 times (x 67B)
Class com.fasterxml.jackson.module.kotlin.BucketGenerator                             : loaded 2 times (x 68B)
Class com.fasterxml.jackson.databind.node.ArrayNode                                   : loaded 2 times (x 314B)
Class com.fasterxml.jackson.databind.JsonDeserializer$None                            : loaded 2 times (x 93B)
Class com.fasterxml.jackson.annotation.ObjectIdGenerator                              : loaded 2 times (x 75B)
Class com.fasterxml.jackson.core.util.Instantiatable                                  : loaded 2 times (x 66B)
Class com.fasterxml.jackson.core.io.JsonStringEncoder                                 : loaded 2 times (x 67B)
Class com.fasterxml.jackson.databind.type.IterationType                               : loaded 2 times (x 144B)
Class com.fasterxml.jackson.databind.ext.Java7SupportImpl                             : loaded 2 times (x 71B)
Class com.fasterxml.jackson.databind.ser.VirtualBeanPropertyWriter                    : loaded 2 times (x 139B)
Class com.fasterxml.jackson.databind.node.NullNode                                    : loaded 2 times (x 196B)
Class org.h2.mvstore.MVMap$Builder                                                    : loaded 2 times (x 86B)
Class ai.grazie.text.TextRange$Companion                                              : loaded 2 times (x 67B)
Class ai.grazie.nlp.patterns.ext.AbbreviationPatterns$English$1$1                     : loaded 2 times (x 91B)
Class org.jsoup.select.Evaluator$IsOnlyOfType                                         : loaded 2 times (x 74B)
Class org.jsoup.internal.ControllableInputStream                                      : loaded 2 times (x 96B)
Class org.jsoup.internal.Normalizer                                                   : loaded 2 times (x 67B)
Class com.fasterxml.jackson.module.kotlin.SingletonSupport                            : loaded 2 times (x 75B)
Class com.fasterxml.jackson.databind.deser.std.ReferenceTypeDeserializer              : loaded 2 times (x 160B)
Class [Lcom.fasterxml.jackson.databind.cfg.CoercionAction;                            : loaded 2 times (x 65B)
Class com.fasterxml.jackson.databind.util.internal.PrivateMaxEntriesMap$DrainStatus   : loaded 2 times (x 76B)
Class com.fasterxml.jackson.databind.jsontype.PolymorphicTypeValidator                : loaded 2 times (x 70B)
Class com.fasterxml.jackson.databind.ser.SerializerFactory                            : loaded 2 times (x 74B)
Class org.h2.mvstore.MVMap                                                            : loaded 2 times (x 162B)
Class ai.grazie.nlp.patterns.standard.StrictPatterns$IsApostrophe$1                   : loaded 2 times (x 74B)
Class ai.grazie.nlp.langs.LanguageISO$Companion                                       : loaded 2 times (x 67B)
Class kotlin.collections.builders.ListBuilder$Itr                                     : loaded 2 times (x 90B)
Class org.jsoup.select.QueryParser                                                    : loaded 2 times (x 77B)
Class org.jsoup.select.Evaluator$Class                                                : loaded 2 times (x 75B)
Class com.fasterxml.jackson.databind.ser.std.StdKeySerializers$Dynamic                : loaded 2 times (x 112B)
Class com.fasterxml.jackson.databind.introspect.AnnotatedFieldCollector$FieldBuilder  : loaded 2 times (x 68B)
Class com.fasterxml.jackson.databind.node.DoubleNode                                  : loaded 2 times (x 196B)
Class com.fasterxml.jackson.databind.node.BaseJsonNode                                : loaded 2 times (x 195B)
Class kotlin.sequences.TransformingSequence                                           : loaded 2 times (x 71B)
Class org.slf4j.helpers.Util                                                          : loaded 2 times (x 67B)
Class org.slf4j.helpers.BasicMDCAdapter$1                                             : loaded 2 times (x 82B)
Class kotlinx.html.CommonAttributeGroupFacade                                         : loaded 2 times (x 66B)
Class kotlin.ranges.CharRange$Companion                                               : loaded 2 times (x 67B)
Class kotlin.jvm.internal.FunctionAdapter                                             : loaded 2 times (x 66B)
Class ai.grazie.nlp.patterns.standard.StrictPatterns$HasNoLetters$1                   : loaded 2 times (x 74B)
Class ai.grazie.nlp.langs.alphabet.NoneAlphabet                                       : loaded 2 times (x 72B)
Class org.jsoup.select.Evaluator$IsLastOfType                                         : loaded 2 times (x 76B)
Class org.jsoup.select.CombiningEvaluator$Or                                          : loaded 2 times (x 78B)
Class org.jsoup.helper.ValidationException                                            : loaded 2 times (x 78B)
Class com.fasterxml.jackson.databind.ser.std.NumberSerializers$1                      : loaded 2 times (x 67B)
Class [Lcom.fasterxml.jackson.databind.util.AccessPattern;                            : loaded 2 times (x 65B)
Class [Lcom.fasterxml.jackson.databind.introspect.ConcreteBeanPropertyBase;           : loaded 2 times (x 65B)
Class com.fasterxml.jackson.databind.deser.ValueInstantiator                          : loaded 2 times (x 103B)
Class com.fasterxml.jackson.annotation.JsonInclude                                    : loaded 2 times (x 66B)
Class com.fasterxml.jackson.databind.introspect.AnnotatedMethodMap                    : loaded 2 times (x 75B)
Class com.fasterxml.jackson.databind.deser.std.StdKeyDeserializer$StringFactoryKeyDeserializer: loaded 2 times (x 75B)
Class com.fasterxml.jackson.databind.deser.impl.SetterlessProperty                    : loaded 2 times (x 136B)
Class com.fasterxml.jackson.databind.node.FloatNode                                   : loaded 2 times (x 196B)
Class com.fasterxml.jackson.databind.node.BooleanNode                                 : loaded 2 times (x 196B)
Class com.fasterxml.jackson.databind.SerializationFeature                             : loaded 2 times (x 80B)
Class com.fasterxml.jackson.annotation.Nulls                                          : loaded 2 times (x 75B)
Class com.fasterxml.jackson.core.JsonFactory$Feature                                  : loaded 2 times (x 80B)
Class [Lcom.fasterxml.jackson.databind.util.internal.PrivateMaxEntriesMap$DrainStatus;: loaded 2 times (x 65B)
Class com.fasterxml.jackson.databind.DatabindException                                : loaded 2 times (x 85B)
Class [Lai.grazie.nlp.patterns.MatchPattern;                                          : loaded 2 times (x 65B)
Class ai.grazie.nlp.langs.Language$Companion$1                                        : loaded 2 times (x 74B)
Class [Lorg.jsoup.parser.Token$TokenType;                                             : loaded 2 times (x 65B)
Class com.fasterxml.jackson.databind.ext.Java7HandlersImpl                            : loaded 2 times (x 71B)
Class com.fasterxml.jackson.databind.deser.std.UntypedObjectDeserializer              : loaded 2 times (x 170B)
Class com.fasterxml.jackson.annotation.JsonInclude$Value                              : loaded 2 times (x 82B)
Class [Lcom.fasterxml.jackson.core.util.JacksonFeature;                               : loaded 2 times (x 65B)
Class com.fasterxml.jackson.databind.ext.Java7Support                                 : loaded 2 times (x 70B)
Class kotlin.sequences.SequencesKt___SequencesKt                                      : loaded 2 times (x 67B)
Class kotlin.text.MatcherMatchResult$groupValues$1                                    : loaded 2 times (x 194B)
Class org.slf4j.spi.LocationAwareLogger                                               : loaded 2 times (x 66B)
Class org.h2.mvstore.RandomAccessStore                                                : loaded 2 times (x 138B)
Class kotlin.collections.AbstractList$Companion                                       : loaded 2 times (x 67B)
Class [Lai.grazie.nlp.langs.alphabet.Alphabet;                                        : loaded 2 times (x 65B)
Class org.jsoup.parser.HtmlTreeBuilderState$20                                        : loaded 2 times (x 76B)
Class com.fasterxml.jackson.databind.util.TokenBuffer$Parser                          : loaded 2 times (x 217B)
Class com.fasterxml.jackson.databind.ser.std.ToStringSerializerBase                   : loaded 2 times (x 111B)
Class com.fasterxml.jackson.databind.deser.std.StdKeyDeserializer$DelegatingKD        : loaded 2 times (x 69B)
Class [Lcom.fasterxml.jackson.databind.AbstractTypeResolver;                          : loaded 2 times (x 65B)
Class com.fasterxml.jackson.databind.deser.std.StringCollectionDeserializer           : loaded 2 times (x 160B)
Class com.fasterxml.jackson.databind.introspect.TypeResolutionContext                 : loaded 2 times (x 66B)
Class com.fasterxml.jackson.databind.exc.MismatchedInputException                     : loaded 2 times (x 94B)
Class org.h2.mvstore.MVStoreException                                                 : loaded 2 times (x 79B)
Class ai.grazie.nlp.tokenizer.word.HeuristicWordTokenizer                             : loaded 2 times (x 82B)
Class [Lai.grazie.nlp.langs.LanguageISO;                                              : loaded 2 times (x 65B)
Class org.jsoup.parser.HtmlTreeBuilderState$21                                        : loaded 2 times (x 76B)
Class org.jsoup.select.Evaluator                                                      : loaded 2 times (x 74B)
Class com.fasterxml.jackson.databind.deser.impl.ObjectIdValueProperty                 : loaded 2 times (x 136B)
Class com.fasterxml.jackson.annotation.JsonProperty                                   : loaded 2 times (x 66B)
Class com.fasterxml.jackson.databind.introspect.POJOPropertiesCollector               : loaded 2 times (x 110B)
Class com.fasterxml.jackson.core.JsonGenerationException                              : loaded 2 times (x 86B)
Class com.fasterxml.jackson.module.kotlin.KotlinDeserializers                         : loaded 2 times (x 90B)
Class com.fasterxml.jackson.databind.node.IntNode                                     : loaded 2 times (x 196B)
Class kotlin.text.StringsKt__AppendableKt                                             : loaded 2 times (x 67B)
Class ai.grazie.nlp.tokenizer.sequence.NonDestructiveCharSequenceTokenizer            : loaded 2 times (x 66B)
Class ai.grazie.nlp.patterns.Pattern                                                  : loaded 2 times (x 66B)
Class ai.grazie.utils.mpp.RootDataLoader                                              : loaded 2 times (x 66B)
Class [Lorg.jsoup.parser.HtmlTreeBuilderState;                                        : loaded 2 times (x 65B)
Class org.jsoup.nodes.DocumentType                                                    : loaded 2 times (x 150B)
Class org.jsoup.parser.HtmlTreeBuilderState$22                                        : loaded 2 times (x 76B)
Class com.fasterxml.jackson.databind.deser.std.NumberDeserializers$ShortDeserializer  : loaded 2 times (x 155B)
Class [Lcom.fasterxml.jackson.databind.deser.SettableBeanProperty;                    : loaded 2 times (x 65B)
Class com.fasterxml.jackson.core.StreamReadCapability                                 : loaded 2 times (x 80B)
Class com.fasterxml.jackson.databind.ser.std.StdKeySerializers$EnumKeySerializer      : loaded 2 times (x 110B)
Class com.fasterxml.jackson.databind.ser.std.MapProperty                              : loaded 2 times (x 112B)
Class com.fasterxml.jackson.databind.deser.std.StdKeyDeserializer$StringCtorKeyDeserializer: loaded 2 times (x 75B)
Class kotlin.jvm.internal.ArrayIteratorKt                                             : loaded 2 times (x 67B)
Class org.jsoup.nodes.Entities$CoreCharset                                            : loaded 2 times (x 75B)
Class org.jsoup.parser.HtmlTreeBuilderState$23                                        : loaded 2 times (x 76B)
Class org.jsoup.select.Evaluator$AttributeWithValueEnding                             : loaded 2 times (x 75B)
Class com.fasterxml.jackson.databind.deser.std.NumberDeserializers$NumberDeserializer : loaded 2 times (x 152B)
Class com.fasterxml.jackson.module.kotlin.KotlinKeySerializers                        : loaded 2 times (x 83B)
Class com.fasterxml.jackson.databind.ser.std.ToStringSerializer                       : loaded 2 times (x 111B)
Class com.fasterxml.jackson.databind.cfg.DatatypeFeatures                             : loaded 2 times (x 76B)
Class com.fasterxml.jackson.databind.type.TypeParser                                  : loaded 2 times (x 74B)
Class kotlin.text.MatchResult                                                         : loaded 2 times (x 66B)
Class org.h2.engine.SysProperties                                                     : loaded 2 times (x 67B)
Class kotlinx.html.Tag                                                                : loaded 2 times (x 66B)
Class com.fasterxml.jackson.databind.deser.BasicDeserializerFactory$CreatorCollectionState: loaded 2 times (x 79B)
Class kotlinx.html.stream.HTMLStreamBuilder                                           : loaded 2 times (x 80B)
Class kotlin.text.StringsKt__StringNumberConversionsJVMKt                             : loaded 2 times (x 67B)
Class com.intellij.platform.core.nio.fs.MultiRoutingFileSystemProvider                : loaded 2 times (x 105B)
Class org.jsoup.parser.HtmlTreeBuilderState$24                                        : loaded 2 times (x 76B)
Class org.jsoup.nodes.CDataNode                                                       : loaded 2 times (x 154B)
Class com.fasterxml.jackson.module.kotlin.KotlinValueInstantiator$createFromObjectWith$1$valueDeserializer$2: loaded 2 times (x 75B)
Class com.fasterxml.jackson.databind.node.MissingNode                                 : loaded 2 times (x 195B)
Class com.fasterxml.jackson.annotation.JsonSetter$Value                               : loaded 2 times (x 81B)
Class com.fasterxml.jackson.core.async.ByteArrayFeeder                                : loaded 2 times (x 66B)
Class com.fasterxml.jackson.annotation.JsonTypeInfo                                   : loaded 2 times (x 66B)
Class kotlin.collections.CollectionsKt___CollectionsKt$asSequence$$inlined$Sequence$1 : loaded 2 times (x 71B)
Class org.h2.mvstore.MVMap$DecisionMaker                                              : loaded 2 times (x 71B)
Class org.h2.util.Utils                                                               : loaded 2 times (x 67B)
Class kotlinx.html.SectioningOrFlowContent                                            : loaded 2 times (x 66B)
Class ai.grazie.nlp.patterns.ext.AbbreviationPatterns$German$1$2                      : loaded 2 times (x 91B)
Class org.jsoup.parser.HtmlTreeBuilderState$25                                        : loaded 2 times (x 67B)
Class org.jsoup.select.Evaluator$Attribute                                            : loaded 2 times (x 75B)
Class com.fasterxml.jackson.databind.deser.std.JdkDeserializers                       : loaded 2 times (x 67B)
Class kotlin.UShort                                                                   : loaded 2 times (x 70B)
Class com.fasterxml.jackson.databind.introspect.AnnotationCollector$TwoAnnotations    : loaded 2 times (x 78B)
Class com.fasterxml.jackson.core.io.JsonEOFException                                  : loaded 2 times (x 91B)
Class com.fasterxml.jackson.databind.ser.std.NumberSerializers$IntLikeSerializer      : loaded 2 times (x 115B)
Class com.fasterxml.jackson.databind.ser.impl.TypeWrappedSerializer                   : loaded 2 times (x 88B)
Class com.fasterxml.jackson.databind.annotation.JsonSerialize                         : loaded 2 times (x 66B)
Class org.slf4j.helpers.AbstractLogger                                                : loaded 2 times (x 211B)
Class org.jsoup.select.StructuralEvaluator$ImmediateParentRun                         : loaded 2 times (x 82B)
Class org.jsoup.helper.DataUtil                                                       : loaded 2 times (x 67B)
Class kotlin.annotation.AnnotationRetention                                           : loaded 2 times (x 75B)
Class com.fasterxml.jackson.core.exc.StreamWriteException                             : loaded 2 times (x 85B)
Class com.fasterxml.jackson.module.kotlin.PackageVersion                              : loaded 2 times (x 70B)
Class com.fasterxml.jackson.databind.ser.std.UUIDSerializer                           : loaded 2 times (x 117B)
Class com.fasterxml.jackson.databind.deser.NullValueProvider                          : loaded 2 times (x 66B)
Class com.fasterxml.jackson.core.util.DefaultIndenter                                 : loaded 2 times (x 78B)
Class com.fasterxml.jackson.databind.cfg.CoercionAction                               : loaded 2 times (x 75B)
Class [Lcom.fasterxml.jackson.core.sym.CharsToNameCanonicalizer$Bucket;               : loaded 2 times (x 65B)
Class com.fasterxml.jackson.core.sym.CharsToNameCanonicalizer$Bucket                  : loaded 2 times (x 68B)
Class com.fasterxml.jackson.core.StreamReadConstraints                                : loaded 2 times (x 83B)
Class com.fasterxml.jackson.databind.util.ClassUtil                                   : loaded 2 times (x 67B)
Class com.fasterxml.jackson.annotation.JsonUnwrapped                                  : loaded 2 times (x 66B)
Class com.fasterxml.jackson.databind.DatabindContext                                  : loaded 2 times (x 96B)
Class kotlinx.html.FlowOrMetaDataContent                                              : loaded 2 times (x 66B)
Class kotlin.coroutines.jvm.internal.SuspendLambda                                    : loaded 2 times (x 87B)
Class ai.grazie.nlp.patterns.MatchPattern                                             : loaded 2 times (x 66B)
Class org.jsoup.select.Evaluator$IsOnlyChild                                          : loaded 2 times (x 74B)
Class org.jsoup.parser.ParseSettings                                                  : loaded 2 times (x 72B)
Class com.fasterxml.jackson.databind.deser.impl.PropertyBasedCreator                  : loaded 2 times (x 68B)
Class com.fasterxml.jackson.databind.deser.BasicDeserializerFactory$ContainerDefaultMappings: loaded 2 times (x 67B)
Class com.fasterxml.jackson.databind.ser.std.StdKeySerializers$Default                : loaded 2 times (x 110B)
Class com.fasterxml.jackson.module.kotlin.KotlinAnnotationIntrospector$Companion$UNIT_TYPE$2: loaded 2 times (x 74B)
Class org.h2.mvstore.CursorPos                                                        : loaded 2 times (x 68B)
Class kotlin.text.StringsKt__RegexExtensionsJVMKt                                     : loaded 2 times (x 67B)
Class kotlin.collections.CollectionsKt__CollectionsKt                                 : loaded 2 times (x 67B)
Class kotlin.collections.ArraysKt___ArraysJvmKt                                       : loaded 2 times (x 67B)
Class org.jsoup.parser.TokeniserState$40                                              : loaded 2 times (x 76B)
Class com.fasterxml.jackson.databind.deser.std.NumberDeserializers$BigIntegerDeserializer: loaded 2 times (x 153B)
Class [Lcom.fasterxml.jackson.core.StreamReadCapability;                              : loaded 2 times (x 65B)
Class com.fasterxml.jackson.databind.cfg.ConfigOverride                               : loaded 2 times (x 76B)
Class com.fasterxml.jackson.databind.util.Annotations                                 : loaded 2 times (x 66B)
Class kotlin.text.Regex$Companion                                                     : loaded 2 times (x 67B)
Class org.h2.mvstore.MVStore$Builder                                                  : loaded 2 times (x 68B)
Class [Lai.grazie.nlp.langs.alphabet.Alphabet$Group;                                  : loaded 2 times (x 65B)
Class ai.grazie.nlp.langs.alphabet.Alphabet$Group                                     : loaded 2 times (x 75B)
Class org.jsoup.parser.TokeniserState$41                                              : loaded 2 times (x 76B)
Class org.jsoup.select.Evaluator$AllElements                                          : loaded 2 times (x 74B)
Class kotlin.text.StringsKt__StringsKt$rangesDelimitedBy$2                            : loaded 2 times (x 75B)
Class [Lkotlin.annotation.AnnotationTarget;                                           : loaded 2 times (x 65B)
Class com.fasterxml.jackson.databind.cfg.ConfigOverrides                              : loaded 2 times (x 83B)
Class com.fasterxml.jackson.databind.introspect.AnnotatedConstructor                  : loaded 2 times (x 95B)
Class com.fasterxml.jackson.databind.type.ReferenceType                               : loaded 2 times (x 146B)
Class kotlinx.html.FlowOrHeadingContent                                               : loaded 2 times (x 66B)
Class kotlin.jvm.internal.FunctionBase                                                : loaded 2 times (x 66B)
Class kotlin.enums.EnumEntriesList                                                    : loaded 2 times (x 219B)
Class ai.grazie.nlp.patterns.standard.LikelyPatterns$IsCompositeInflection$1$1        : loaded 2 times (x 91B)
Class ai.grazie.nlp.langs.Language$Companion                                          : loaded 2 times (x 67B)
Class org.jsoup.parser.TokeniserState$42                                              : loaded 2 times (x 76B)
Class org.jsoup.internal.StringUtil                                                   : loaded 2 times (x 67B)
Class [Lkotlin.text.Regex;                                                            : loaded 2 times (x 65B)
Class kotlin.collections.builders.ListBuilder$Companion                               : loaded 2 times (x 67B)
Class kotlin.collections.builders.ListBuilder                                         : loaded 2 times (x 203B)
Class com.fasterxml.jackson.databind.ser.PropertyBuilder                              : loaded 2 times (x 76B)
Class com.fasterxml.jackson.databind.deser.impl.PropertyBasedCreator$CaseInsensitiveMap: loaded 2 times (x 132B)
Class [Lcom.fasterxml.jackson.databind.introspect.AnnotationMap;                      : loaded 2 times (x 65B)
Class com.fasterxml.jackson.databind.deser.std.StdScalarDeserializer                  : loaded 2 times (x 152B)
Class com.fasterxml.jackson.databind.ser.std.StdSerializer                            : loaded 2 times (x 110B)
Class com.fasterxml.jackson.databind.cfg.MutableCoercionConfig                        : loaded 2 times (x 73B)
Class com.fasterxml.jackson.databind.introspect.AnnotatedClass$Creators               : loaded 2 times (x 68B)
Class com.fasterxml.jackson.databind.type.SimpleType                                  : loaded 2 times (x 139B)
Class org.h2.mvstore.RootReference                                                    : loaded 2 times (x 68B)
Class kotlin.comparisons.ComparisonsKt___ComparisonsJvmKt                             : loaded 2 times (x 67B)
Class kotlin.collections.CollectionsKt__IteratorsJVMKt                                : loaded 2 times (x 67B)
Class org.jsoup.parser.TokeniserState$43                                              : loaded 2 times (x 76B)
Class org.jsoup.parser.Tag                                                            : loaded 2 times (x 90B)
Class [Lcom.fasterxml.jackson.databind.JsonSerializable;                              : loaded 2 times (x 65B)
Class [Lcom.fasterxml.jackson.databind.ser.BeanSerializerModifier;                    : loaded 2 times (x 65B)
Class com.fasterxml.jackson.databind.ser.std.FileSerializer                           : loaded 2 times (x 111B)
Class com.fasterxml.jackson.databind.node.ContainerNode                               : loaded 2 times (x 235B)
Class com.fasterxml.jackson.databind.node.DecimalNode                                 : loaded 2 times (x 197B)
Class com.fasterxml.jackson.databind.DeserializationFeature                           : loaded 2 times (x 80B)
Class ai.grazie.nlp.patterns.Pattern$Exclusion                                        : loaded 2 times (x 89B)
Class ai.grazie.nlp.patterns.standard.LikelyPatterns$ChatTextEmoji$1                  : loaded 2 times (x 91B)
Class ai.grazie.nlp.patterns.standard.LikelyPatterns$IsMention$1$1                    : loaded 2 times (x 91B)
Class org.jsoup.parser.TokeniserState$44                                              : loaded 2 times (x 76B)
Class com.fasterxml.jackson.core.JsonParseException                                   : loaded 2 times (x 90B)
Class com.fasterxml.jackson.databind.deser.Deserializers$Base                         : loaded 2 times (x 89B)
Class com.fasterxml.jackson.databind.ser.std.NumberSerializer$BigDecimalAsStringSerializer: loaded 2 times (x 111B)
Class com.fasterxml.jackson.databind.ser.std.EnumSetSerializer                        : loaded 2 times (x 128B)
Class com.fasterxml.jackson.databind.ser.std.StaticListSerializerBase                 : loaded 2 times (x 119B)
Class com.fasterxml.jackson.databind.cfg.JsonNodeFeature                              : loaded 2 times (x 83B)
Class com.fasterxml.jackson.databind.type.TypeFactory                                 : loaded 2 times (x 131B)
Class com.fasterxml.jackson.core.TreeNode                                             : loaded 2 times (x 66B)
Class kotlin.sequences.TransformingSequence$iterator$1                                : loaded 2 times (x 75B)
Class kotlinx.html.HTMLTag                                                            : loaded 2 times (x 97B)
Class kotlinx.html.PhrasingContent                                                    : loaded 2 times (x 66B)
Class ai.grazie.nlp.tokenizer.Tokenizer$Keys                                          : loaded 2 times (x 67B)
Class [Lorg.jsoup.nodes.Entities$CoreCharset;                                         : loaded 2 times (x 65B)
Class org.jsoup.parser.TokeniserState$45                                              : loaded 2 times (x 76B)
Class org.jsoup.parser.Token$TokenType                                                : loaded 2 times (x 75B)
Class kotlin.sequences.GeneratorSequence$iterator$1                                   : loaded 2 times (x 75B)
Class kotlin.collections.CollectionsKt___CollectionsKt$withIndex$1                    : loaded 2 times (x 75B)
Class [Lcom.fasterxml.jackson.annotation.JsonInclude$Value;                           : loaded 2 times (x 65B)
Class com.fasterxml.jackson.databind.deser.ValueInstantiator$Base                     : loaded 2 times (x 104B)
Class com.fasterxml.jackson.module.kotlin.KotlinModule                                : loaded 2 times (x 98B)
Class com.fasterxml.jackson.databind.introspect.VisibilityChecker$Std                 : loaded 2 times (x 118B)
Class com.fasterxml.jackson.databind.introspect.AnnotatedClassResolver                : loaded 2 times (x 70B)
Class com.fasterxml.jackson.core.sym.ByteQuadsCanonicalizer                           : loaded 2 times (x 68B)
Class com.fasterxml.jackson.core.json.async.NonBlockingByteBufferJsonParser           : loaded 2 times (x 305B)
Class com.fasterxml.jackson.core.ObjectCodec                                          : loaded 2 times (x 88B)
Class kotlin.io.CloseableKt                                                           : loaded 2 times (x 67B)
Class kotlinx.html.TagConsumer                                                        : loaded 2 times (x 66B)
Class kotlin.collections.CollectionsKt__MutableCollectionsKt                          : loaded 2 times (x 67B)
Class ai.grazie.DataHolder$Key                                                        : loaded 2 times (x 67B)
Class org.jsoup.parser.TokeniserState$46                                              : loaded 2 times (x 76B)
Class kotlin.ReplaceWith                                                              : loaded 2 times (x 66B)
Class com.fasterxml.jackson.databind.ObjectWriter                                     : loaded 2 times (x 162B)
Class com.fasterxml.jackson.databind.deser.std.NumberDeserializers$LongDeserializer   : loaded 2 times (x 153B)
Class com.fasterxml.jackson.databind.exc.IgnoredPropertyException                     : loaded 2 times (x 97B)
Class com.fasterxml.jackson.databind.deser.std.NullifyingDeserializer                 : loaded 2 times (x 152B)
Class com.fasterxml.jackson.databind.util.internal.PrivateMaxEntriesMap$WriteThroughEntry: loaded 2 times (x 78B)
Class com.fasterxml.jackson.databind.ser.std.StdKeySerializers                        : loaded 2 times (x 67B)
Class com.fasterxml.jackson.databind.deser.UnresolvedForwardReference                 : loaded 2 times (x 98B)
Class com.fasterxml.jackson.databind.node.JsonNodeCreator                             : loaded 2 times (x 66B)
Class [Lcom.fasterxml.jackson.core.JsonFactory$Feature;                               : loaded 2 times (x 65B)
Class kotlin.io.FilesKt__FilePathComponentsKt                                         : loaded 2 times (x 67B)
Class kotlinx.html.H1                                                                 : loaded 2 times (x 131B)
Class ai.grazie.text.Text                                                             : loaded 2 times (x 81B)
Class kotlinx.html.Unsafe                                                             : loaded 2 times (x 66B)
Class org.jsoup.parser.TokeniserState$47                                              : loaded 2 times (x 76B)
Class org.jsoup.parser.TokeniserState$10                                              : loaded 2 times (x 76B)
Class com.fasterxml.jackson.databind.deser.std.JsonNodeDeserializer$ArrayDeserializer : loaded 2 times (x 159B)
Class com.fasterxml.jackson.annotation.JsonPropertyOrder                              : loaded 2 times (x 66B)
Class com.fasterxml.jackson.databind.ser.impl.StringCollectionSerializer              : loaded 2 times (x 120B)
Class com.fasterxml.jackson.databind.ser.ContainerSerializer                          : loaded 2 times (x 116B)
Class com.fasterxml.jackson.core.JsonGenerator$Feature                                : loaded 2 times (x 75B)
Class com.fasterxml.jackson.databind.introspect.BeanPropertyDefinition                : loaded 2 times (x 105B)
Class com.fasterxml.jackson.databind.jsontype.TypeResolverBuilder                     : loaded 2 times (x 66B)
Class com.fasterxml.jackson.databind.SerializerProvider                               : loaded 2 times (x 145B)
Class org.h2.mvstore.MVMap$BasicBuilder                                               : loaded 2 times (x 83B)
Class org.slf4j.spi.MDCAdapter                                                        : loaded 2 times (x 66B)
Class kotlin.text.CharsKt                                                             : loaded 2 times (x 67B)
Class ai.grazie.nlp.patterns.standard.LikelyPatterns$Chemical$1$1                     : loaded 2 times (x 91B)
Class org.jsoup.parser.TokeniserState$48                                              : loaded 2 times (x 76B)
Class org.jsoup.parser.TokeniserState$11                                              : loaded 2 times (x 76B)
Class kotlin.text.DelimitedRangesSequence$iterator$1                                  : loaded 2 times (x 75B)
Class com.fasterxml.jackson.databind.util.AccessPattern                               : loaded 2 times (x 75B)
Class com.fasterxml.jackson.databind.deser.impl.FailingDeserializer                   : loaded 2 times (x 152B)
Class com.fasterxml.jackson.databind.deser.impl.JDKValueInstantiators$HashSetInstantiator: loaded 2 times (x 104B)
Class com.fasterxml.jackson.databind.util.TokenBuffer$Segment                         : loaded 2 times (x 69B)
Class com.fasterxml.jackson.module.kotlin.KotlinNamesAnnotationIntrospector           : loaded 2 times (x 156B)
Class com.fasterxml.jackson.databind.node.POJONode                                    : loaded 2 times (x 198B)
Class com.fasterxml.jackson.databind.cfg.DefaultCacheProvider                         : loaded 2 times (x 76B)
Class com.fasterxml.jackson.databind.MappingJsonFactory                               : loaded 2 times (x 170B)
Class com.fasterxml.jackson.core.JsonFactory                                          : loaded 2 times (x 170B)
Class ai.grazie.nlp.tokenizer.Tokenizer                                               : loaded 2 times (x 66B)
Class org.jsoup.parser.TokeniserState$49                                              : loaded 2 times (x 76B)
Class org.jsoup.parser.TokeniserState$12                                              : loaded 2 times (x 76B)
Class kotlin.jvm.internal.Ref$IntRef                                                  : loaded 2 times (x 67B)
Class com.fasterxml.jackson.databind.ser.impl.PropertySerializerMap$SerializerAndMapResult: loaded 2 times (x 68B)
Class com.fasterxml.jackson.databind.deser.impl.JDKValueInstantiators$LinkedHashMapInstantiator: loaded 2 times (x 104B)
Class com.fasterxml.jackson.core.JsonLocation                                         : loaded 2 times (x 77B)
Class com.fasterxml.jackson.databind.ser.impl.PropertySerializerMap                   : loaded 2 times (x 69B)
Class com.fasterxml.jackson.databind.introspect.POJOPropertyBuilder                   : loaded 2 times (x 142B)
Class com.fasterxml.jackson.databind.ser.ContextualSerializer                         : loaded 2 times (x 66B)
Class com.fasterxml.jackson.databind.util.internal.PrivateMaxEntriesMap$DrainStatus$1 : loaded 2 times (x 76B)
Class org.h2.mvstore.type.DataType                                                    : loaded 2 times (x 66B)
Class kotlin.coroutines.jvm.internal.DebugMetadata                                    : loaded 2 times (x 66B)
Class kotlinx.html.FlowOrMetaDataOrPhrasingContent                                    : loaded 2 times (x 66B)
Class ai.grazie.nlp.patterns.ext.AbbreviationPatterns                                 : loaded 2 times (x 67B)
Class ai.grazie.utils.CollectionsKt                                                   : loaded 2 times (x 67B)
Class org.jsoup.parser.TokeniserState$13                                              : loaded 2 times (x 76B)
Class org.jsoup.select.Evaluator$ContainsData                                         : loaded 2 times (x 75B)
Class kotlin.DeprecationLevel                                                         : loaded 2 times (x 75B)
Class com.fasterxml.jackson.databind.deser.impl.JDKValueInstantiators$JDKValueInstantiator: loaded 2 times (x 104B)
Class com.fasterxml.jackson.databind.ser.std.NumberSerializers$Base                   : loaded 2 times (x 115B)
Class com.fasterxml.jackson.databind.node.BigIntegerNode                              : loaded 2 times (x 197B)
Class com.fasterxml.jackson.databind.util.internal.PrivateMaxEntriesMap$DrainStatus$2 : loaded 2 times (x 76B)
Class kotlin.collections.ArraysKt___ArraysKt$asSequence$$inlined$Sequence$1           : loaded 2 times (x 71B)
Class com.fasterxml.jackson.core.JsonProcessingException                              : loaded 2 times (x 83B)
Class kotlin.collections.MapsKt__MapsJVMKt                                            : loaded 2 times (x 67B)
Class kotlin.time.DurationUnitKt__DurationUnitJvmKt                                   : loaded 2 times (x 67B)
Class kotlin.collections.EmptyList                                                    : loaded 2 times (x 170B)
Class ai.grazie.nlp.utils.Symbols                                                     : loaded 2 times (x 67B)
Class ai.grazie.nlp.patterns.ext.AbbreviationPatterns$CaseDotVaryingPattern$delegate$1$2: loaded 2 times (x 75B)
Class ai.grazie.nlp.patterns.standard.LikelyPatterns$ChainedName$1$1                  : loaded 2 times (x 91B)
Class ai.grazie.nlp.patterns.standard.LikelyPatterns$CommandLineOption$1              : loaded 2 times (x 91B)
Class org.jsoup.parser.TokeniserState$14                                              : loaded 2 times (x 76B)
Class org.jsoup.parser.HtmlTreeBuilder                                                : loaded 2 times (x 178B)
Class kotlin.collections.builders.ListBuilderKt                                       : loaded 2 times (x 67B)
Class kotlinx.html.BODY                                                               : loaded 2 times (x 117B)
Class [Lcom.fasterxml.jackson.annotation.JacksonAnnotationValue;                      : loaded 2 times (x 65B)
Class com.fasterxml.jackson.module.kotlin.ValueCreator                                : loaded 2 times (x 70B)
Class com.fasterxml.jackson.core.JsonToken                                            : loaded 2 times (x 76B)
Class [Lcom.fasterxml.jackson.core.StreamWriteCapability;                             : loaded 2 times (x 65B)
Class com.fasterxml.jackson.core.io.CharTypes                                         : loaded 2 times (x 67B)
Class com.fasterxml.jackson.core.io.SerializedString                                  : loaded 2 times (x 92B)
Class com.fasterxml.jackson.core.base.GeneratorBase                                   : loaded 2 times (x 218B)
Class com.fasterxml.jackson.databind.util.internal.PrivateMaxEntriesMap$DrainStatus$3 : loaded 2 times (x 76B)
Class ai.grazie.nlp.patterns.ext.AbbreviationPatterns$CaseDotVaryingPattern$delegate$1$3: loaded 2 times (x 92B)
Class ai.grazie.nlp.patterns.standard.LikelyPatterns$IsURL$1                          : loaded 2 times (x 89B)
Class org.jsoup.parser.TokeniserState$15                                              : loaded 2 times (x 76B)
Class com.fasterxml.jackson.databind.deser.impl.BeanPropertyMap                       : loaded 2 times (x 94B)
Class com.fasterxml.jackson.databind.cfg.ConstructorDetector                          : loaded 2 times (x 68B)
Class com.fasterxml.jackson.databind.ext.NioPathSerializer                            : loaded 2 times (x 112B)
Class com.fasterxml.jackson.annotation.PropertyAccessor                               : loaded 2 times (x 75B)
Class com.fasterxml.jackson.module.kotlin.KotlinAnnotationIntrospector                : loaded 2 times (x 156B)
Class com.fasterxml.jackson.databind.deser.KeyDeserializers                           : loaded 2 times (x 66B)
Class org.h2.mvstore.Page$Leaf                                                        : loaded 2 times (x 101B)
Class kotlin.ResultKt                                                                 : loaded 2 times (x 67B)
Class kotlinx.html.HeadingContent                                                     : loaded 2 times (x 66B)
Class ai.grazie.utils.mpp.TextRegex                                                   : loaded 2 times (x 67B)
Class org.jsoup.parser.TokeniserState$16                                              : loaded 2 times (x 76B)
Class kotlin.collections.IndexingIterable                                             : loaded 2 times (x 75B)
Class kotlin.Deprecated                                                               : loaded 2 times (x 66B)
Class com.fasterxml.jackson.databind.deser.BasicDeserializerFactory$1                 : loaded 2 times (x 67B)
Class com.fasterxml.jackson.databind.ser.std.NumberSerializers                        : loaded 2 times (x 67B)
Class com.fasterxml.jackson.databind.deser.std.StdKeyDeserializer                     : loaded 2 times (x 75B)
Class com.fasterxml.jackson.databind.exc.InvalidTypeIdException                       : loaded 2 times (x 96B)
Class com.fasterxml.jackson.core.JsonFactoryBuilder                                   : loaded 2 times (x 129B)
Class com.fasterxml.jackson.databind.util.TokenBuffer                                 : loaded 2 times (x 222B)
Class kotlin.collections.ArraysKt__ArraysKt                                           : loaded 2 times (x 67B)
Class ai.grazie.utils.mpp.Platform                                                    : loaded 2 times (x 75B)
Class ai.grazie.nlp.patterns.Pattern$After                                            : loaded 2 times (x 89B)
Class ai.grazie.nlp.langs.alphabet.Alphabet$Companion                                 : loaded 2 times (x 67B)
Class org.jsoup.parser.TokeniserState$17                                              : loaded 2 times (x 76B)
Class org.jsoup.select.Evaluator$AttributeKeyPair                                     : loaded 2 times (x 75B)
Class com.fasterxml.jackson.databind.deser.impl.CreatorCollector                      : loaded 2 times (x 85B)
Class com.fasterxml.jackson.annotation.JsonIncludeProperties$Value                    : loaded 2 times (x 74B)
Class com.fasterxml.jackson.annotation.JsonIgnore                                     : loaded 2 times (x 66B)
Class com.fasterxml.jackson.databind.ser.impl.StringArraySerializer                   : loaded 2 times (x 125B)
Class com.fasterxml.jackson.databind.ser.impl.IndexedStringListSerializer             : loaded 2 times (x 119B)
Class com.fasterxml.jackson.annotation.JsonBackReference                              : loaded 2 times (x 66B)
Class kotlin.collections.SetsKt__SetsJVMKt                                            : loaded 2 times (x 67B)
Class org.jsoup.select.Collector                                                      : loaded 2 times (x 67B)
Class org.jsoup.parser.TokeniserState$18                                              : loaded 2 times (x 76B)
Class [Lcom.fasterxml.jackson.databind.node.BaseJsonNode;                             : loaded 2 times (x 65B)
Class com.fasterxml.jackson.module.kotlin.ConstructorValueCreator                     : loaded 2 times (x 71B)
Class [Lcom.fasterxml.jackson.annotation.JsonCreator$Mode;                            : loaded 2 times (x 65B)
Class com.fasterxml.jackson.annotation.JsonValue                                      : loaded 2 times (x 66B)
Class com.fasterxml.jackson.module.kotlin.KotlinFeature                               : loaded 2 times (x 76B)
Class com.fasterxml.jackson.databind.deser.BeanDeserializerBase                       : loaded 2 times (x 208B)
Class com.fasterxml.jackson.databind.deser.impl.UnsupportedTypeDeserializer           : loaded 2 times (x 152B)
Class com.fasterxml.jackson.databind.node.ValueNode                                   : loaded 2 times (x 195B)
Class org.slf4j.ILoggerFactory                                                        : loaded 2 times (x 66B)
Class kotlin.internal.ProgressionUtilKt                                               : loaded 2 times (x 67B)
Class ai.grazie.nlp.patterns.standard.LikelyPatterns$IsCommitHash$1                   : loaded 2 times (x 91B)
Class ai.grazie.nlp.patterns.ext.AbbreviationPatterns$All$1                           : loaded 2 times (x 91B)
Class org.jsoup.parser.HtmlTreeBuilderState                                           : loaded 2 times (x 76B)
Class org.jsoup.parser.TokeniserState$19                                              : loaded 2 times (x 76B)
Class com.fasterxml.jackson.databind.deser.impl.CreatorCandidate                      : loaded 2 times (x 68B)
Class com.fasterxml.jackson.module.kotlin.ReflectionCache$BooleanTriState$Empty       : loaded 2 times (x 68B)
Class com.fasterxml.jackson.core.util.InternCache                                     : loaded 2 times (x 183B)
Class com.fasterxml.jackson.databind.deser.SettableBeanProperty                       : loaded 2 times (x 136B)
Class com.fasterxml.jackson.databind.cfg.ContextAttributes$Impl                       : loaded 2 times (x 74B)
Class com.fasterxml.jackson.databind.introspect.SimpleMixInResolver                   : loaded 2 times (x 81B)
Class com.fasterxml.jackson.databind.introspect.AnnotatedMethod                       : loaded 2 times (x 95B)
Class org.h2.mvstore.DataUtils                                                        : loaded 2 times (x 67B)
Class org.slf4j.helpers.ThreadLocalMapOfStacks                                        : loaded 2 times (x 72B)
Class org.jsoup.nodes.Element                                                         : loaded 2 times (x 272B)
Class kotlin.collections.IndexingIterator                                             : loaded 2 times (x 75B)
Class com.fasterxml.jackson.databind.deser.std.ByteBufferDeserializer                 : loaded 2 times (x 154B)
Class com.fasterxml.jackson.annotation.JsonProperty$Access                            : loaded 2 times (x 75B)
Class com.fasterxml.jackson.annotation.JsonRawValue                                   : loaded 2 times (x 66B)
Class com.fasterxml.jackson.databind.introspect.AnnotatedMember                       : loaded 2 times (x 87B)
Class com.fasterxml.jackson.databind.introspect.JacksonAnnotationIntrospector         : loaded 2 times (x 169B)
Class org.h2.mvstore.MVStore$TxCounter                                                : loaded 2 times (x 67B)
Class ai.grazie.nlp.patterns.standard.LikelyPatterns                                  : loaded 2 times (x 67B)
Class org.jsoup.select.Evaluator$AttributeWithValueContaining                         : loaded 2 times (x 75B)
Class com.fasterxml.jackson.databind.deser.BeanDeserializer$BeanReferring             : loaded 2 times (x 73B)
Class com.fasterxml.jackson.databind.deser.impl.JDKValueInstantiators                 : loaded 2 times (x 67B)
Class com.fasterxml.jackson.databind.deser.std.AtomicIntegerDeserializer              : loaded 2 times (x 153B)
Class com.fasterxml.jackson.core.util.VersionUtil                                     : loaded 2 times (x 68B)
Class com.fasterxml.jackson.databind.deser.BeanDeserializer                           : loaded 2 times (x 219B)
Class com.fasterxml.jackson.core.json.async.NonBlockingJsonParserBase                 : loaded 2 times (x 263B)
Class ai.grazie.nlp.patterns.standard.StrictPatterns                                  : loaded 2 times (x 67B)
Class ai.grazie.nlp.patterns.AhoCorasickPattern$TrieNode                              : loaded 2 times (x 68B)
Class org.jsoup.parser.Token$EndTag                                                   : loaded 2 times (x 77B)
Class [Lcom.fasterxml.jackson.databind.node.ContainerNode;                            : loaded 2 times (x 65B)
Class com.fasterxml.jackson.module.kotlin.ArgumentBucket                              : loaded 2 times (x 97B)
Class com.fasterxml.jackson.databind.deser.std.NumberDeserializers                    : loaded 2 times (x 67B)
Class com.fasterxml.jackson.databind.deser.impl.ObjectIdReferenceProperty             : loaded 2 times (x 136B)
Class com.fasterxml.jackson.databind.ext.Java7Handlers                                : loaded 2 times (x 70B)
Class kotlin.annotation.AnnotationTarget                                              : loaded 2 times (x 75B)
Class com.fasterxml.jackson.databind.util.LRUMap                                      : loaded 2 times (x 85B)
Class com.fasterxml.jackson.databind.type.ArrayType                                   : loaded 2 times (x 135B)
Class com.fasterxml.jackson.databind.jsontype.PolymorphicTypeValidator$Base           : loaded 2 times (x 70B)
Class kotlin.jvm.JvmClassMappingKt                                                    : loaded 2 times (x 67B)
Class org.slf4j.spi.SLF4JServiceProvider                                              : loaded 2 times (x 66B)
Class ai.grazie.nlp.tokenizer.NonDestructiveTokenizer                                 : loaded 2 times (x 66B)
Class ai.grazie.nlp.patterns.ext.AbbreviationPatterns$Ukrainian$1$1                   : loaded 2 times (x 91B)
Class org.jsoup.nodes.Entities$EscapeMode                                             : loaded 2 times (x 75B)
Class kotlin.text.StringsKt__StringsKt$splitToSequence$1                              : loaded 2 times (x 75B)
Class [Lcom.fasterxml.jackson.databind.node.JsonNodeCreator;                          : loaded 2 times (x 65B)
Class com.fasterxml.jackson.databind.node.LongNode                                    : loaded 2 times (x 196B)
Class com.fasterxml.jackson.databind.cfg.ConfigFeature                                : loaded 2 times (x 66B)
Class com.fasterxml.jackson.annotation.JsonFormat$Value                               : loaded 2 times (x 93B)
Class com.fasterxml.jackson.databind.util.SimpleBeanPropertyDefinition                : loaded 2 times (x 108B)
Class com.fasterxml.jackson.databind.ser.BasicSerializerFactory                       : loaded 2 times (x 102B)
Class org.h2.store.fs.FileBase                                                        : loaded 2 times (x 125B)
Class org.h2.compress.Compressor                                                      : loaded 2 times (x 66B)
Class kotlin.text.StringsKt__StringsJVMKt                                             : loaded 2 times (x 67B)
Class ai.grazie.nlp.patterns.AhoCorasickPattern$AhoCorasickBuilder                    : loaded 2 times (x 68B)
Class org.jsoup.parser.HtmlTreeBuilderState$1                                         : loaded 2 times (x 76B)
Class org.jsoup.select.Evaluator$IsNthChild                                           : loaded 2 times (x 76B)
Class org.jsoup.select.Evaluator$IndexLessThan                                        : loaded 2 times (x 74B)
Class com.fasterxml.jackson.databind.deser.impl.PropertyValue$Any                     : loaded 2 times (x 69B)
Class com.fasterxml.jackson.annotation.JsonPropertyDescription                        : loaded 2 times (x 66B)
Class com.fasterxml.jackson.module.kotlin.ReflectionCache$Companion                   : loaded 2 times (x 67B)
Class com.fasterxml.jackson.databind.ser.std.CollectionSerializer                     : loaded 2 times (x 128B)
Class com.fasterxml.jackson.core.util.DefaultPrettyPrinter$NopIndenter                : loaded 2 times (x 73B)
Class kotlin.collections.SetsKt                                                       : loaded 2 times (x 67B)
Class kotlin.text.StringsKt__IndentKt                                                 : loaded 2 times (x 67B)
Class kotlin.time.DurationUnit                                                        : loaded 2 times (x 75B)
Class ai.grazie.nlp.langs.alphabet.Alphabet$Group$1                                   : loaded 2 times (x 74B)
Class org.jsoup.parser.HtmlTreeBuilderState$2                                         : loaded 2 times (x 76B)
Class org.jsoup.parser.Token$EOF                                                      : loaded 2 times (x 74B)
Class com.fasterxml.jackson.databind.jsontype.impl.SubTypeValidator                   : loaded 2 times (x 69B)
Class com.fasterxml.jackson.core.Version                                              : loaded 2 times (x 82B)
Class com.fasterxml.jackson.annotation.JsonMerge                                      : loaded 2 times (x 66B)
Class org.h2.mvstore.FileStore                                                        : loaded 2 times (x 129B)
Class org.slf4j.Logger                                                                : loaded 2 times (x 66B)
Class ai.grazie.nlp.patterns.Pattern$Before                                           : loaded 2 times (x 92B)
Class ai.grazie.nlp.langs.alphabet.Alphabet$Group$2                                   : loaded 2 times (x 74B)
Class org.jsoup.nodes.Entities$1                                                      : loaded 2 times (x 67B)
Class org.jsoup.parser.HtmlTreeBuilderState$3                                         : loaded 2 times (x 76B)
Class com.fasterxml.jackson.databind.annotation.JsonAppend                            : loaded 2 times (x 66B)
Class com.fasterxml.jackson.databind.deser.impl.ReadableObjectId$Referring            : loaded 2 times (x 72B)
Class com.fasterxml.jackson.module.kotlin.ReflectionCache$BooleanTriState$Companion   : loaded 2 times (x 67B)
Class com.fasterxml.jackson.databind.exc.InvalidFormatException                       : loaded 2 times (x 95B)
Class [Lcom.fasterxml.jackson.databind.cfg.CoercionInputShape;                        : loaded 2 times (x 65B)
Class com.fasterxml.jackson.core.StreamWriteConstraints                               : loaded 2 times (x 72B)
Class kotlin.collections.MapsKt__MapsKt                                               : loaded 2 times (x 67B)
Class kotlin.time.DurationUnitKt__DurationUnitKt                                      : loaded 2 times (x 67B)
Class ai.grazie.nlp.langs.alphabet.Alphabet$Group$3                                   : loaded 2 times (x 74B)
Class org.jsoup.parser.HtmlTreeBuilderState$4                                         : loaded 2 times (x 76B)
Class org.jsoup.select.StructuralEvaluator                                            : loaded 2 times (x 79B)
Class com.fasterxml.jackson.module.kotlin.KotlinNamesAnnotationIntrospector$findCreatorAnnotation$1$1: loaded 2 times (x 75B)
Class kotlin.jvm.internal.markers.KMutableMap$Entry                                   : loaded 2 times (x 66B)
Class com.fasterxml.jackson.databind.ser.std.BeanSerializerBase                       : loaded 2 times (x 129B)
Class com.fasterxml.jackson.databind.ser.std.TimeZoneSerializer                       : loaded 2 times (x 112B)
Class com.fasterxml.jackson.databind.deser.DefaultDeserializationContext              : loaded 2 times (x 172B)
Class com.fasterxml.jackson.databind.deser.BasicDeserializerFactory                   : loaded 2 times (x 134B)
Class org.slf4j.Marker                                                                : loaded 2 times (x 66B)
Class kotlinx.html.ApiKt                                                              : loaded 2 times (x 67B)
Class ai.grazie.nlp.langs.alphabet.Alphabet$Group$4                                   : loaded 2 times (x 74B)
Class org.jsoup.parser.HtmlTreeBuilderState$5                                         : loaded 2 times (x 76B)
Class org.jsoup.nodes.DataNode                                                        : loaded 2 times (x 149B)
Class kotlin.properties.Delegates                                                     : loaded 2 times (x 67B)
Class [Lcom.fasterxml.jackson.databind.introspect.AnnotatedMember;                    : loaded 2 times (x 65B)
Class com.fasterxml.jackson.databind.exc.PropertyBindingException                     : loaded 2 times (x 97B)
Class kotlin.jvm.internal.ArrayIteratorsKt                                            : loaded 2 times (x 67B)
Class kotlin.Metadata                                                                 : loaded 2 times (x 66B)
Class kotlin.UninitializedPropertyAccessException                                     : loaded 2 times (x 78B)
Class ai.grazie.nlp.patterns.standard.LikelyPatterns$IsIBAN$1$1                       : loaded 2 times (x 91B)
Class ai.grazie.nlp.patterns.LambdaMatchPattern                                       : loaded 2 times (x 71B)
Class [Lai.grazie.nlp.patterns.Pattern;                                               : loaded 2 times (x 65B)
Class ai.grazie.nlp.langs.alphabet.Alphabet$Group$5                                   : loaded 2 times (x 74B)
Class ai.grazie.nlp.langs.LanguageISO$Companion$1                                     : loaded 2 times (x 74B)
Class org.jsoup.parser.HtmlTreeBuilderState$6                                         : loaded 2 times (x 76B)
Class kotlin.sequences.SequencesKt___SequencesKt$filterNotNull$1                      : loaded 2 times (x 74B)
Class com.fasterxml.jackson.databind.type.ClassStack                                  : loaded 2 times (x 68B)
Class com.fasterxml.jackson.databind.ser.Serializers$Base                             : loaded 2 times (x 83B)
Class [Lcom.fasterxml.jackson.core.JsonParser$NumberType;                             : loaded 2 times (x 65B)
Class [Lcom.fasterxml.jackson.annotation.JsonAutoDetect$Visibility;                   : loaded 2 times (x 65B)
Class com.fasterxml.jackson.core.io.UTF8Writer                                        : loaded 2 times (x 96B)
Class com.fasterxml.jackson.databind.JsonNode                                         : loaded 2 times (x 186B)
Class com.fasterxml.jackson.databind.deser.DeserializerFactory                        : loaded 2 times (x 87B)
Class ai.grazie.nlp.langs.alphabet.Alphabet$Group$6                                   : loaded 2 times (x 74B)
Class org.jsoup.parser.HtmlTreeBuilderState$7                                         : loaded 2 times (x 76B)
Class com.fasterxml.jackson.databind.ser.impl.UnwrappingBeanPropertyWriter            : loaded 2 times (x 139B)
Class [Lcom.fasterxml.jackson.annotation.JsonProperty$Access;                         : loaded 2 times (x 65B)
Class com.fasterxml.jackson.core.util.RecyclerPool$WithPool                           : loaded 2 times (x 66B)
Class com.fasterxml.jackson.databind.introspect.AnnotatedWithParams                   : loaded 2 times (x 95B)
Class ai.grazie.nlp.patterns.Pattern$beforeWordBoundary$1                             : loaded 2 times (x 92B)
Class ai.grazie.nlp.langs.alphabet.Alphabet$Group$7                                   : loaded 2 times (x 74B)
Class org.jsoup.parser.HtmlTreeBuilderState$8                                         : loaded 2 times (x 76B)
Class org.jsoup.parser.Token$Tag                                                      : loaded 2 times (x 77B)
Class kotlin.text.StringsKt__IndentKt$getIndentFunction$1                             : loaded 2 times (x 74B)
Class com.fasterxml.jackson.databind.util.BeanUtil                                    : loaded 2 times (x 67B)
Class com.fasterxml.jackson.databind.introspect.AnnotationMap                         : loaded 2 times (x 74B)
Class com.fasterxml.jackson.core.util.Separators                                      : loaded 2 times (x 86B)
Class com.fasterxml.jackson.core.util.JsonRecyclerPools                               : loaded 2 times (x 67B)
Class com.fasterxml.jackson.databind.JsonSerializable$Base                            : loaded 2 times (x 74B)
Class com.fasterxml.jackson.databind.ser.BeanSerializerFactory                        : loaded 2 times (x 124B)
Class org.h2.mvstore.Page                                                             : loaded 2 times (x 98B)
Class org.h2.store.fs.FilePath                                                        : loaded 2 times (x 91B)
Class org.h2.mvstore.FreeSpaceBitSet                                                  : loaded 2 times (x 82B)
Class ai.grazie.nlp.patterns.standard.LikelyPatterns$IsEmail$1                        : loaded 2 times (x 91B)
Class ai.grazie.nlp.langs.Language$Companion$all$2                                    : loaded 2 times (x 74B)
Class ai.grazie.nlp.langs.alphabet.Alphabet$Group$8                                   : loaded 2 times (x 74B)
Class org.jsoup.parser.HtmlTreeBuilderState$9                                         : loaded 2 times (x 76B)
Class org.jsoup.select.Evaluator$AttributeWithValueNot                                : loaded 2 times (x 75B)
Class kotlin.text.Regex$findAll$1                                                     : loaded 2 times (x 75B)
Class com.fasterxml.jackson.databind.deser.impl.PropertyValue                         : loaded 2 times (x 69B)
Class com.fasterxml.jackson.annotation.JacksonAnnotationsInside                       : loaded 2 times (x 66B)
Class com.fasterxml.jackson.core.exc.InputCoercionException                           : loaded 2 times (x 92B)
Class [Lkotlin.jvm.internal.markers.KMappedMarker;                                    : loaded 2 times (x 65B)
Class com.fasterxml.jackson.databind.ser.std.ObjectArraySerializer                    : loaded 2 times (x 129B)
Class [Lcom.fasterxml.jackson.core.util.Separators$Spacing;                           : loaded 2 times (x 65B)
Class com.fasterxml.jackson.core.async.ByteBufferFeeder                               : loaded 2 times (x 66B)
Class com.fasterxml.jackson.databind.type.TypeBase                                    : loaded 2 times (x 135B)
Class kotlin.text.RegexKt                                                             : loaded 2 times (x 67B)
Class com.fasterxml.jackson.core.TokenStreamFactory                                   : loaded 2 times (x 115B)
Class org.h2.store.fs.FilePathWrapper                                                 : loaded 2 times (x 96B)
Class org.slf4j.event.LoggingEvent                                                    : loaded 2 times (x 66B)
Class kotlin.coroutines.intrinsics.IntrinsicsKt__IntrinsicsKt                         : loaded 2 times (x 67B)
Class ai.grazie.utils.mpp.Platform$Companion                                          : loaded 2 times (x 67B)
Class ai.grazie.utils.json.JSON$Companion                                             : loaded 2 times (x 67B)
Class org.jsoup.select.NodeTraversor                                                  : loaded 2 times (x 67B)
Class org.jsoup.select.NodeVisitor                                                    : loaded 2 times (x 66B)
Class org.jsoup.parser.TokeniserState                                                 : loaded 2 times (x 76B)
Class org.jsoup.select.Evaluator$IsNthOfType                                          : loaded 2 times (x 76B)
Class org.jsoup.parser.Token                                                          : loaded 2 times (x 74B)
Class kotlin.text.Regex$findAll$2                                                     : loaded 2 times (x 121B)
Class com.fasterxml.jackson.databind.introspect.POJOPropertyBuilder$1                 : loaded 2 times (x 73B)
Class com.fasterxml.jackson.databind.util.TokenBufferReadContext                      : loaded 2 times (x 85B)
Class com.fasterxml.jackson.module.kotlin.KotlinInstantiators                         : loaded 2 times (x 71B)
Class com.fasterxml.jackson.databind.cfg.SerializerFactoryConfig                      : loaded 2 times (x 68B)
Class com.fasterxml.jackson.core.JsonParser$NumberType                                : loaded 2 times (x 75B)
Class com.fasterxml.jackson.databind.ser.std.SerializableSerializer                   : loaded 2 times (x 112B)
Class com.fasterxml.jackson.databind.ser.impl.FailingSerializer                       : loaded 2 times (x 110B)
Class com.fasterxml.jackson.databind.cfg.CoercionConfig                               : loaded 2 times (x 70B)
Class [Lcom.fasterxml.jackson.annotation.JsonInclude$Include;                         : loaded 2 times (x 65B)
Class com.fasterxml.jackson.databind.ser.DefaultSerializerProvider$Impl               : loaded 2 times (x 159B)
Class org.slf4j.helpers.LegacyAbstractLogger                                          : loaded 2 times (x 211B)
Class kotlin.io.FilesKt__UtilsKt                                                      : loaded 2 times (x 67B)
Class kotlin.collections.CollectionsKt__CollectionsJVMKt                              : loaded 2 times (x 67B)
Class kotlin.collections.IndexedValue                                                 : loaded 2 times (x 68B)
Class org.jsoup.parser.TokeniserState$50                                              : loaded 2 times (x 76B)
Class org.jsoup.parser.TokeniserState$1                                               : loaded 2 times (x 76B)
Class org.jsoup.nodes.Document$OutputSettings$Syntax                                  : loaded 2 times (x 75B)
Class org.jsoup.select.Evaluator$IsNthLastChild                                       : loaded 2 times (x 76B)
Class org.jsoup.select.Evaluator$MatchText                                            : loaded 2 times (x 74B)
Class com.fasterxml.jackson.databind.introspect.POJOPropertyBuilder$2                 : loaded 2 times (x 73B)
Class com.fasterxml.jackson.annotation.JsonGetter                                     : loaded 2 times (x 66B)
Class com.fasterxml.jackson.databind.ser.std.NumberSerializers$LongSerializer         : loaded 2 times (x 115B)
Class com.fasterxml.jackson.databind.exc.UnrecognizedPropertyException                : loaded 2 times (x 97B)
Class com.fasterxml.jackson.databind.introspect.Annotated                             : loaded 2 times (x 78B)
Class com.fasterxml.jackson.core.JsonParser                                           : loaded 2 times (x 194B)
Class kotlin.sequences.SequencesKt                                                    : loaded 2 times (x 67B)
Class kotlin.ranges.CharProgression$Companion                                         : loaded 2 times (x 67B)
Class kotlin.collections.CollectionsKt__IteratorsKt                                   : loaded 2 times (x 67B)
Class org.jsoup.parser.TokeniserState$51                                              : loaded 2 times (x 76B)
Class org.jsoup.parser.TokeniserState$2                                               : loaded 2 times (x 76B)
Class com.fasterxml.jackson.databind.introspect.POJOPropertyBuilder$3                 : loaded 2 times (x 73B)
Class com.fasterxml.jackson.databind.annotation.JsonValueInstantiator                 : loaded 2 times (x 66B)
Class com.fasterxml.jackson.databind.introspect.MemberKey                             : loaded 2 times (x 68B)
Class com.fasterxml.jackson.databind.deser.std.StdKeyDeserializers                    : loaded 2 times (x 71B)
Class com.fasterxml.jackson.databind.util.StdDateFormat                               : loaded 2 times (x 104B)
Class com.fasterxml.jackson.databind.ObjectMapper                                     : loaded 2 times (x 332B)
Class kotlinx.html.CommonAttributeGroupFacadeFlowHeadingPhrasingContent               : loaded 2 times (x 66B)
Class kotlinx.html.FlowContent                                                        : loaded 2 times (x 66B)
Class kotlin.text.StringsKt                                                           : loaded 2 times (x 67B)
Class ai.grazie.nlp.langs.LanguageISO                                                 : loaded 2 times (x 75B)
Class org.jsoup.parser.TokeniserState$52                                              : loaded 2 times (x 76B)
Class org.jsoup.parser.TokeniserState$3                                               : loaded 2 times (x 76B)
Class org.jsoup.parser.Tokeniser                                                      : loaded 2 times (x 68B)
Class org.jsoup.select.Evaluator$IsLastChild                                          : loaded 2 times (x 74B)
Class org.jsoup.select.Evaluator$ContainsOwnText                                      : loaded 2 times (x 75B)
Class org.jsoup.nodes.FormElement                                                     : loaded 2 times (x 277B)
Class com.fasterxml.jackson.databind.introspect.POJOPropertyBuilder$4                 : loaded 2 times (x 73B)
Class [Lcom.fasterxml.jackson.databind.util.Named;                                    : loaded 2 times (x 65B)
Class com.fasterxml.jackson.databind.ext.NioPathDeserializer                          : loaded 2 times (x 153B)
Class com.fasterxml.jackson.databind.deser.std.JsonNodeDeserializer$ObjectDeserializer: loaded 2 times (x 159B)
Class com.fasterxml.jackson.databind.annotation.JsonTypeResolver                      : loaded 2 times (x 66B)
Class com.fasterxml.jackson.core.StreamWriteCapability                                : loaded 2 times (x 80B)
Class com.fasterxml.jackson.core.exc.StreamReadException                              : loaded 2 times (x 88B)
Class com.fasterxml.jackson.databind.ser.std.IterableSerializer                       : loaded 2 times (x 127B)
Class com.fasterxml.jackson.databind.cfg.MapperConfig                                 : loaded 2 times (x 114B)
Class com.fasterxml.jackson.core.util.JacksonFeature                                  : loaded 2 times (x 66B)
Class com.fasterxml.jackson.databind.introspect.DefaultAccessorNamingStrategy$Provider: loaded 2 times (x 77B)
Class org.slf4j.helpers.NOPMDCAdapter                                                 : loaded 2 times (x 89B)
Class kotlinx.html.HtmlBlockTag                                                       : loaded 2 times (x 66B)
Class kotlin.LazyKt__LazyJVMKt                                                        : loaded 2 times (x 67B)
Class ai.grazie.nlp.patterns.ext.AbbreviationPatterns$UpperCaseSequence$1             : loaded 2 times (x 91B)
Class [Lai.grazie.nlp.patterns.AhoCorasickPattern$AhoCorasickBuilder$AutomataBuilderNode;: loaded 2 times (x 65B)
Class org.jsoup.parser.TokeniserState$53                                              : loaded 2 times (x 76B)
Class org.jsoup.parser.TokeniserState$4                                               : loaded 2 times (x 76B)
Class org.jsoup.nodes.Entities                                                        : loaded 2 times (x 67B)
Class kotlin.jvm.internal.markers.KMutableList                                        : loaded 2 times (x 66B)
Class com.fasterxml.jackson.databind.deser.BuilderBasedDeserializer                   : loaded 2 times (x 215B)
Class com.fasterxml.jackson.databind.introspect.POJOPropertyBuilder$5                 : loaded 2 times (x 73B)
Class [Lcom.fasterxml.jackson.annotation.PropertyAccessor;                            : loaded 2 times (x 65B)
Class com.fasterxml.jackson.databind.util.internal.PrivateMaxEntriesMap$Node          : loaded 2 times (x 74B)
Class com.fasterxml.jackson.databind.deser.std.StdDeserializer                        : loaded 2 times (x 152B)
Class com.fasterxml.jackson.databind.node.TreeTraversingParser                        : loaded 2 times (x 219B)
Class com.fasterxml.jackson.databind.deser.DefaultDeserializationContext$Impl         : loaded 2 times (x 172B)
Class kotlin.text.MatchNamedGroupCollection                                           : loaded 2 times (x 66B)
Class org.slf4j.spi.LoggingEventBuilder                                               : loaded 2 times (x 66B)
Class org.slf4j.helpers.NOPLoggerFactory                                              : loaded 2 times (x 71B)
Class kotlin.io.FilesKt__FileReadWriteKt                                              : loaded 2 times (x 67B)
Class kotlin.text.StringsKt__StringNumberConversionsKt                                : loaded 2 times (x 67B)
Class org.jsoup.parser.TokeniserState$54                                              : loaded 2 times (x 76B)
Class org.jsoup.parser.TokeniserState$5                                               : loaded 2 times (x 76B)
Class org.jsoup.select.Selector                                                       : loaded 2 times (x 67B)
Class com.fasterxml.jackson.databind.introspect.POJOPropertyBuilder$6                 : loaded 2 times (x 67B)
Class com.fasterxml.jackson.annotation.JsonAutoDetect$1                               : loaded 2 times (x 67B)
Class com.fasterxml.jackson.databind.ser.BeanSerializerModifier                       : loaded 2 times (x 78B)
Class com.fasterxml.jackson.databind.deser.impl.MethodProperty                        : loaded 2 times (x 137B)
Class [Lcom.fasterxml.jackson.databind.type.LogicalType;                              : loaded 2 times (x 65B)
Class com.fasterxml.jackson.core.base.ParserBase                                      : loaded 2 times (x 257B)
Class ai.grazie.nlp.patterns.standard.LikelyPatterns$IsRebusAbbreviation$1            : loaded 2 times (x 91B)
Class org.jsoup.parser.TokeniserState$55                                              : loaded 2 times (x 76B)
Class org.jsoup.parser.TokeniserState$6                                               : loaded 2 times (x 76B)
Class org.jsoup.select.Evaluator$IsEmpty                                              : loaded 2 times (x 74B)
Class com.fasterxml.jackson.databind.introspect.AnnotationCollector$NCollector        : loaded 2 times (x 73B)
Class com.fasterxml.jackson.annotation.JsonFilter                                     : loaded 2 times (x 66B)
Class com.fasterxml.jackson.databind.JsonSerializer$None                              : loaded 2 times (x 84B)
Class com.fasterxml.jackson.module.kotlin.KotlinModule$WhenMappings                   : loaded 2 times (x 67B)
Class com.fasterxml.jackson.databind.ser.std.StringSerializer                         : loaded 2 times (x 110B)
Class com.fasterxml.jackson.databind.deser.impl.PropertyBasedObjectIdGenerator        : loaded 2 times (x 76B)
Class kotlin.jvm.internal.Ref$LongRef                                                 : loaded 2 times (x 67B)
Class com.fasterxml.jackson.databind.jsontype.SubtypeResolver                         : loaded 2 times (x 77B)
Class org.h2.mvstore.cache.FilePathCache$FileCache                                    : loaded 2 times (x 125B)
Class [Lorg.h2.mvstore.cache.CacheLongKeyLIRS$Entry;                                  : loaded 2 times (x 65B)
Class org.h2.mvstore.cache.CacheLongKeyLIRS                                           : loaded 2 times (x 96B)
Class com.intellij.platform.core.nio.fs.CoreBootstrapSecurityManager                  : loaded 2 times (x 98B)
Class com.intellij.platform.core.nio.fs.DelegatingFileSystemProvider                  : loaded 2 times (x 104B)
Class ai.grazie.nlp.patterns.standard.LikelyPatterns$IsFilePath$1$1                   : loaded 2 times (x 91B)
Class org.jsoup.parser.TokeniserState$56                                              : loaded 2 times (x 76B)
Class org.jsoup.parser.TokeniserState$7                                               : loaded 2 times (x 76B)
Class com.fasterxml.jackson.databind.ser.BeanSerializerBuilder                        : loaded 2 times (x 86B)
Class [Lcom.fasterxml.jackson.databind.introspect.BeanPropertyDefinition;             : loaded 2 times (x 65B)
Class com.fasterxml.jackson.module.kotlin.KotlinNamesAnnotationIntrospectorKt         : loaded 2 times (x 67B)
Class [Lcom.fasterxml.jackson.annotation.JsonFormat$Feature;                          : loaded 2 times (x 65B)
Class com.fasterxml.jackson.module.kotlin.InternalCommonsKt$defaultConstructorMarker$2: loaded 2 times (x 74B)
Class com.fasterxml.jackson.databind.ser.Serializers                                  : loaded 2 times (x 66B)
Class com.fasterxml.jackson.core.util.DefaultPrettyPrinter                            : loaded 2 times (x 105B)
Class com.fasterxml.jackson.core.Base64Variants                                       : loaded 2 times (x 67B)
Class com.fasterxml.jackson.core.Versioned                                            : loaded 2 times (x 66B)
Class kotlin.collections.AbstractList$IteratorImpl                                    : loaded 2 times (x 78B)
Class org.jsoup.parser.TokeniserState$57                                              : loaded 2 times (x 76B)
Class org.jsoup.parser.TokeniserState$20                                              : loaded 2 times (x 76B)
Class org.jsoup.parser.TokeniserState$8                                               : loaded 2 times (x 76B)
Class org.jsoup.select.Selector$SelectorParseException                                : loaded 2 times (x 78B)
Class com.fasterxml.jackson.databind.deser.std.NumberDeserializers$FloatDeserializer  : loaded 2 times (x 154B)
Class com.fasterxml.jackson.databind.deser.impl.ManagedReferenceProperty              : loaded 2 times (x 140B)
Class com.fasterxml.jackson.databind.deser.impl.NullsConstantProvider                 : loaded 2 times (x 76B)
Class com.fasterxml.jackson.annotation.JsonCreator                                    : loaded 2 times (x 66B)
Class com.fasterxml.jackson.databind.ser.impl.PropertySerializerMap$Empty             : loaded 2 times (x 69B)
Class com.fasterxml.jackson.databind.introspect.NopAnnotationIntrospector$1           : loaded 2 times (x 155B)
Class com.fasterxml.jackson.databind.deser.std.EnumDeserializer                       : loaded 2 times (x 166B)
Class [Lcom.fasterxml.jackson.annotation.JsonFormat$Shape;                            : loaded 2 times (x 65B)
Class com.fasterxml.jackson.core.sym.CharsToNameCanonicalizer$TableInfo               : loaded 2 times (x 68B)
Class com.fasterxml.jackson.databind.util.internal.Linked                             : loaded 2 times (x 66B)
Class com.fasterxml.jackson.databind.ser.BeanPropertyWriter                           : loaded 2 times (x 137B)
Class com.fasterxml.jackson.databind.ser.PropertyWriter                               : loaded 2 times (x 108B)
Class com.fasterxml.jackson.databind.type.CollectionType                              : loaded 2 times (x 141B)
Class [Lorg.h2.mvstore.Page$PageReference;                                            : loaded 2 times (x 65B)
Class kotlin.jvm.internal.markers.KMutableMap                                         : loaded 2 times (x 66B)
Class kotlinx.html.consumers.Delayed_consumerKt                                       : loaded 2 times (x 67B)
Class org.jsoup.parser.TokeniserState$58                                              : loaded 2 times (x 76B)
Class org.jsoup.parser.TokeniserState$21                                              : loaded 2 times (x 76B)
Class org.jsoup.parser.TokeniserState$9                                               : loaded 2 times (x 76B)
Class [Lorg.jsoup.select.Evaluator;                                                   : loaded 2 times (x 65B)
Class org.jsoup.select.CombiningEvaluator                                             : loaded 2 times (x 78B)
Class com.fasterxml.jackson.databind.deser.std.NumberDeserializers$DoubleDeserializer : loaded 2 times (x 155B)
Class com.fasterxml.jackson.module.kotlin.ReflectionCache$BooleanTriState             : loaded 2 times (x 68B)
Class com.fasterxml.jackson.databind.ser.impl.ReadOnlyClassToSerializerMap            : loaded 2 times (x 68B)
Class com.fasterxml.jackson.module.kotlin.KotlinFeature$Companion                     : loaded 2 times (x 67B)
Class [Lcom.fasterxml.jackson.databind.deser.ValueInstantiators;                      : loaded 2 times (x 65B)
Class [Lcom.fasterxml.jackson.databind.DeserializationFeature;                        : loaded 2 times (x 65B)
Class com.fasterxml.jackson.core.exc.StreamConstraintsException                       : loaded 2 times (x 83B)
Class com.fasterxml.jackson.core.io.DataOutputAsStream                                : loaded 2 times (x 82B)
Class org.slf4j.helpers.SubstituteLoggerFactory                                       : loaded 2 times (x 77B)
Class kotlin.enums.EnumEntries                                                        : loaded 2 times (x 66B)
Class ai.grazie.nlp.patterns.ext.AbbreviationPatterns$CaseDotVaryingPattern$delegate$lambda$9$$inlined$sortedBy$1: loaded 2 times (x 85B)
Class ai.grazie.nlp.patterns.standard.LikelyPatterns$IsEncodedBinary$1                : loaded 2 times (x 74B)
Class kotlin.jvm.internal.markers.KMutableListIterator                                : loaded 2 times (x 66B)
Class org.jsoup.nodes.NodeUtils                                                       : loaded 2 times (x 67B)
Class [Lorg.jsoup.parser.TokeniserState;                                              : loaded 2 times (x 65B)
Class org.jsoup.parser.TokeniserState$59                                              : loaded 2 times (x 76B)
Class org.jsoup.parser.TokeniserState$22                                              : loaded 2 times (x 76B)
Class [Lcom.fasterxml.jackson.module.kotlin.SingletonSupport;                         : loaded 2 times (x 65B)
Class com.fasterxml.jackson.annotation.ObjectIdGenerators$PropertyGenerator           : loaded 2 times (x 76B)
Class com.fasterxml.jackson.databind.jsonFormatVisitors.JsonFormatVisitable           : loaded 2 times (x 66B)
Class com.fasterxml.jackson.core.util.DefaultPrettyPrinter$FixedSpaceIndenter         : loaded 2 times (x 73B)
Class com.fasterxml.jackson.core.json.UTF8DataInputJsonParser                         : loaded 2 times (x 272B)
Class com.fasterxml.jackson.core.type.ResolvedType                                    : loaded 2 times (x 90B)
Class com.fasterxml.jackson.databind.ser.DefaultSerializerProvider                    : loaded 2 times (x 159B)
Class com.fasterxml.jackson.core.JacksonException                                     : loaded 2 times (x 81B)
Class ai.grazie.nlp.langs.alphabet.RegexAlphabet                                      : loaded 2 times (x 72B)
Class org.jsoup.parser.TokeniserState$23                                              : loaded 2 times (x 76B)
Class org.jsoup.parser.CharacterReader                                                : loaded 2 times (x 71B)
Class com.fasterxml.jackson.databind.deser.impl.PropertyValue$Map                     : loaded 2 times (x 69B)
Class [Lcom.fasterxml.jackson.databind.ser.impl.ReadOnlyClassToSerializerMap$Bucket;  : loaded 2 times (x 65B)
Class com.fasterxml.jackson.databind.util.ArrayBuilders                               : loaded 2 times (x 68B)
Class com.fasterxml.jackson.databind.ser.impl.IndexedListSerializer                   : loaded 2 times (x 123B)
Class com.fasterxml.jackson.annotation.ObjectIdGenerators$Base                        : loaded 2 times (x 76B)
Class com.fasterxml.jackson.databind.deser.std.ContainerDeserializerBase              : loaded 2 times (x 157B)
Class com.fasterxml.jackson.core.json.ReaderBasedJsonParser                           : loaded 2 times (x 274B)
Class kotlinx.html.Tag$DefaultImpls                                                   : loaded 2 times (x 67B)
Class ai.grazie.utils.json.JSON                                                       : loaded 2 times (x 68B)
Class org.jsoup.parser.TokeniserState$24                                              : loaded 2 times (x 76B)
Class org.jsoup.select.Evaluator$IndexEquals                                          : loaded 2 times (x 74B)
Class com.fasterxml.jackson.databind.util.internal.PrivateMaxEntriesMap$EntryIterator : loaded 2 times (x 75B)
Class com.fasterxml.jackson.module.kotlin.InternalCommonsKt                           : loaded 2 times (x 67B)
Class com.fasterxml.jackson.databind.deser.std.StringDeserializer                     : loaded 2 times (x 154B)
Class com.fasterxml.jackson.databind.deser.std.EnumMapDeserializer                    : loaded 2 times (x 170B)
Class com.fasterxml.jackson.databind.cfg.MapperConfigBase                             : loaded 2 times (x 129B)
Class com.fasterxml.jackson.core.sym.CharsToNameCanonicalizer                         : loaded 2 times (x 68B)
Class com.fasterxml.jackson.databind.util.internal.PrivateMaxEntriesMap               : loaded 2 times (x 144B)
Class kotlin.sequences.EmptySequence                                                  : loaded 2 times (x 74B)
Class org.jsoup.parser.TokeniserState$25                                              : loaded 2 times (x 76B)
Class com.fasterxml.jackson.annotation.JsonSetter                                     : loaded 2 times (x 66B)
Class com.fasterxml.jackson.databind.ser.std.ClassSerializer                          : loaded 2 times (x 111B)
Class [Lcom.fasterxml.jackson.databind.cfg.EnumFeature;                               : loaded 2 times (x 65B)
Class com.fasterxml.jackson.annotation.JacksonAnnotationValue                         : loaded 2 times (x 66B)
Class org.jsoup.parser.TokeniserState$26                                              : loaded 2 times (x 76B)
Class org.jsoup.select.Evaluator$IsFirstOfType                                        : loaded 2 times (x 76B)
Class org.jsoup.nodes.TextNode                                                        : loaded 2 times (x 152B)
Class org.jsoup.parser.Parser                                                         : loaded 2 times (x 85B)
Class com.fasterxml.jackson.databind.deser.std.AtomicBooleanDeserializer              : loaded 2 times (x 153B)
Class com.fasterxml.jackson.annotation.JsonIdentityInfo                               : loaded 2 times (x 66B)
Class com.fasterxml.jackson.databind.module.SimpleAbstractTypeResolver                : loaded 2 times (x 72B)
Class com.fasterxml.jackson.databind.ser.BeanSerializer                               : loaded 2 times (x 129B)
Class com.fasterxml.jackson.databind.introspect.AnnotationCollector$NoAnnotations     : loaded 2 times (x 77B)
Class com.fasterxml.jackson.core.TSFBuilder                                           : loaded 2 times (x 109B)
Class com.fasterxml.jackson.core.Base64Variant                                        : loaded 2 times (x 68B)
Class [Lcom.fasterxml.jackson.databind.util.ClassUtil$Ctor;                           : loaded 2 times (x 65B)
Class com.fasterxml.jackson.annotation.JsonManagedReference                           : loaded 2 times (x 66B)
Class kotlin.UnsafeLazyImpl                                                           : loaded 2 times (x 72B)
Class kotlin.LazyKt__LazyJVMKt$WhenMappings                                           : loaded 2 times (x 67B)
Class ai.grazie.nlp.patterns.AggregatedPattern                                        : loaded 2 times (x 91B)
Class org.jsoup.parser.TokeniserState$27                                              : loaded 2 times (x 76B)
Class org.jsoup.select.Evaluator$AttributeWithValueMatching                           : loaded 2 times (x 75B)
Class com.fasterxml.jackson.databind.annotation.JsonNaming                            : loaded 2 times (x 66B)
Class com.fasterxml.jackson.annotation.JsonKey                                        : loaded 2 times (x 66B)
Class com.fasterxml.jackson.databind.introspect.CollectorBase                         : loaded 2 times (x 68B)
Class com.fasterxml.jackson.core.JsonStreamContext                                    : loaded 2 times (x 79B)
Class com.fasterxml.jackson.module.kotlin.KotlinModule$Companion                      : loaded 2 times (x 67B)
Class com.fasterxml.jackson.databind.cfg.DeserializerFactoryConfig                    : loaded 2 times (x 83B)
Class com.fasterxml.jackson.core.JsonParser$Feature                                   : loaded 2 times (x 75B)
Class com.fasterxml.jackson.core.util.BufferRecycler$Gettable                         : loaded 2 times (x 66B)
Class kotlin.jvm.internal.ArrayIterator                                               : loaded 2 times (x 75B)
Class kotlin.LazyThreadSafetyMode                                                     : loaded 2 times (x 75B)
Class kotlinx.html.FlowOrInteractiveContent                                           : loaded 2 times (x 66B)
Class ai.grazie.utils.mpp.PlatformKt$WhenMappings                                     : loaded 2 times (x 67B)
Class ai.grazie.nlp.patterns.ext.AbbreviationPatterns$latinSIUnits$1                  : loaded 2 times (x 91B)
Class org.jsoup.parser.TokeniserState$28                                              : loaded 2 times (x 76B)
Class [Lorg.jsoup.nodes.Entities$EscapeMode;                                          : loaded 2 times (x 65B)
Class org.jsoup.nodes.Document$OutputSettings                                         : loaded 2 times (x 84B)
Class org.jsoup.select.Evaluator$IndexGreaterThan                                     : loaded 2 times (x 74B)
Class org.jsoup.select.Evaluator$IndexEvaluator                                       : loaded 2 times (x 74B)
Class com.fasterxml.jackson.databind.deser.std.NumberDeserializers$ByteDeserializer   : loaded 2 times (x 155B)
Class com.fasterxml.jackson.databind.introspect.POJOPropertyBuilder$Linked            : loaded 2 times (x 68B)
Class com.fasterxml.jackson.databind.introspect.TypeResolutionContext$Basic           : loaded 2 times (x 72B)
Class com.fasterxml.jackson.databind.introspect.AnnotatedFieldCollector               : loaded 2 times (x 70B)
Class com.fasterxml.jackson.databind.type.TypeBindings$TypeParamStash                 : loaded 2 times (x 67B)
Class com.fasterxml.jackson.core.ErrorReportConfiguration                             : loaded 2 times (x 70B)
Class com.fasterxml.jackson.databind.type.MapType                                     : loaded 2 times (x 144B)
Class com.fasterxml.jackson.core.io.SegmentedStringWriter                             : loaded 2 times (x 98B)
Class [Lorg.h2.mvstore.Chunk;                                                         : loaded 2 times (x 65B)
Class org.slf4j.LoggerFactory                                                         : loaded 2 times (x 67B)
Class kotlinx.html.CommonAttributeGroupFacadeFlowHeadingContent                       : loaded 2 times (x 66B)
Class kotlin.text.StringsKt__RegexExtensionsKt                                        : loaded 2 times (x 67B)
Class kotlin.SynchronizedLazyImpl                                                     : loaded 2 times (x 72B)
Class kotlin.collections.EmptyIterator                                                : loaded 2 times (x 85B)
Class org.jsoup.parser.TokeniserState$29                                              : loaded 2 times (x 76B)
Class com.fasterxml.jackson.databind.ser.std.StdKeySerializer                         : loaded 2 times (x 110B)
Class com.fasterxml.jackson.databind.introspect.AnnotatedMethodCollector              : loaded 2 times (x 71B)
Class com.fasterxml.jackson.core.util.JacksonFeatureSet                               : loaded 2 times (x 67B)
Class com.fasterxml.jackson.databind.ser.std.NumberSerializers$ShortSerializer        : loaded 2 times (x 115B)
Class com.fasterxml.jackson.databind.deser.ValueInstantiators                         : loaded 2 times (x 66B)
Class com.fasterxml.jackson.databind.deser.ContextualDeserializer                     : loaded 2 times (x 66B)
Class com.fasterxml.jackson.databind.deser.impl.TypeWrappedDeserializer               : loaded 2 times (x 94B)
Class com.fasterxml.jackson.databind.node.NumericNode                                 : loaded 2 times (x 196B)
Class com.fasterxml.jackson.databind.type.LogicalType                                 : loaded 2 times (x 75B)
Class com.fasterxml.jackson.databind.cfg.CacheProvider                                : loaded 2 times (x 66B)
Class com.fasterxml.jackson.databind.JsonSerializable                                 : loaded 2 times (x 66B)
Class kotlin.sequences.SequencesKt__SequencesJVMKt                                    : loaded 2 times (x 67B)
Class org.h2.mvstore.SFChunk                                                          : loaded 2 times (x 83B)
Class kotlin.collections.AbstractList                                                 : loaded 2 times (x 193B)
Class kotlin.collections.AbstractCollection                                           : loaded 2 times (x 113B)
Class ai.grazie.nlp.patterns.Pattern$before$1                                         : loaded 2 times (x 92B)
Class ai.grazie.utils.CollectionFactory                                               : loaded 2 times (x 67B)
Class ai.grazie.utils.mpp.Resources                                                   : loaded 2 times (x 67B)
Class ai.grazie.utils.mpp.StreamDataLoader                                            : loaded 2 times (x 66B)
Class org.jsoup.select.Evaluator$MatchesWholeOwnText                                  : loaded 2 times (x 75B)
Class org.jsoup.select.Evaluator$MatchesOwn                                           : loaded 2 times (x 75B)
Class org.jsoup.parser.ParseErrorList                                                 : loaded 2 times (x 207B)
Class kotlin.collections.ArrayAsCollection                                            : loaded 2 times (x 101B)
Class [Lcom.fasterxml.jackson.databind.JsonNode;                                      : loaded 2 times (x 65B)
Class com.fasterxml.jackson.databind.deser.SettableBeanProperty$Delegating            : loaded 2 times (x 139B)
Class com.fasterxml.jackson.databind.deser.std.FromStringDeserializer                 : loaded 2 times (x 158B)
Class com.fasterxml.jackson.databind.introspect.AnnotationCollector$OneCollector      : loaded 2 times (x 73B)
Class com.fasterxml.jackson.databind.ser.std.ToEmptyObjectSerializer                  : loaded 2 times (x 110B)
Class [Lcom.fasterxml.jackson.databind.SerializationFeature;                          : loaded 2 times (x 65B)
Class com.fasterxml.jackson.databind.type.ResolvedRecursiveType                       : loaded 2 times (x 137B)
Class com.fasterxml.jackson.databind.util.ClassUtil$Ctor                              : loaded 2 times (x 68B)
Class kotlin.text.Regex                                                               : loaded 2 times (x 68B)
Class org.h2.mvstore.Page$PageReference                                               : loaded 2 times (x 68B)
Class kotlin.text.StringsKt__StringBuilderJVMKt                                       : loaded 2 times (x 67B)
Class kotlin.LazyKt__LazyKt                                                           : loaded 2 times (x 67B)
Class ai.grazie.nlp.patterns.standard.LikelyPatterns$GeneratedId$1                    : loaded 2 times (x 91B)
Class ai.grazie.nlp.langs.alphabet.Alphabet$Group$Companion                           : loaded 2 times (x 67B)
Class [Lorg.jsoup.nodes.Document$OutputSettings$Syntax;                               : loaded 2 times (x 65B)
Class org.jsoup.parser.TokenQueue                                                     : loaded 2 times (x 91B)
Class com.fasterxml.jackson.core.sym.ByteQuadsCanonicalizer$TableInfo                 : loaded 2 times (x 68B)
Class com.fasterxml.jackson.core.async.NonBlockingInputFeeder                         : loaded 2 times (x 66B)
Class com.fasterxml.jackson.databind.BeanProperty                                     : loaded 2 times (x 66B)
Class com.fasterxml.jackson.core.JsonGenerator                                        : loaded 2 times (x 208B)
Class kotlin.ranges.CharRange                                                         : loaded 2 times (x 89B)
Class kotlin.UNINITIALIZED_VALUE                                                      : loaded 2 times (x 67B)
Class kotlin.jvm.internal.Ref$ObjectRef                                               : loaded 2 times (x 68B)
Class ai.grazie.nlp.patterns.Pattern$Companion                                        : loaded 2 times (x 67B)
Class org.jsoup.select.Evaluator$MatchesWholeText                                     : loaded 2 times (x 75B)
Class org.jsoup.Connection                                                            : loaded 2 times (x 66B)
Class [Lcom.fasterxml.jackson.core.TreeNode;                                          : loaded 2 times (x 65B)
Class com.fasterxml.jackson.databind.ser.impl.PropertySerializerMap$Double            : loaded 2 times (x 70B)
Class com.fasterxml.jackson.module.kotlin.ReflectionCache$BooleanTriState$False       : loaded 2 times (x 68B)
Class com.fasterxml.jackson.databind.ser.std.StdScalarSerializer                      : loaded 2 times (x 110B)
Class [Lcom.fasterxml.jackson.databind.deser.KeyDeserializers;                        : loaded 2 times (x 65B)
Class com.fasterxml.jackson.databind.introspect.ClassIntrospector$MixInResolver       : loaded 2 times (x 66B)
Class kotlin.sequences.SequencesKt__SequencesKt                                       : loaded 2 times (x 67B)
Class org.h2.mvstore.cache.CacheLongKeyLIRS$Entry                                     : loaded 2 times (x 71B)
Class kotlin.collections.SetsKt___SetsKt                                              : loaded 2 times (x 67B)
Class kotlinx.html.stream.HTMLStreamBuilder$UnsafeImpl$1                              : loaded 2 times (x 75B)
Class kotlin.ranges.RangesKt__RangesKt                                                : loaded 2 times (x 67B)
Class kotlin.comparisons.ComparisonsKt__ComparisonsKt                                 : loaded 2 times (x 67B)
Class ai.grazie.nlp.patterns.standard.StrictPatterns$IsNumber$1                       : loaded 2 times (x 74B)
Class ai.grazie.nlp.patterns.ext.AbbreviationPatterns$Russian$1$1                     : loaded 2 times (x 91B)
Class org.jsoup.parser.Token$Character                                                : loaded 2 times (x 78B)
Class org.jsoup.select.StructuralEvaluator$Not                                        : loaded 2 times (x 80B)
Class org.jsoup.select.Evaluator$Tag                                                  : loaded 2 times (x 75B)
Class com.fasterxml.jackson.databind.ser.PropertyBuilder$1                            : loaded 2 times (x 67B)
Class com.fasterxml.jackson.databind.AnnotationIntrospector$ReferenceProperty         : loaded 2 times (x 72B)
Class com.fasterxml.jackson.databind.type.TypeBindings$AsKey                          : loaded 2 times (x 68B)
Class com.fasterxml.jackson.databind.ser.std.BooleanSerializer                        : loaded 2 times (x 113B)
Class com.fasterxml.jackson.databind.exc.ValueInstantiationException                  : loaded 2 times (x 93B)
Class com.fasterxml.jackson.core.util.Separators$Spacing                              : loaded 2 times (x 75B)
Class kotlin.sequences.FilteringSequence                                              : loaded 2 times (x 71B)
Class org.h2.util.StringUtils                                                         : loaded 2 times (x 67B)
Class kotlin.text.CharsKt__CharJVMKt                                                  : loaded 2 times (x 67B)
Class kotlin.comparisons.ComparisonsKt                                                : loaded 2 times (x 67B)
Class kotlin.comparisons.ComparisonsKt___ComparisonsKt                                : loaded 2 times (x 67B)
Class org.jsoup.parser.Token$StartTag                                                 : loaded 2 times (x 77B)
Class com.fasterxml.jackson.module.kotlin.KotlinValueInstantiator                     : loaded 2 times (x 118B)
Class com.fasterxml.jackson.databind.BeanProperty$Std                                 : loaded 2 times (x 104B)
Class kotlin.UInt                                                                     : loaded 2 times (x 70B)
Class com.fasterxml.jackson.databind.deser.AbstractDeserializer                       : loaded 2 times (x 100B)
Class ai.grazie.nlp.patterns.standard.LikelyPatterns$IsGermanNumeral$1                : loaded 2 times (x 91B)
Class org.jsoup.select.Evaluator$ContainsText                                         : loaded 2 times (x 75B)
Class kotlin.text.DelimitedRangesSequence                                             : loaded 2 times (x 71B)
Class kotlinx.html.BR                                                                 : loaded 2 times (x 125B)
Class com.fasterxml.jackson.annotation.JsonTypeId                                     : loaded 2 times (x 66B)
Class com.fasterxml.jackson.databind.jsontype.DefaultBaseTypeLimitingValidator        : loaded 2 times (x 72B)
Class com.fasterxml.jackson.databind.introspect.NopAnnotationIntrospector             : loaded 2 times (x 155B)
Class org.h2.mvstore.MVStore                                                          : loaded 2 times (x 151B)
Class org.slf4j.IMarkerFactory                                                        : loaded 2 times (x 66B)
Class kotlinx.html.impl.DelegatingMap                                                 : loaded 2 times (x 108B)
Class kotlin.collections.CollectionsKt___CollectionsJvmKt                             : loaded 2 times (x 67B)
Class [Lai.grazie.nlp.langs.Language;                                                 : loaded 2 times (x 65B)
Class ai.grazie.nlp.langs.alphabet.Alphabet                                           : loaded 2 times (x 72B)
Class org.jsoup.parser.TreeBuilder                                                    : loaded 2 times (x 96B)
Class kotlin.jvm.internal.markers.KMutableIterable                                    : loaded 2 times (x 66B)
Class kotlin.jdk7.AutoCloseableKt                                                     : loaded 2 times (x 67B)
Class com.fasterxml.jackson.databind.introspect.AnnotationCollector$OneAnnotation     : loaded 2 times (x 78B)
Class com.fasterxml.jackson.databind.deser.impl.JDKValueInstantiators$TreeMapInstantiator: loaded 2 times (x 104B)
Class com.fasterxml.jackson.databind.introspect.ConcreteBeanPropertyBase              : loaded 2 times (x 102B)
Class kotlin.sequences.SequencesKt___SequencesJvmKt                                   : loaded 2 times (x 67B)
Class com.fasterxml.jackson.core.TreeCodec                                            : loaded 2 times (x 74B)
Class org.h2.mvstore.Chunk                                                            : loaded 2 times (x 83B)
Class kotlin.TuplesKt                                                                 : loaded 2 times (x 67B)
Class kotlin.time.DurationKt                                                          : loaded 2 times (x 67B)
Class ai.grazie.nlp.patterns.Pattern$afterWordBoundary$1                              : loaded 2 times (x 89B)
Class com.fasterxml.jackson.databind.deser.impl.BeanAsArrayDeserializer               : loaded 2 times (x 210B)
Class [Lcom.fasterxml.jackson.databind.deser.impl.CreatorCandidate$Param;             : loaded 2 times (x 65B)
Class [Lcom.fasterxml.jackson.databind.introspect.AnnotatedWithParams;                : loaded 2 times (x 65B)
Class com.fasterxml.jackson.databind.ser.std.MapSerializer                            : loaded 2 times (x 144B)
Class com.fasterxml.jackson.databind.ser.std.ByteBufferSerializer                     : loaded 2 times (x 111B)
Class com.fasterxml.jackson.databind.deser.std.AtomicReferenceDeserializer            : loaded 2 times (x 165B)
Class com.fasterxml.jackson.databind.introspect.AnnotatedClass                        : loaded 2 times (x 82B)
Class kotlin.ranges.RangesKt                                                          : loaded 2 times (x 67B)
Class org.jsoup.parser.Token$Doctype                                                  : loaded 2 times (x 75B)
Class org.jsoup.select.Evaluator$AttributeWithValueStarting                           : loaded 2 times (x 75B)
Class kotlin.sequences.GeneratorSequence                                              : loaded 2 times (x 71B)
Class [Lkotlin.DeprecationLevel;                                                      : loaded 2 times (x 65B)
Class com.fasterxml.jackson.databind.deser.std.NumberDeserializers$IntegerDeserializer: loaded 2 times (x 153B)
Class com.fasterxml.jackson.databind.deser.std.UUIDDeserializer                       : loaded 2 times (x 164B)
Class com.fasterxml.jackson.databind.PropertyMetadata                                 : loaded 2 times (x 85B)
Class com.fasterxml.jackson.databind.util.internal.PrivateMaxEntriesMap$WeightedValue : loaded 2 times (x 68B)
Class com.fasterxml.jackson.module.kotlin.KotlinModule$Builder$Companion              : loaded 2 times (x 67B)
Class com.fasterxml.jackson.databind.deser.impl.ErrorThrowingDeserializer             : loaded 2 times (x 94B)
Class com.fasterxml.jackson.annotation.JsonFormat$Features                            : loaded 2 times (x 71B)
Class kotlin.sequences.FlatteningSequence$iterator$1                                  : loaded 2 times (x 75B)
Class org.h2.store.fs.FileUtils                                                       : loaded 2 times (x 67B)
Class kotlinx.html.HtmlBlockInlineTag                                                 : loaded 2 times (x 66B)
Class kotlinx.html.consumers.DelayedConsumer                                          : loaded 2 times (x 80B)
Class kotlin.collections.ArraysUtilJVM                                                : loaded 2 times (x 67B)
Class org.jsoup.select.Evaluator$CssNthEvaluator                                      : loaded 2 times (x 76B)
Class org.jsoup.select.Evaluator$AttributeStarting                                    : loaded 2 times (x 75B)
Class kotlin.collections.AbstractMutableList                                          : loaded 2 times (x 202B)
Class org.h2.mvstore.Page$IncompleteNonLeaf                                           : loaded 2 times (x 104B)
Class com.fasterxml.jackson.databind.introspect.POJOPropertyBuilder$MemberIterator    : loaded 2 times (x 79B)
Class com.fasterxml.jackson.databind.ser.impl.PropertySerializerMap$Single            : loaded 2 times (x 70B)
Class com.fasterxml.jackson.databind.introspect.AnnotatedField                        : loaded 2 times (x 87B)
Class com.fasterxml.jackson.databind.deser.ResolvableDeserializer                     : loaded 2 times (x 66B)
Class com.fasterxml.jackson.databind.deser.std.ObjectArrayDeserializer                : loaded 2 times (x 165B)
Class com.fasterxml.jackson.core.util.RecyclerPool                                    : loaded 2 times (x 66B)
Class [Lcom.fasterxml.jackson.core.JsonParser$Feature;                                : loaded 2 times (x 65B)
Class com.fasterxml.jackson.databind.introspect.AccessorNamingStrategy                : loaded 2 times (x 71B)
Class org.slf4j.helpers.BasicMarkerFactory                                            : loaded 2 times (x 78B)
Class kotlin.jvm.internal.markers.KMutableIterator                                    : loaded 2 times (x 66B)
Class com.fasterxml.jackson.databind.ser.std.StdKeySerializers$StringKeySerializer    : loaded 2 times (x 110B)
Class com.fasterxml.jackson.annotation.JsonIgnoreProperties$Value                     : loaded 2 times (x 92B)
Class com.fasterxml.jackson.databind.deser.DeserializerCache                          : loaded 2 times (x 68B)
Class kotlin.KotlinNothingValueException                                              : loaded 2 times (x 78B)
Class com.fasterxml.jackson.annotation.JsonInclude$Include                            : loaded 2 times (x 75B)
Class com.fasterxml.jackson.databind.introspect.AccessorNamingStrategy$Provider       : loaded 2 times (x 70B)
Class com.fasterxml.jackson.databind.deser.BeanDeserializerFactory                    : loaded 2 times (x 154B)
Class org.h2.util.MemoryEstimator                                                     : loaded 2 times (x 67B)
Class kotlinx.html.FlowPhrasingContent                                                : loaded 2 times (x 66B)
Class org.jsoup.select.Evaluator$IsFirstChild                                         : loaded 2 times (x 74B)
Class com.fasterxml.jackson.module.kotlin.BucketGenerator$Companion                   : loaded 2 times (x 67B)
Class com.fasterxml.jackson.databind.ser.std.InetAddressSerializer                    : loaded 2 times (x 116B)
Class com.fasterxml.jackson.databind.deser.std.CollectionDeserializer                 : loaded 2 times (x 170B)
Class com.fasterxml.jackson.databind.MapperFeature                                    : loaded 2 times (x 80B)
Class com.fasterxml.jackson.databind.cfg.CoercionConfigs                              : loaded 2 times (x 75B)
Class com.fasterxml.jackson.annotation.JsonFormat                                     : loaded 2 times (x 66B)
Class kotlin.collections.MapsKt___MapsJvmKt                                           : loaded 2 times (x 67B)
Class ai.grazie.text.TextRange                                                        : loaded 2 times (x 67B)
Class ai.grazie.utils.mpp.DataLoader                                                  : loaded 2 times (x 66B)
Class [Lorg.jsoup.nodes.Document$QuirksMode;                                          : loaded 2 times (x 65B)
Class org.jsoup.select.Evaluator$Matches                                              : loaded 2 times (x 75B)
Class org.jsoup.helper.Validate                                                       : loaded 2 times (x 67B)
Class org.jsoup.nodes.Document                                                        : loaded 2 times (x 293B)
Class com.fasterxml.jackson.databind.deser.std.StdDelegatingDeserializer              : loaded 2 times (x 164B)
Class com.fasterxml.jackson.databind.deser.ValueInstantiator$Gettable                 : loaded 2 times (x 66B)
Class com.fasterxml.jackson.databind.ser.std.StdDelegatingSerializer                  : loaded 2 times (x 122B)
Class com.fasterxml.jackson.databind.jsonschema.SchemaAware                           : loaded 2 times (x 66B)
Class com.fasterxml.jackson.core.SerializableString                                   : loaded 2 times (x 66B)
Class com.fasterxml.jackson.databind.ser.impl.AttributePropertyWriter                 : loaded 2 times (x 139B)
Class kotlin.collections.EmptySet                                                     : loaded 2 times (x 118B)
Class kotlin.collections.CollectionsKt___CollectionsKt                                : loaded 2 times (x 67B)
Class kotlin.annotation.Target                                                        : loaded 2 times (x 66B)
Class org.jsoup.parser.HtmlTreeBuilderState$10                                        : loaded 2 times (x 76B)
Class com.fasterxml.jackson.databind.deser.impl.JDKValueInstantiators$LinkedListInstantiator: loaded 2 times (x 104B)
Class com.fasterxml.jackson.databind.ext.OptionalHandlerFactory                       : loaded 2 times (x 71B)
Class kotlin.jvm.JvmInline                                                            : loaded 2 times (x 66B)
Class com.fasterxml.jackson.databind.ser.std.ArraySerializerBase                      : loaded 2 times (x 122B)
Class com.fasterxml.jackson.databind.cfg.EnumFeature                                  : loaded 2 times (x 83B)
Class com.fasterxml.jackson.databind.cfg.ConfigOverride$Empty                         : loaded 2 times (x 76B)
Class com.fasterxml.jackson.databind.util.RootNameLookup                              : loaded 2 times (x 71B)
Class com.fasterxml.jackson.core.json.async.NonBlockingJsonParser                     : loaded 2 times (x 306B)
Class org.h2.message.DbException                                                      : loaded 2 times (x 83B)
Class kotlin.text.StringsKt___StringsJvmKt                                            : loaded 2 times (x 67B)
Class kotlin.annotation.Retention                                                     : loaded 2 times (x 66B)
Class ai.grazie.utils.mpp.RootStreamDataLoader                                        : loaded 2 times (x 66B)
Class org.jsoup.parser.HtmlTreeBuilderState$11                                        : loaded 2 times (x 76B)
Class org.jsoup.parser.TokeniserState$60                                              : loaded 2 times (x 76B)
Class org.jsoup.select.Evaluator$TagStartsWith                                        : loaded 2 times (x 75B)
Class com.fasterxml.jackson.module.kotlin.ReflectionCacheKt                           : loaded 2 times (x 67B)
Class com.fasterxml.jackson.databind.deser.std.StdValueInstantiator                   : loaded 2 times (x 117B)
Class [Lcom.fasterxml.jackson.databind.introspect.POJOPropertyBuilder$Linked;         : loaded 2 times (x 65B)
Class com.fasterxml.jackson.module.kotlin.KotlinSerializers                           : loaded 2 times (x 83B)
Class com.fasterxml.jackson.databind.type.TypeBindings                                : loaded 2 times (x 81B)
Class com.fasterxml.jackson.databind.introspect.VirtualAnnotatedMember                : loaded 2 times (x 89B)
Class com.fasterxml.jackson.databind.jsontype.impl.LaissezFaireSubTypeValidator       : loaded 2 times (x 70B)
Class org.h2.mvstore.SingleFileStore                                                  : loaded 2 times (x 142B)
Class kotlin.io.FilesKt                                                               : loaded 2 times (x 67B)
Class kotlin.collections.MapsKt___MapsKt                                              : loaded 2 times (x 67B)
Class kotlin.collections.ArraysKt___ArraysKt                                          : loaded 2 times (x 67B)
Class ai.grazie.nlp.patterns.standard.StrictPatterns$HasNumber$1                      : loaded 2 times (x 74B)
Class org.jsoup.parser.HtmlTreeBuilderState$12                                        : loaded 2 times (x 76B)
Class org.jsoup.parser.TokeniserState$61                                              : loaded 2 times (x 76B)
Class com.fasterxml.jackson.databind.deser.std.NumberDeserializers$CharacterDeserializer: loaded 2 times (x 154B)
Class com.fasterxml.jackson.databind.deser.impl.MergingSettableBeanProperty           : loaded 2 times (x 139B)
Class [Lcom.fasterxml.jackson.databind.introspect.Annotated;                          : loaded 2 times (x 65B)
Class com.fasterxml.jackson.databind.ser.std.StdJdkSerializers$AtomicLongSerializer   : loaded 2 times (x 111B)
Class com.fasterxml.jackson.databind.deser.std.StringArrayDeserializer                : loaded 2 times (x 156B)
Class kotlin.sequences.SequencesKt___SequencesKt$asIterable$$inlined$Iterable$1       : loaded 2 times (x 75B)
Class org.h2.mvstore.Cursor                                                           : loaded 2 times (x 76B)
Class kotlin.collections.MapsKt__MapWithDefaultKt                                     : loaded 2 times (x 67B)
Class [Lkotlin.time.DurationUnit;                                                     : loaded 2 times (x 65B)
Class org.jsoup.parser.HtmlTreeBuilderState$13                                        : loaded 2 times (x 76B)
Class org.jsoup.parser.TokeniserState$62                                              : loaded 2 times (x 76B)
Class org.jsoup.nodes.EntitiesData                                                    : loaded 2 times (x 67B)
Class org.jsoup.select.Evaluator$AttributeWithValue                                   : loaded 2 times (x 75B)
Class org.jsoup.select.Evaluator$Id                                                   : loaded 2 times (x 75B)
Class [Lkotlin.annotation.AnnotationRetention;                                        : loaded 2 times (x 65B)
Class com.fasterxml.jackson.module.kotlin.ClosedRangeMixin                            : loaded 2 times (x 75B)
Class com.fasterxml.jackson.module.kotlin.KotlinAnnotationIntrospector$Companion      : loaded 2 times (x 67B)
Class com.fasterxml.jackson.databind.deser.std.ArrayBlockingQueueDeserializer         : loaded 2 times (x 171B)
Class com.fasterxml.jackson.databind.ser.SerializerCache                              : loaded 2 times (x 68B)
Class com.fasterxml.jackson.databind.cfg.DatatypeFeatures$DefaultHolder               : loaded 2 times (x 67B)
Class [Lcom.fasterxml.jackson.databind.cfg.ConfigFeature;                             : loaded 2 times (x 65B)
Class com.fasterxml.jackson.databind.SerializationConfig                              : loaded 2 times (x 130B)
Class com.fasterxml.jackson.core.json.JsonParserBase                                  : loaded 2 times (x 257B)
Class com.fasterxml.jackson.databind.type.IdentityEqualityType                        : loaded 2 times (x 135B)
Class kotlinx.html.FlowOrInteractiveOrPhrasingContent                                 : loaded 2 times (x 66B)
Class kotlinx.html.stream.StreamKt                                                    : loaded 2 times (x 67B)
Class kotlin.text.StringsKt___StringsKt                                               : loaded 2 times (x 67B)
Class kotlin.collections.CollectionsKt__MutableCollectionsJVMKt                       : loaded 2 times (x 67B)
Class kotlin.enums.EnumEntriesKt                                                      : loaded 2 times (x 67B)
Class org.jsoup.parser.HtmlTreeBuilderState$14                                        : loaded 2 times (x 76B)
Class org.jsoup.parser.TokeniserState$63                                              : loaded 2 times (x 76B)
Class com.fasterxml.jackson.databind.deser.std.JsonLocationInstantiator               : loaded 2 times (x 104B)
Class kotlin.annotation.MustBeDocumented                                              : loaded 2 times (x 66B)
Class com.fasterxml.jackson.databind.deser.std.BaseNodeDeserializer$ContainerStack    : loaded 2 times (x 68B)
Class com.fasterxml.jackson.annotation.JsonIncludeProperties                          : loaded 2 times (x 66B)
Class com.fasterxml.jackson.databind.introspect.AnnotatedMethodCollector$MethodBuilder: loaded 2 times (x 68B)
Class com.fasterxml.jackson.databind.AnnotationIntrospector$ReferenceProperty$Type    : loaded 2 times (x 75B)
Class com.fasterxml.jackson.databind.ser.std.DateSerializer                           : loaded 2 times (x 122B)
Class com.fasterxml.jackson.databind.ser.std.CalendarSerializer                       : loaded 2 times (x 122B)
Class [Lcom.fasterxml.jackson.databind.deser.BeanDeserializerModifier;                : loaded 2 times (x 65B)
Class [Lcom.fasterxml.jackson.core.JsonGenerator$Feature;                             : loaded 2 times (x 65B)
Class com.fasterxml.jackson.databind.introspect.DefaultAccessorNamingStrategy$RecordNaming: loaded 2 times (x 76B)
Class [Lkotlin.LazyThreadSafetyMode;                                                  : loaded 2 times (x 65B)
Class org.jsoup.parser.HtmlTreeBuilderState$15                                        : loaded 2 times (x 76B)
Class org.jsoup.parser.TokeniserState$64                                              : loaded 2 times (x 76B)
Class kotlin.jvm.internal.markers.KMutableCollection                                  : loaded 2 times (x 66B)
Class com.fasterxml.jackson.module.kotlin.KotlinKeyDeserializers                      : loaded 2 times (x 71B)
Class com.fasterxml.jackson.databind.ser.impl.IteratorSerializer                      : loaded 2 times (x 128B)
Class com.fasterxml.jackson.databind.ser.impl.MapEntrySerializer                      : loaded 2 times (x 128B)
Class com.fasterxml.jackson.annotation.JsonAutoDetect$Visibility                      : loaded 2 times (x 75B)
Class kotlin.text.MatcherMatchResult$groups$1                                         : loaded 2 times (x 147B)
Class org.h2.mvstore.type.StringDataType                                              : loaded 2 times (x 111B)
Class org.h2.util.IOUtils                                                             : loaded 2 times (x 67B)
Class kotlin.coroutines.intrinsics.IntrinsicsKt                                       : loaded 2 times (x 67B)
Class kotlin.collections.EmptyMap                                                     : loaded 2 times (x 105B)
Class kotlin.jvm.internal.Intrinsics                                                  : loaded 2 times (x 67B)
Class ai.grazie.nlp.patterns.standard.LikelyPatterns$NameInitials$1                   : loaded 2 times (x 91B)
Class ai.grazie.utils.mpp.PlatformKt                                                  : loaded 2 times (x 67B)
Class ai.grazie.utils.mpp.DataLoader$Path                                             : loaded 2 times (x 68B)
Class org.jsoup.parser.HtmlTreeBuilderState$16                                        : loaded 2 times (x 76B)
Class org.jsoup.parser.TokeniserState$65                                              : loaded 2 times (x 76B)
Class com.fasterxml.jackson.databind.deser.BeanDeserializerBuilder                    : loaded 2 times (x 99B)
Class com.fasterxml.jackson.databind.deser.std.FromStringDeserializer$Std             : loaded 2 times (x 159B)
Class com.fasterxml.jackson.databind.ser.std.StdJdkSerializers$AtomicBooleanSerializer: loaded 2 times (x 111B)
Class com.fasterxml.jackson.databind.deser.std.StdKeyDeserializer$EnumKD              : loaded 2 times (x 75B)
Class com.fasterxml.jackson.databind.deser.std.MapDeserializer                        : loaded 2 times (x 174B)
Class com.fasterxml.jackson.core.json.async.NonBlockingUtf8JsonParserBase             : loaded 2 times (x 296B)
Class kotlin.sequences.SequencesKt__SequencesKt$flatten$1                             : loaded 2 times (x 74B)
Class kotlin.collections.MapsKt                                                       : loaded 2 times (x 67B)
Class kotlin.collections.CollectionsKt__IterablesKt                                   : loaded 2 times (x 67B)
Class ai.grazie.nlp.patterns.standard.LikelyPatterns$TicketName$1                     : loaded 2 times (x 91B)
Class ai.grazie.nlp.patterns.standard.LikelyPatterns$IsOrdinalNumeral$1               : loaded 2 times (x 91B)
Class org.jsoup.parser.HtmlTreeBuilderState$17                                        : loaded 2 times (x 76B)
Class org.jsoup.parser.TokeniserState$66                                              : loaded 2 times (x 76B)
Class org.jsoup.select.Evaluator$ContainsWholeOwnText                                 : loaded 2 times (x 75B)
Class org.jsoup.select.Evaluator$IsNthLastOfType                                      : loaded 2 times (x 76B)
Class com.fasterxml.jackson.annotation.JsonIgnoreType                                 : loaded 2 times (x 66B)
Class [Lcom.fasterxml.jackson.databind.cfg.ConstructorDetector$SingleArgConstructor;  : loaded 2 times (x 65B)
Class com.fasterxml.jackson.core.json.JsonWriteContext                                : loaded 2 times (x 91B)
Class com.fasterxml.jackson.databind.util.internal.PrivateMaxEntriesMap$EntrySet      : loaded 2 times (x 132B)
Class com.fasterxml.jackson.module.kotlin.KotlinModule$Builder                        : loaded 2 times (x 68B)
Class com.fasterxml.jackson.databind.deser.impl.FieldProperty                         : loaded 2 times (x 137B)
Class com.fasterxml.jackson.databind.deser.std.TokenBufferDeserializer                : loaded 2 times (x 153B)
Class com.fasterxml.jackson.databind.node.JsonNodeFactory                             : loaded 2 times (x 132B)
Class [Lcom.fasterxml.jackson.databind.cfg.JsonNodeFeature;                           : loaded 2 times (x 65B)
Class com.fasterxml.jackson.annotation.JsonFormat$Shape                               : loaded 2 times (x 75B)
Class com.fasterxml.jackson.core.json.UTF8JsonGenerator                               : loaded 2 times (x 222B)
Class com.fasterxml.jackson.databind.JavaType                                         : loaded 2 times (x 127B)
Class com.fasterxml.jackson.databind.DeserializationContext                           : loaded 2 times (x 163B)
Class com.fasterxml.jackson.databind.Module                                           : loaded 2 times (x 75B)
Class kotlin.text.Charsets                                                            : loaded 2 times (x 67B)
Class kotlin.ranges.OpenEndRange                                                      : loaded 2 times (x 66B)
Class kotlin.KotlinNullPointerException                                               : loaded 2 times (x 79B)
Class org.jsoup.parser.HtmlTreeBuilderState$18                                        : loaded 2 times (x 76B)
Class org.jsoup.parser.TokeniserState$67                                              : loaded 2 times (x 76B)
Class org.jsoup.parser.TokeniserState$30                                              : loaded 2 times (x 76B)
Class com.fasterxml.jackson.databind.deser.impl.CreatorCandidate$Param                : loaded 2 times (x 68B)
Class kotlin.UByte                                                                    : loaded 2 times (x 70B)
Class com.fasterxml.jackson.annotation.JsonAnyGetter                                  : loaded 2 times (x 66B)
Class com.fasterxml.jackson.databind.util.TypeKey                                     : loaded 2 times (x 71B)
Class com.fasterxml.jackson.databind.util.internal.PrivateMaxEntriesMap$Builder       : loaded 2 times (x 67B)
Class com.fasterxml.jackson.databind.type.MapLikeType                                 : loaded 2 times (x 144B)
Class kotlin.sequences.SequencesKt__SequencesKt$flatten$3                             : loaded 2 times (x 74B)
Class kotlin.ranges.RangesKt___RangesKt                                               : loaded 2 times (x 67B)
Class ai.grazie.nlp.patterns.standard.LikelyPatterns$PunctuationOperator$1$1          : loaded 2 times (x 91B)
Class org.jsoup.parser.HtmlTreeBuilderState$19                                        : loaded 2 times (x 76B)
Class org.jsoup.parser.TokeniserState$31                                              : loaded 2 times (x 76B)
Class org.jsoup.select.Evaluator$ContainsWholeText                                    : loaded 2 times (x 75B)
Class com.fasterxml.jackson.databind.cfg.ConstructorDetector$SingleArgConstructor     : loaded 2 times (x 75B)
Class [Lcom.fasterxml.jackson.databind.util.Annotations;                              : loaded 2 times (x 65B)
Class com.fasterxml.jackson.databind.ser.std.BooleanSerializer$AsNumber               : loaded 2 times (x 113B)
Class com.fasterxml.jackson.databind.node.ShortNode                                   : loaded 2 times (x 196B)
Class [Lcom.fasterxml.jackson.databind.cfg.DatatypeFeature;                           : loaded 2 times (x 65B)
Class [Lcom.fasterxml.jackson.databind.JavaType;                                      : loaded 2 times (x 65B)
Class com.fasterxml.jackson.databind.type.PlaceholderForType                          : loaded 2 times (x 138B)
Class org.h2.mvstore.MVMap$RewriteDecisionMaker                                       : loaded 2 times (x 72B)
Class org.h2.mvstore.cache.FilePathCache                                              : loaded 2 times (x 96B)
Class kotlin.coroutines.jvm.internal.Boxing                                           : loaded 2 times (x 67B)
Class kotlin.text.CharsKt__CharKt                                                     : loaded 2 times (x 67B)
Class kotlin.collections.ArraysKt                                                     : loaded 2 times (x 67B)
Class ai.grazie.nlp.tokenizer.sequence.CharSequenceTokenizer                          : loaded 2 times (x 66B)
Class ai.grazie.utils.mpp.FromResourcesDataLoader                                     : loaded 2 times (x 91B)
Class org.jsoup.parser.TokeniserState$32                                              : loaded 2 times (x 76B)
Class org.jsoup.parser.XmlTreeBuilder                                                 : loaded 2 times (x 112B)
Class com.fasterxml.jackson.databind.deser.std.NumberDeserializers$PrimitiveOrWrapperDeserializer: loaded 2 times (x 153B)
Class com.fasterxml.jackson.databind.node.ObjectNode                                  : loaded 2 times (x 281B)
Class com.fasterxml.jackson.databind.AnnotationIntrospector                           : loaded 2 times (x 155B)
Class org.h2.store.fs.encrypt.FileEncrypt                                             : loaded 2 times (x 127B)
Class org.slf4j.helpers.NOP_FallbackServiceProvider                                   : loaded 2 times (x 80B)
Class kotlin.collections.SetsKt__SetsKt                                               : loaded 2 times (x 67B)
Class kotlin.LazyKt                                                                   : loaded 2 times (x 67B)
Class org.jsoup.parser.TokeniserState$33                                              : loaded 2 times (x 76B)
Class [Lcom.fasterxml.jackson.databind.ser.BeanPropertyWriter;                        : loaded 2 times (x 65B)
Class com.fasterxml.jackson.databind.deser.std.BaseNodeDeserializer                   : loaded 2 times (x 159B)
Class com.fasterxml.jackson.databind.introspect.AnnotatedCreatorCollector             : loaded 2 times (x 69B)
Class com.fasterxml.jackson.databind.util.internal.PrivateMaxEntriesMap$AddTask       : loaded 2 times (x 71B)
Class com.fasterxml.jackson.databind.ser.std.StdJdkSerializers                        : loaded 2 times (x 67B)
Class com.fasterxml.jackson.databind.ser.std.NumberSerializer                         : loaded 2 times (x 115B)
Class com.fasterxml.jackson.databind.ser.std.ReferenceTypeSerializer                  : loaded 2 times (x 122B)
Class com.fasterxml.jackson.databind.PropertyName                                     : loaded 2 times (x 79B)
Class com.fasterxml.jackson.databind.deser.std.EnumSetDeserializer                    : loaded 2 times (x 163B)
Class com.fasterxml.jackson.databind.ser.impl.UnknownSerializer                       : loaded 2 times (x 111B)
Class com.fasterxml.jackson.core.Base64Variant$PaddingReadBehaviour                   : loaded 2 times (x 75B)
Class com.fasterxml.jackson.databind.util.LookupCache                                 : loaded 2 times (x 66B)
Class kotlin.collections.ArraysKt__ArraysJVMKt                                        : loaded 2 times (x 67B)
Class ai.grazie.nlp.patterns.RegexPattern                                             : loaded 2 times (x 91B)
Class org.jsoup.parser.TokeniserState$34                                              : loaded 2 times (x 76B)
Class com.fasterxml.jackson.databind.ser.impl.BeanAsArraySerializer                   : loaded 2 times (x 130B)
Class com.fasterxml.jackson.databind.deser.impl.PropertyValueBuffer                   : loaded 2 times (x 79B)
Class [Lcom.fasterxml.jackson.databind.BeanProperty;                                  : loaded 2 times (x 65B)
Class com.fasterxml.jackson.databind.deser.impl.JDKValueInstantiators$ConstantValueInstantiator: loaded 2 times (x 104B)
Class [Lcom.fasterxml.jackson.core.JsonToken;                                         : loaded 2 times (x 65B)
Class com.fasterxml.jackson.module.kotlin.ReflectionCache                             : loaded 2 times (x 68B)
Class com.fasterxml.jackson.databind.type.ClassKey                                    : loaded 2 times (x 71B)
Class com.fasterxml.jackson.databind.ser.std.NumberSerializers$IntegerSerializer      : loaded 2 times (x 115B)
Class com.fasterxml.jackson.databind.ser.impl.UnsupportedTypeSerializer               : loaded 2 times (x 110B)
Class com.fasterxml.jackson.databind.deser.BeanDeserializerModifier                   : loaded 2 times (x 78B)
Class [Lcom.fasterxml.jackson.databind.deser.Deserializers;                           : loaded 2 times (x 65B)
Class [Lcom.fasterxml.jackson.databind.MapperFeature;                                 : loaded 2 times (x 65B)
Class com.fasterxml.jackson.databind.introspect.BasicBeanDescription                  : loaded 2 times (x 119B)
Class org.h2.mvstore.MVMap$EqualsDecisionMaker                                        : loaded 2 times (x 72B)
Class kotlin.text.StringsKt__StringBuilderKt                                          : loaded 2 times (x 67B)
Class org.jsoup.parser.TokeniserState$35                                              : loaded 2 times (x 76B)
Class org.jsoup.select.CombiningEvaluator$And                                         : loaded 2 times (x 78B)
Class com.fasterxml.jackson.databind.ser.impl.PropertySerializerMap$Multi             : loaded 2 times (x 70B)
Class com.fasterxml.jackson.databind.ObjectReader                                     : loaded 2 times (x 225B)
Class com.fasterxml.jackson.databind.deser.impl.JDKValueInstantiators$HashMapInstantiator: loaded 2 times (x 104B)
Class com.fasterxml.jackson.databind.deser.std.FromStringDeserializer$StringBufferDeserializer: loaded 2 times (x 158B)
Class com.fasterxml.jackson.annotation.JacksonInject                                  : loaded 2 times (x 66B)
Class com.fasterxml.jackson.databind.AbstractTypeResolver                             : loaded 2 times (x 70B)
Class com.fasterxml.jackson.core.PrettyPrinter                                        : loaded 2 times (x 66B)
Class com.fasterxml.jackson.core.base.ParserMinimalBase                               : loaded 2 times (x 216B)
Class kotlin.TypeCastException                                                        : loaded 2 times (x 78B)
Class kotlin.NoWhenBranchMatchedException                                             : loaded 2 times (x 78B)
Class org.jsoup.select.Elements                                                       : loaded 2 times (x 271B)
Class org.jsoup.parser.Token$CData                                                    : loaded 2 times (x 78B)
Class org.jsoup.parser.TokeniserState$36                                              : loaded 2 times (x 76B)
Class com.fasterxml.jackson.databind.deser.std.NumberDeserializers$BigDecimalDeserializer: loaded 2 times (x 153B)
Class com.fasterxml.jackson.annotation.JsonCreator$Mode                               : loaded 2 times (x 75B)
Class com.fasterxml.jackson.databind.deser.std.JsonNodeDeserializer                   : loaded 2 times (x 161B)
Class [Lcom.fasterxml.jackson.module.kotlin.KotlinFeature;                            : loaded 2 times (x 65B)
Class [Lcom.fasterxml.jackson.databind.ser.Serializers;                               : loaded 2 times (x 65B)
Class com.fasterxml.jackson.databind.ser.std.AsArraySerializerBase                    : loaded 2 times (x 123B)
Class com.fasterxml.jackson.databind.ser.std.DateTimeSerializerBase                   : loaded 2 times (x 119B)
Class com.fasterxml.jackson.databind.exc.InvalidDefinitionException                   : loaded 2 times (x 95B)
Class com.fasterxml.jackson.databind.DeserializationConfig                            : loaded 2 times (x 130B)
Class com.fasterxml.jackson.databind.jsontype.impl.StdSubtypeResolver                 : loaded 2 times (x 81B)
Class org.h2.mvstore.cache.CacheLongKeyLIRS$Segment                                   : loaded 2 times (x 77B)
Class org.slf4j.helpers.SubstituteServiceProvider                                     : loaded 2 times (x 81B)
Class org.jsoup.parser.TokeniserState$37                                              : loaded 2 times (x 76B)
Class org.jsoup.nodes.Comment                                                         : loaded 2 times (x 151B)
Class com.fasterxml.jackson.databind.deser.impl.InnerClassProperty                    : loaded 2 times (x 139B)
Class com.fasterxml.jackson.databind.ser.std.JsonValueSerializer                      : loaded 2 times (x 119B)
Class com.fasterxml.jackson.databind.deser.CreatorProperty                            : loaded 2 times (x 140B)
Class com.fasterxml.jackson.databind.annotation.JsonDeserialize                       : loaded 2 times (x 66B)
Class com.fasterxml.jackson.databind.introspect.AnnotationIntrospectorPair            : loaded 2 times (x 158B)
Class org.h2.util.MathUtils                                                           : loaded 2 times (x 67B)
Class org.h2.mvstore.cache.CacheLongKeyLIRS$Config                                    : loaded 2 times (x 67B)
Class org.jsoup.parser.TokeniserState$38                                              : loaded 2 times (x 76B)
Class org.jsoup.select.Evaluator$IsRoot                                               : loaded 2 times (x 74B)
Class org.jsoup.nodes.Element$NodeList                                                : loaded 2 times (x 205B)
Class com.fasterxml.jackson.databind.ser.impl.UnwrappingBeanSerializer                : loaded 2 times (x 129B)
Class com.fasterxml.jackson.databind.deser.impl.PropertyValue$Regular                 : loaded 2 times (x 69B)
Class com.fasterxml.jackson.annotation.JsonFormat$Feature                             : loaded 2 times (x 75B)
Class com.fasterxml.jackson.databind.util.IgnorePropertiesUtil                        : loaded 2 times (x 67B)
Class com.fasterxml.jackson.module.kotlin.KotlinAnnotationIntrospector$hasRequiredMarker$hasRequired$1: loaded 2 times (x 75B)
Class com.fasterxml.jackson.databind.ser.impl.PropertyBasedObjectIdGenerator          : loaded 2 times (x 76B)
Class com.fasterxml.jackson.databind.node.BinaryNode                                  : loaded 2 times (x 196B)
Class com.fasterxml.jackson.databind.node.TextNode                                    : loaded 2 times (x 197B)
Class com.fasterxml.jackson.databind.introspect.BasicClassIntrospector                : loaded 2 times (x 93B)
Class com.fasterxml.jackson.databind.type.CollectionLikeType                          : loaded 2 times (x 141B)
Class com.fasterxml.jackson.databind.JsonMappingException                             : loaded 2 times (x 92B)
Class kotlin.jvm.internal.markers.KMappedMarker                                       : loaded 2 times (x 66B)
Class ai.grazie.nlp.tokenizer.Tokenizer$Token                                         : loaded 2 times (x 68B)
Class ai.grazie.nlp.patterns.standard.LikelyPatterns$IsGreekMetricCombination$1       : loaded 2 times (x 91B)
Class ai.grazie.nlp.patterns.AhoCorasickPattern$AhoCorasickBuilder$AutomataBuilderNode: loaded 2 times (x 68B)
Class org.jsoup.parser.TokeniserState$39                                              : loaded 2 times (x 76B)
Class com.fasterxml.jackson.databind.JsonSerializer                                   : loaded 2 times (x 84B)
Class com.fasterxml.jackson.databind.cfg.ContextAttributes                            : loaded 2 times (x 72B)
Class com.fasterxml.jackson.databind.cfg.DatatypeFeature                              : loaded 2 times (x 66B)
Class [Lcom.fasterxml.jackson.annotation.Nulls;                                       : loaded 2 times (x 65B)
Class [Lcom.fasterxml.jackson.core.Base64Variant$PaddingReadBehaviour;                : loaded 2 times (x 65B)
Class com.fasterxml.jackson.databind.introspect.VisibilityChecker                     : loaded 2 times (x 66B)
Class ai.grazie.nlp.patterns.ext.AbbreviationPatterns$CaseDotVaryingPattern           : loaded 2 times (x 90B)
Class ai.grazie.nlp.langs.alphabet.SetBasedAlphabet                                   : loaded 2 times (x 72B)
Class kotlin.properties.ObservableProperty                                            : loaded 2 times (x 79B)
Class com.fasterxml.jackson.databind.deser.impl.JDKValueInstantiators$ArrayListInstantiator: loaded 2 times (x 104B)
Class [Lcom.fasterxml.jackson.databind.AnnotationIntrospector$ReferenceProperty$Type; : loaded 2 times (x 65B)
Class com.fasterxml.jackson.databind.deser.std.MapEntryDeserializer                   : loaded 2 times (x 164B)
Class com.fasterxml.jackson.databind.JsonDeserializer                                 : loaded 2 times (x 93B)
Class com.fasterxml.jackson.databind.ser.ResolvableSerializer                         : loaded 2 times (x 66B)
Class com.fasterxml.jackson.core.json.WriterBasedJsonGenerator                        : loaded 2 times (x 223B)
Class com.fasterxml.jackson.databind.introspect.ClassIntrospector                     : loaded 2 times (x 75B)
Class org.h2.mvstore.FileStore$1                                                      : loaded 2 times (x 79B)
Class [Lorg.h2.mvstore.cache.CacheLongKeyLIRS$Segment;                                : loaded 2 times (x 65B)
Class kotlinx.html.HtmlInlineTag                                                      : loaded 2 times (x 66B)
Class kotlin.ranges.CharProgression                                                   : loaded 2 times (x 77B)
Class kotlin.coroutines.jvm.internal.SuspendFunction                                  : loaded 2 times (x 66B)
Class ai.grazie.nlp.patterns.standard.LikelyPatterns$IsIPv4$1                         : loaded 2 times (x 91B)
Class org.jsoup.nodes.Attributes                                                      : loaded 2 times (x 106B)
Class org.jsoup.nodes.XmlDeclaration                                                  : loaded 2 times (x 150B)
Class [Lcom.fasterxml.jackson.databind.JsonSerializable$Base;                         : loaded 2 times (x 65B)
Class com.fasterxml.jackson.databind.deser.std.AtomicLongDeserializer                 : loaded 2 times (x 153B)
Class com.fasterxml.jackson.core.io.ContentReference                                  : loaded 2 times (x 82B)
Class com.fasterxml.jackson.databind.ser.std.NumberSerializers$DoubleSerializer       : loaded 2 times (x 115B)
Class com.fasterxml.jackson.databind.ser.std.EnumSerializer                           : loaded 2 times (x 115B)
Class com.fasterxml.jackson.databind.ser.std.InetSocketAddressSerializer              : loaded 2 times (x 112B)
Class [Lcom.fasterxml.jackson.core.type.ResolvedType;                                 : loaded 2 times (x 65B)
Class com.fasterxml.jackson.databind.util.internal.LinkedDeque                        : loaded 2 times (x 197B)
Class com.fasterxml.jackson.core.util.ByteArrayBuilder                                : loaded 2 times (x 85B)
Class kotlin.coroutines.intrinsics.IntrinsicsKt__IntrinsicsJvmKt                      : loaded 2 times (x 67B)
Class kotlin.jvm.internal.Ref$BooleanRef                                              : loaded 2 times (x 67B)
Class org.jsoup.nodes.NodeIterator                                                    : loaded 2 times (x 80B)
Class org.jsoup.parser.Token$Comment                                                  : loaded 2 times (x 75B)
Class org.jsoup.nodes.LeafNode                                                        : loaded 2 times (x 145B)
Class com.fasterxml.jackson.databind.deser.std.FromStringDeserializer$StringBuilderDeserializer: loaded 2 times (x 158B)
Class com.fasterxml.jackson.databind.util.LinkedNode                                  : loaded 2 times (x 68B)
Class com.fasterxml.jackson.annotation.JsonIgnoreProperties                           : loaded 2 times (x 66B)
Class com.fasterxml.jackson.databind.introspect.POJOPropertyBuilder$WithMember        : loaded 2 times (x 66B)
Class com.fasterxml.jackson.annotation.JsonAnySetter                                  : loaded 2 times (x 66B)
Class com.fasterxml.jackson.databind.ser.impl.ReadOnlyClassToSerializerMap$Bucket     : loaded 2 times (x 68B)
Class com.fasterxml.jackson.databind.ObjectMapper$1                                   : loaded 2 times (x 126B)
Class com.fasterxml.jackson.databind.ser.std.StdJdkSerializers$AtomicIntegerSerializer: loaded 2 times (x 111B)
Class com.fasterxml.jackson.databind.introspect.AnnotationCollector$EmptyCollector    : loaded 2 times (x 73B)
Class com.fasterxml.jackson.databind.util.Named                                       : loaded 2 times (x 66B)
Class kotlin.collections.CollectionsKt                                                : loaded 2 times (x 67B)
Class [Lai.grazie.utils.mpp.Platform;                                                 : loaded 2 times (x 65B)
Class ai.grazie.nlp.langs.Language                                                    : loaded 2 times (x 75B)
Class org.jsoup.nodes.Document$QuirksMode                                             : loaded 2 times (x 75B)
Class com.fasterxml.jackson.databind.deser.std.NumberDeserializers$BooleanDeserializer: loaded 2 times (x 153B)
Class com.fasterxml.jackson.module.kotlin.KotlinModuleKt                              : loaded 2 times (x 67B)
Class com.fasterxml.jackson.annotation.JsonAutoDetect                                 : loaded 2 times (x 66B)
Class com.fasterxml.jackson.core.util.DefaultPrettyPrinter$Indenter                   : loaded 2 times (x 66B)
Class kotlin.time.DurationUnitKt                                                      : loaded 2 times (x 67B)
Class org.jsoup.nodes.Attribute                                                       : loaded 2 times (x 92B)
Class ai.grazie.nlp.patterns.AhoCorasickPattern                                       : loaded 2 times (x 92B)
Class ai.grazie.utils.json.JSON$Default                                               : loaded 2 times (x 68B)
Class org.jsoup.nodes.Node                                                            : loaded 2 times (x 140B)
Class org.jsoup.Jsoup                                                                 : loaded 2 times (x 67B)
Class com.fasterxml.jackson.databind.deser.impl.JDKValueInstantiators$ConcurrentHashMapInstantiator: loaded 2 times (x 104B)
Class com.fasterxml.jackson.databind.util.ArrayIterator                               : loaded 2 times (x 86B)
Class com.fasterxml.jackson.databind.ser.std.NumberSerializers$FloatSerializer        : loaded 2 times (x 115B)
Class com.fasterxml.jackson.databind.deser.Deserializers                              : loaded 2 times (x 66B)
Class com.fasterxml.jackson.databind.deser.std.ThrowableDeserializer                  : loaded 2 times (x 219B)
Class com.fasterxml.jackson.databind.cfg.CoercionInputShape                           : loaded 2 times (x 75B)
Class org.h2.mvstore.Page$NonLeaf                                                     : loaded 2 times (x 103B)
Class org.h2.mvstore.type.BasicDataType                                               : loaded 2 times (x 105B)
Class org.h2.store.fs.FileBaseDefault                                                 : loaded 2 times (x 126B)
Class kotlinx.html.FlowOrPhrasingContent                                              : loaded 2 times (x 66B)
Class ai.grazie.utils.json.JSON$Default$1                                             : loaded 2 times (x 74B)
Class [Lcom.fasterxml.jackson.databind.ser.PropertyWriter;                            : loaded 2 times (x 65B)
Class com.fasterxml.jackson.databind.deser.impl.JDKValueInstantiators$TreeSetInstantiator: loaded 2 times (x 104B)
Class com.fasterxml.jackson.databind.ser.std.TokenBufferSerializer                    : loaded 2 times (x 111B)
Class com.fasterxml.jackson.databind.KeyDeserializer                                  : loaded 2 times (x 68B)
Class com.fasterxml.jackson.databind.introspect.AnnotatedParameter                    : loaded 2 times (x 88B)
Class com.fasterxml.jackson.databind.Module$SetupContext                              : loaded 2 times (x 66B)
Class org.slf4j.helpers.BasicMDCAdapter                                               : loaded 2 times (x 91B)

---------------  S Y S T E M  ---------------

OS:
 Windows 11 , 64 bit Build 26100 (10.0.26100.7623)
OS uptime: 13 days 1:02 hours

CPU: total 8 (initial active 8) (4 cores per cpu, 2 threads per core) family 6 model 140 stepping 1 microcode 0xbc, cx8, cmov, fxsr, ht, mmx, 3dnowpref, sse, sse2, sse3, ssse3, sse4.1, sse4.2, popcnt, lzcnt, tsc, tscinvbit, avx, avx2, aes, erms, clmul, bmi1, bmi2, adx, avx512f, avx512dq, avx512cd, avx512bw, avx512vl, sha, fma, vzeroupper, avx512_vpopcntdq, avx512_vpclmulqdq, avx512_vaes, avx512_vnni, clflush, clflushopt, clwb, avx512_vbmi2, avx512_vbmi, rdtscp, rdpid, fsrm, gfni, avx512_bitalg, f16c, pku, cet_ibt, cet_ss, avx512_ifma
Processor Information for processor 0
  Max Mhz: 1805, Current Mhz: 1805, Mhz Limit: 1805
Processor Information for processor 1
  Max Mhz: 1805, Current Mhz: 1805, Mhz Limit: 1805
Processor Information for processor 2
  Max Mhz: 1805, Current Mhz: 1805, Mhz Limit: 1805
Processor Information for processor 3
  Max Mhz: 1805, Current Mhz: 1203, Mhz Limit: 1805
Processor Information for processor 4
  Max Mhz: 1805, Current Mhz: 1805, Mhz Limit: 1805
Processor Information for processor 5
  Max Mhz: 1805, Current Mhz: 1805, Mhz Limit: 1805
Processor Information for processor 6
  Max Mhz: 1805, Current Mhz: 1805, Mhz Limit: 1805
Processor Information for processor 7
  Max Mhz: 1805, Current Mhz: 1805, Mhz Limit: 1805

Memory: 4k page, system-wide physical 16110M (2922M free)
TotalPageFile size 42523M (AvailPageFile size 1973M)
current process WorkingSet (physical memory assigned to process): 1622M, peak: 2610M
current process commit charge ("private bytes"): 2756M, peak: 2775M

vm_info: OpenJDK 64-Bit Server VM (21.0.5+8-b631.28) for windows-amd64 JRE (21.0.5+8-b631.28), built on 2024-11-23 by "builduser" with MS VC++ 16.10 / 16.11 (VS2019)

END.
